--
-- PostgreSQL database dump
--

-- Dumped from database version 10.10
-- Dumped by pg_dump version 10.10

SET statement_timeout = 0;
SET lock_timeout = 0;
SET idle_in_transaction_session_timeout = 0;
SET client_encoding = 'UTF8';
SET standard_conforming_strings = on;
SELECT pg_catalog.set_config('search_path', '', false);
SET check_function_bodies = false;
SET xmloption = content;
SET client_min_messages = warning;
SET row_security = off;

--
-- Name: plpgsql; Type: EXTENSION; Schema: -; Owner: 
--

CREATE EXTENSION IF NOT EXISTS plpgsql WITH SCHEMA pg_catalog;


--
-- Name: EXTENSION plpgsql; Type: COMMENT; Schema: -; Owner: 
--

COMMENT ON EXTENSION plpgsql IS 'PL/pgSQL procedural language';


SET default_tablespace = '';

SET default_with_oids = false;

--
-- Name: app_cash_card; Type: TABLE; Schema: public; Owner: postgres
--

CREATE TABLE public.app_cash_card (
    id bigint NOT NULL,
    created timestamp with time zone,
    sum integer NOT NULL,
    shop_id bigint NOT NULL,
    user_id integer NOT NULL,
    document_id bigint
);


ALTER TABLE public.app_cash_card OWNER TO postgres;

--
-- Name: app_cash_card_id_seq; Type: SEQUENCE; Schema: public; Owner: postgres
--

CREATE SEQUENCE public.app_cash_card_id_seq
    START WITH 1
    INCREMENT BY 1
    NO MINVALUE
    NO MAXVALUE
    CACHE 1;


ALTER TABLE public.app_cash_card_id_seq OWNER TO postgres;

--
-- Name: app_cash_card_id_seq; Type: SEQUENCE OWNED BY; Schema: public; Owner: postgres
--

ALTER SEQUENCE public.app_cash_card_id_seq OWNED BY public.app_cash_card.id;


--
-- Name: app_cash_cash; Type: TABLE; Schema: public; Owner: postgres
--

CREATE TABLE public.app_cash_cash (
    id bigint NOT NULL,
    created timestamp with time zone,
    current_remainder integer NOT NULL,
    shop_id bigint NOT NULL,
    user_id integer NOT NULL,
    cash_in integer NOT NULL,
    cash_out integer NOT NULL,
    document_id bigint,
    pre_remainder integer NOT NULL,
    cash_receiver_id integer,
    cash_off_reason_id bigint,
    cash_contributor_id bigint,
    cash_in_reason_id bigint,
    cho_type_id bigint,
    sender boolean NOT NULL
);


ALTER TABLE public.app_cash_cash OWNER TO postgres;

--
-- Name: app_cash_cash_id_seq; Type: SEQUENCE; Schema: public; Owner: postgres
--

CREATE SEQUENCE public.app_cash_cash_id_seq
    START WITH 1
    INCREMENT BY 1
    NO MINVALUE
    NO MAXVALUE
    CACHE 1;


ALTER TABLE public.app_cash_cash_id_seq OWNER TO postgres;

--
-- Name: app_cash_cash_id_seq; Type: SEQUENCE OWNED BY; Schema: public; Owner: postgres
--

ALTER SEQUENCE public.app_cash_cash_id_seq OWNED BY public.app_cash_cash.id;


--
-- Name: app_cash_credit; Type: TABLE; Schema: public; Owner: postgres
--

CREATE TABLE public.app_cash_credit (
    id bigint NOT NULL,
    created timestamp with time zone,
    sum integer NOT NULL,
    shop_id bigint NOT NULL,
    user_id integer NOT NULL,
    document_id bigint
);


ALTER TABLE public.app_cash_credit OWNER TO postgres;

--
-- Name: app_cash_credit_id_seq; Type: SEQUENCE; Schema: public; Owner: postgres
--

CREATE SEQUENCE public.app_cash_credit_id_seq
    START WITH 1
    INCREMENT BY 1
    NO MINVALUE
    NO MAXVALUE
    CACHE 1;


ALTER TABLE public.app_cash_credit_id_seq OWNER TO postgres;

--
-- Name: app_cash_credit_id_seq; Type: SEQUENCE OWNED BY; Schema: public; Owner: postgres
--

ALTER SEQUENCE public.app_cash_credit_id_seq OWNED BY public.app_cash_credit.id;


--
-- Name: app_cash_paymentregister; Type: TABLE; Schema: public; Owner: postgres
--

CREATE TABLE public.app_cash_paymentregister (
    id bigint NOT NULL,
    created date NOT NULL,
    cash integer NOT NULL,
    card integer NOT NULL,
    credit integer NOT NULL,
    document_id bigint
);


ALTER TABLE public.app_cash_paymentregister OWNER TO postgres;

--
-- Name: app_cash_paymentregister_id_seq; Type: SEQUENCE; Schema: public; Owner: postgres
--

CREATE SEQUENCE public.app_cash_paymentregister_id_seq
    START WITH 1
    INCREMENT BY 1
    NO MINVALUE
    NO MAXVALUE
    CACHE 1;


ALTER TABLE public.app_cash_paymentregister_id_seq OWNER TO postgres;

--
-- Name: app_cash_paymentregister_id_seq; Type: SEQUENCE OWNED BY; Schema: public; Owner: postgres
--

ALTER SEQUENCE public.app_cash_paymentregister_id_seq OWNED BY public.app_cash_paymentregister.id;


--
-- Name: app_cashback_cashback; Type: TABLE; Schema: public; Owner: postgres
--

CREATE TABLE public.app_cashback_cashback (
    id bigint NOT NULL,
    size numeric(3,2) NOT NULL,
    category_id bigint NOT NULL
);


ALTER TABLE public.app_cashback_cashback OWNER TO postgres;

--
-- Name: app_cashback_cashback_id_seq; Type: SEQUENCE; Schema: public; Owner: postgres
--

CREATE SEQUENCE public.app_cashback_cashback_id_seq
    START WITH 1
    INCREMENT BY 1
    NO MINVALUE
    NO MAXVALUE
    CACHE 1;


ALTER TABLE public.app_cashback_cashback_id_seq OWNER TO postgres;

--
-- Name: app_cashback_cashback_id_seq; Type: SEQUENCE OWNED BY; Schema: public; Owner: postgres
--

ALTER SEQUENCE public.app_cashback_cashback_id_seq OWNED BY public.app_cashback_cashback.id;


--
-- Name: app_clients_customer; Type: TABLE; Schema: public; Owner: postgres
--

CREATE TABLE public.app_clients_customer (
    id bigint NOT NULL,
    f_name character varying(50) NOT NULL,
    l_name character varying(50) NOT NULL,
    phone character varying(50) NOT NULL,
    created date NOT NULL,
    bar_code character varying(50) NOT NULL,
    accum_cashback integer NOT NULL,
    user_id integer NOT NULL
);


ALTER TABLE public.app_clients_customer OWNER TO postgres;

--
-- Name: app_clients_client_id_seq; Type: SEQUENCE; Schema: public; Owner: postgres
--

CREATE SEQUENCE public.app_clients_client_id_seq
    START WITH 1
    INCREMENT BY 1
    NO MINVALUE
    NO MAXVALUE
    CACHE 1;


ALTER TABLE public.app_clients_client_id_seq OWNER TO postgres;

--
-- Name: app_clients_client_id_seq; Type: SEQUENCE OWNED BY; Schema: public; Owner: postgres
--

ALTER SEQUENCE public.app_clients_client_id_seq OWNED BY public.app_clients_customer.id;


--
-- Name: app_error_errorlog; Type: TABLE; Schema: public; Owner: postgres
--

CREATE TABLE public.app_error_errorlog (
    id bigint NOT NULL,
    created timestamp with time zone NOT NULL,
    definition character varying(100) NOT NULL,
    user_id integer NOT NULL
);


ALTER TABLE public.app_error_errorlog OWNER TO postgres;

--
-- Name: app_error_errorlog_id_seq; Type: SEQUENCE; Schema: public; Owner: postgres
--

CREATE SEQUENCE public.app_error_errorlog_id_seq
    START WITH 1
    INCREMENT BY 1
    NO MINVALUE
    NO MAXVALUE
    CACHE 1;


ALTER TABLE public.app_error_errorlog_id_seq OWNER TO postgres;

--
-- Name: app_error_errorlog_id_seq; Type: SEQUENCE OWNED BY; Schema: public; Owner: postgres
--

ALTER SEQUENCE public.app_error_errorlog_id_seq OWNED BY public.app_error_errorlog.id;


--
-- Name: app_personnel_bonusaccount; Type: TABLE; Schema: public; Owner: postgres
--

CREATE TABLE public.app_personnel_bonusaccount (
    id bigint NOT NULL,
    user_id integer NOT NULL,
    acces integer NOT NULL,
    esset integer NOT NULL,
    insurance integer NOT NULL,
    modems integer NOT NULL,
    phones integer NOT NULL,
    service integer NOT NULL,
    sims integer NOT NULL,
    wink integer NOT NULL,
    smarts integer NOT NULL,
    other integer NOT NULL
);


ALTER TABLE public.app_personnel_bonusaccount OWNER TO postgres;

--
-- Name: app_personnel_bonusaccount_id_seq; Type: SEQUENCE; Schema: public; Owner: postgres
--

CREATE SEQUENCE public.app_personnel_bonusaccount_id_seq
    START WITH 1
    INCREMENT BY 1
    NO MINVALUE
    NO MAXVALUE
    CACHE 1;


ALTER TABLE public.app_personnel_bonusaccount_id_seq OWNER TO postgres;

--
-- Name: app_personnel_bonusaccount_id_seq; Type: SEQUENCE OWNED BY; Schema: public; Owner: postgres
--

ALTER SEQUENCE public.app_personnel_bonusaccount_id_seq OWNED BY public.app_personnel_bonusaccount.id;


--
-- Name: app_personnel_salary; Type: TABLE; Schema: public; Owner: postgres
--

CREATE TABLE public.app_personnel_salary (
    id bigint NOT NULL,
    created timestamp with time zone,
    paid integer NOT NULL,
    user_id integer NOT NULL
);


ALTER TABLE public.app_personnel_salary OWNER TO postgres;

--
-- Name: app_personnel_salary_id_seq; Type: SEQUENCE; Schema: public; Owner: postgres
--

CREATE SEQUENCE public.app_personnel_salary_id_seq
    START WITH 1
    INCREMENT BY 1
    NO MINVALUE
    NO MAXVALUE
    CACHE 1;


ALTER TABLE public.app_personnel_salary_id_seq OWNER TO postgres;

--
-- Name: app_personnel_salary_id_seq; Type: SEQUENCE OWNED BY; Schema: public; Owner: postgres
--

ALTER SEQUENCE public.app_personnel_salary_id_seq OWNED BY public.app_personnel_salary.id;


--
-- Name: app_product_avprice; Type: TABLE; Schema: public; Owner: postgres
--

CREATE TABLE public.app_product_avprice (
    id bigint NOT NULL,
    updated timestamp with time zone NOT NULL,
    imei character varying(250) NOT NULL,
    name character varying(250),
    current_remainder integer NOT NULL,
    av_price integer,
    sum integer
);


ALTER TABLE public.app_product_avprice OWNER TO postgres;

--
-- Name: app_product_avprice_id_seq; Type: SEQUENCE; Schema: public; Owner: postgres
--

CREATE SEQUENCE public.app_product_avprice_id_seq
    START WITH 1
    INCREMENT BY 1
    NO MINVALUE
    NO MAXVALUE
    CACHE 1;


ALTER TABLE public.app_product_avprice_id_seq OWNER TO postgres;

--
-- Name: app_product_avprice_id_seq; Type: SEQUENCE OWNED BY; Schema: public; Owner: postgres
--

ALTER SEQUENCE public.app_product_avprice_id_seq OWNED BY public.app_product_avprice.id;


--
-- Name: app_product_cashoff; Type: TABLE; Schema: public; Owner: postgres
--

CREATE TABLE public.app_product_cashoff (
    id bigint NOT NULL,
    created timestamp with time zone,
    date timestamp with time zone NOT NULL,
    sub_total numeric(8,2) NOT NULL,
    shop_id bigint NOT NULL,
    user_id integer
);


ALTER TABLE public.app_product_cashoff OWNER TO postgres;

--
-- Name: app_product_cashoff_id_seq; Type: SEQUENCE; Schema: public; Owner: postgres
--

CREATE SEQUENCE public.app_product_cashoff_id_seq
    START WITH 1
    INCREMENT BY 1
    NO MINVALUE
    NO MAXVALUE
    CACHE 1;


ALTER TABLE public.app_product_cashoff_id_seq OWNER TO postgres;

--
-- Name: app_product_cashoff_id_seq; Type: SEQUENCE OWNED BY; Schema: public; Owner: postgres
--

ALTER SEQUENCE public.app_product_cashoff_id_seq OWNED BY public.app_product_cashoff.id;


--
-- Name: app_product_document; Type: TABLE; Schema: public; Owner: postgres
--

CREATE TABLE public.app_product_document (
    id bigint NOT NULL,
    title_id bigint,
    user_id integer NOT NULL,
    sum integer,
    created timestamp with time zone,
    posted boolean NOT NULL,
    identifier_id bigint,
    base_doc integer,
    cashback_off integer NOT NULL,
    sum_minus_cashback integer,
    client_id bigint,
    supplier_id bigint,
    shop_receiver_id bigint,
    shop_sender_id bigint
);


ALTER TABLE public.app_product_document OWNER TO postgres;

--
-- Name: app_product_document_id_seq; Type: SEQUENCE; Schema: public; Owner: postgres
--

CREATE SEQUENCE public.app_product_document_id_seq
    START WITH 1
    INCREMENT BY 1
    NO MINVALUE
    NO MAXVALUE
    CACHE 1;


ALTER TABLE public.app_product_document_id_seq OWNER TO postgres;

--
-- Name: app_product_document_id_seq; Type: SEQUENCE OWNED BY; Schema: public; Owner: postgres
--

ALTER SEQUENCE public.app_product_document_id_seq OWNED BY public.app_product_document.id;


--
-- Name: app_product_identifier; Type: TABLE; Schema: public; Owner: postgres
--

CREATE TABLE public.app_product_identifier (
    id bigint NOT NULL,
    created timestamp with time zone
);


ALTER TABLE public.app_product_identifier OWNER TO postgres;

--
-- Name: app_product_identifier_id_seq; Type: SEQUENCE; Schema: public; Owner: postgres
--

CREATE SEQUENCE public.app_product_identifier_id_seq
    START WITH 1
    INCREMENT BY 1
    NO MINVALUE
    NO MAXVALUE
    CACHE 1;


ALTER TABLE public.app_product_identifier_id_seq OWNER TO postgres;

--
-- Name: app_product_identifier_id_seq; Type: SEQUENCE OWNED BY; Schema: public; Owner: postgres
--

ALTER SEQUENCE public.app_product_identifier_id_seq OWNED BY public.app_product_identifier.id;


--
-- Name: app_product_register; Type: TABLE; Schema: public; Owner: postgres
--

CREATE TABLE public.app_product_register (
    id bigint NOT NULL,
    price integer NOT NULL,
    sub_total bigint NOT NULL,
    product_id bigint,
    identifier_id bigint,
    quantity integer NOT NULL,
    shop_id bigint,
    created timestamp with time zone,
    number integer,
    document_id bigint,
    supplier_id bigint,
    new boolean NOT NULL,
    deleted boolean NOT NULL,
    contributor_id bigint,
    voucher_id bigint,
    expense_id bigint,
    cash_receiver_id integer,
    current_price integer,
    imei character varying(250),
    name character varying(250),
    doc_type_id bigint,
    real_quantity integer
);


ALTER TABLE public.app_product_register OWNER TO postgres;

--
-- Name: app_product_register_id_seq; Type: SEQUENCE; Schema: public; Owner: postgres
--

CREATE SEQUENCE public.app_product_register_id_seq
    START WITH 1
    INCREMENT BY 1
    NO MINVALUE
    NO MAXVALUE
    CACHE 1;


ALTER TABLE public.app_product_register_id_seq OWNER TO postgres;

--
-- Name: app_product_register_id_seq; Type: SEQUENCE OWNED BY; Schema: public; Owner: postgres
--

ALTER SEQUENCE public.app_product_register_id_seq OWNED BY public.app_product_register.id;


--
-- Name: app_product_remainderhistory; Type: TABLE; Schema: public; Owner: postgres
--

CREATE TABLE public.app_product_remainderhistory (
    id bigint NOT NULL,
    name character varying(250) NOT NULL,
    imei character varying(250) NOT NULL,
    sub_total integer NOT NULL,
    av_price integer,
    current_remainder bigint NOT NULL,
    retail_price integer NOT NULL,
    category_id bigint,
    shop_id bigint NOT NULL,
    document_id bigint,
    incoming_quantity integer,
    outgoing_quantity integer,
    pre_remainder integer NOT NULL,
    update_check boolean NOT NULL,
    created timestamp with time zone,
    wholesale_price integer,
    supplier_id bigint,
    rho_type_id bigint,
    product_id_id bigint,
    user_id integer,
    status boolean NOT NULL,
    inventory_doc_id bigint,
    number integer,
    cash_back_awarded integer
);


ALTER TABLE public.app_product_remainderhistory OWNER TO postgres;

--
-- Name: app_product_remainder_id_seq; Type: SEQUENCE; Schema: public; Owner: postgres
--

CREATE SEQUENCE public.app_product_remainder_id_seq
    START WITH 1
    INCREMENT BY 1
    NO MINVALUE
    NO MAXVALUE
    CACHE 1;


ALTER TABLE public.app_product_remainder_id_seq OWNER TO postgres;

--
-- Name: app_product_remainder_id_seq; Type: SEQUENCE OWNED BY; Schema: public; Owner: postgres
--

ALTER SEQUENCE public.app_product_remainder_id_seq OWNED BY public.app_product_remainderhistory.id;


--
-- Name: app_product_remaindercurrent; Type: TABLE; Schema: public; Owner: postgres
--

CREATE TABLE public.app_product_remaindercurrent (
    id bigint NOT NULL,
    updated timestamp with time zone NOT NULL,
    imei character varying(250) NOT NULL,
    current_remainder integer NOT NULL,
    shop_id bigint NOT NULL,
    retail_price integer,
    name character varying(250),
    category_id bigint
);


ALTER TABLE public.app_product_remaindercurrent OWNER TO postgres;

--
-- Name: app_product_remaindercurrent_id_seq; Type: SEQUENCE; Schema: public; Owner: postgres
--

CREATE SEQUENCE public.app_product_remaindercurrent_id_seq
    START WITH 1
    INCREMENT BY 1
    NO MINVALUE
    NO MAXVALUE
    CACHE 1;


ALTER TABLE public.app_product_remaindercurrent_id_seq OWNER TO postgres;

--
-- Name: app_product_remaindercurrent_id_seq; Type: SEQUENCE OWNED BY; Schema: public; Owner: postgres
--

ALTER SEQUENCE public.app_product_remaindercurrent_id_seq OWNED BY public.app_product_remaindercurrent.id;


--
-- Name: app_product_revaluation; Type: TABLE; Schema: public; Owner: postgres
--

CREATE TABLE public.app_product_revaluation (
    id bigint NOT NULL,
    created timestamp with time zone,
    name character varying(250) NOT NULL,
    imei character varying(250) NOT NULL,
    price_current integer NOT NULL,
    price_new integer NOT NULL,
    document_id bigint NOT NULL,
    identifier_id bigint,
    shop_id bigint NOT NULL,
    user_id integer
);


ALTER TABLE public.app_product_revaluation OWNER TO postgres;

--
-- Name: app_product_revaluation_id_seq; Type: SEQUENCE; Schema: public; Owner: postgres
--

CREATE SEQUENCE public.app_product_revaluation_id_seq
    START WITH 1
    INCREMENT BY 1
    NO MINVALUE
    NO MAXVALUE
    CACHE 1;


ALTER TABLE public.app_product_revaluation_id_seq OWNER TO postgres;

--
-- Name: app_product_revaluation_id_seq; Type: SEQUENCE OWNED BY; Schema: public; Owner: postgres
--

ALTER SEQUENCE public.app_product_revaluation_id_seq OWNED BY public.app_product_revaluation.id;


--
-- Name: app_reference_contributor; Type: TABLE; Schema: public; Owner: postgres
--

CREATE TABLE public.app_reference_contributor (
    id bigint NOT NULL,
    name character varying(250) NOT NULL
);


ALTER TABLE public.app_reference_contributor OWNER TO postgres;

--
-- Name: app_reference_contributor_id_seq; Type: SEQUENCE; Schema: public; Owner: postgres
--

CREATE SEQUENCE public.app_reference_contributor_id_seq
    START WITH 1
    INCREMENT BY 1
    NO MINVALUE
    NO MAXVALUE
    CACHE 1;


ALTER TABLE public.app_reference_contributor_id_seq OWNER TO postgres;

--
-- Name: app_reference_contributor_id_seq; Type: SEQUENCE OWNED BY; Schema: public; Owner: postgres
--

ALTER SEQUENCE public.app_reference_contributor_id_seq OWNED BY public.app_reference_contributor.id;


--
-- Name: app_reference_documenttype; Type: TABLE; Schema: public; Owner: postgres
--

CREATE TABLE public.app_reference_documenttype (
    id bigint NOT NULL,
    name character varying(250) NOT NULL
);


ALTER TABLE public.app_reference_documenttype OWNER TO postgres;

--
-- Name: app_reference_documenttype_id_seq; Type: SEQUENCE; Schema: public; Owner: postgres
--

CREATE SEQUENCE public.app_reference_documenttype_id_seq
    START WITH 1
    INCREMENT BY 1
    NO MINVALUE
    NO MAXVALUE
    CACHE 1;


ALTER TABLE public.app_reference_documenttype_id_seq OWNER TO postgres;

--
-- Name: app_reference_documenttype_id_seq; Type: SEQUENCE OWNED BY; Schema: public; Owner: postgres
--

ALTER SEQUENCE public.app_reference_documenttype_id_seq OWNED BY public.app_reference_documenttype.id;


--
-- Name: app_reference_expense; Type: TABLE; Schema: public; Owner: postgres
--

CREATE TABLE public.app_reference_expense (
    id bigint NOT NULL,
    name character varying(50)
);


ALTER TABLE public.app_reference_expense OWNER TO postgres;

--
-- Name: app_reference_expense_id_seq; Type: SEQUENCE; Schema: public; Owner: postgres
--

CREATE SEQUENCE public.app_reference_expense_id_seq
    START WITH 1
    INCREMENT BY 1
    NO MINVALUE
    NO MAXVALUE
    CACHE 1;


ALTER TABLE public.app_reference_expense_id_seq OWNER TO postgres;

--
-- Name: app_reference_expense_id_seq; Type: SEQUENCE OWNED BY; Schema: public; Owner: postgres
--

ALTER SEQUENCE public.app_reference_expense_id_seq OWNED BY public.app_reference_expense.id;


--
-- Name: app_reference_product; Type: TABLE; Schema: public; Owner: postgres
--

CREATE TABLE public.app_reference_product (
    id bigint NOT NULL,
    name character varying(50) NOT NULL,
    imei character varying(50) NOT NULL,
    category_id bigint NOT NULL,
    created timestamp with time zone NOT NULL
);


ALTER TABLE public.app_reference_product OWNER TO postgres;

--
-- Name: app_reference_product_id_seq; Type: SEQUENCE; Schema: public; Owner: postgres
--

CREATE SEQUENCE public.app_reference_product_id_seq
    START WITH 1
    INCREMENT BY 1
    NO MINVALUE
    NO MAXVALUE
    CACHE 1;


ALTER TABLE public.app_reference_product_id_seq OWNER TO postgres;

--
-- Name: app_reference_product_id_seq; Type: SEQUENCE OWNED BY; Schema: public; Owner: postgres
--

ALTER SEQUENCE public.app_reference_product_id_seq OWNED BY public.app_reference_product.id;


--
-- Name: app_reference_productcategory; Type: TABLE; Schema: public; Owner: postgres
--

CREATE TABLE public.app_reference_productcategory (
    id bigint NOT NULL,
    name character varying(250) NOT NULL,
    bonus_percent numeric(3,2) NOT NULL
);


ALTER TABLE public.app_reference_productcategory OWNER TO postgres;

--
-- Name: app_reference_productcategory_id_seq; Type: SEQUENCE; Schema: public; Owner: postgres
--

CREATE SEQUENCE public.app_reference_productcategory_id_seq
    START WITH 1
    INCREMENT BY 1
    NO MINVALUE
    NO MAXVALUE
    CACHE 1;


ALTER TABLE public.app_reference_productcategory_id_seq OWNER TO postgres;

--
-- Name: app_reference_productcategory_id_seq; Type: SEQUENCE OWNED BY; Schema: public; Owner: postgres
--

ALTER SEQUENCE public.app_reference_productcategory_id_seq OWNED BY public.app_reference_productcategory.id;


--
-- Name: app_reference_shop; Type: TABLE; Schema: public; Owner: postgres
--

CREATE TABLE public.app_reference_shop (
    id bigint NOT NULL,
    name character varying(50) NOT NULL,
    sale_k integer NOT NULL,
    retail boolean NOT NULL
);


ALTER TABLE public.app_reference_shop OWNER TO postgres;

--
-- Name: app_reference_shop_id_seq; Type: SEQUENCE; Schema: public; Owner: postgres
--

CREATE SEQUENCE public.app_reference_shop_id_seq
    START WITH 1
    INCREMENT BY 1
    NO MINVALUE
    NO MAXVALUE
    CACHE 1;


ALTER TABLE public.app_reference_shop_id_seq OWNER TO postgres;

--
-- Name: app_reference_shop_id_seq; Type: SEQUENCE OWNED BY; Schema: public; Owner: postgres
--

ALTER SEQUENCE public.app_reference_shop_id_seq OWNED BY public.app_reference_shop.id;


--
-- Name: app_reference_supplier; Type: TABLE; Schema: public; Owner: postgres
--

CREATE TABLE public.app_reference_supplier (
    id bigint NOT NULL,
    name character varying(50) NOT NULL
);


ALTER TABLE public.app_reference_supplier OWNER TO postgres;

--
-- Name: app_reference_supplier_id_seq; Type: SEQUENCE; Schema: public; Owner: postgres
--

CREATE SEQUENCE public.app_reference_supplier_id_seq
    START WITH 1
    INCREMENT BY 1
    NO MINVALUE
    NO MAXVALUE
    CACHE 1;


ALTER TABLE public.app_reference_supplier_id_seq OWNER TO postgres;

--
-- Name: app_reference_supplier_id_seq; Type: SEQUENCE OWNED BY; Schema: public; Owner: postgres
--

ALTER SEQUENCE public.app_reference_supplier_id_seq OWNED BY public.app_reference_supplier.id;


--
-- Name: app_reference_voucher; Type: TABLE; Schema: public; Owner: postgres
--

CREATE TABLE public.app_reference_voucher (
    id bigint NOT NULL,
    name character varying(50)
);


ALTER TABLE public.app_reference_voucher OWNER TO postgres;

--
-- Name: app_reference_voucher_id_seq; Type: SEQUENCE; Schema: public; Owner: postgres
--

CREATE SEQUENCE public.app_reference_voucher_id_seq
    START WITH 1
    INCREMENT BY 1
    NO MINVALUE
    NO MAXVALUE
    CACHE 1;


ALTER TABLE public.app_reference_voucher_id_seq OWNER TO postgres;

--
-- Name: app_reference_voucher_id_seq; Type: SEQUENCE OWNED BY; Schema: public; Owner: postgres
--

ALTER SEQUENCE public.app_reference_voucher_id_seq OWNED BY public.app_reference_voucher.id;


--
-- Name: app_reports_dailysalerep; Type: TABLE; Schema: public; Owner: postgres
--

CREATE TABLE public.app_reports_dailysalerep (
    id bigint NOT NULL,
    report_id_id bigint,
    accessories integer,
    card integer,
    cash_move integer,
    credit integer,
    expenses integer,
    final_balance integer,
    "insuranсе" integer,
    iphone integer,
    opening_balance integer,
    phones integer,
    return_sum integer,
    salary integer,
    services integer,
    sim_cards integer,
    smartphones integer,
    wink integer,
    created character varying(50),
    pay_cards integer,
    shop character varying(50),
    net_sales integer
);


ALTER TABLE public.app_reports_dailysalerep OWNER TO postgres;

--
-- Name: app_reports_dailysalerep_id_seq; Type: SEQUENCE; Schema: public; Owner: postgres
--

CREATE SEQUENCE public.app_reports_dailysalerep_id_seq
    START WITH 1
    INCREMENT BY 1
    NO MINVALUE
    NO MAXVALUE
    CACHE 1;


ALTER TABLE public.app_reports_dailysalerep_id_seq OWNER TO postgres;

--
-- Name: app_reports_dailysalerep_id_seq; Type: SEQUENCE OWNED BY; Schema: public; Owner: postgres
--

ALTER SEQUENCE public.app_reports_dailysalerep_id_seq OWNED BY public.app_reports_dailysalerep.id;


--
-- Name: app_reports_monthlybonus; Type: TABLE; Schema: public; Owner: postgres
--

CREATE TABLE public.app_reports_monthlybonus (
    id bigint NOT NULL,
    smarphones integer,
    accessories integer,
    sim_cards integer,
    phones integer,
    iphone integer,
    "insuranсе" integer,
    wink integer,
    services integer,
    sub_total integer,
    credit integer,
    user_name character varying(50)
);


ALTER TABLE public.app_reports_monthlybonus OWNER TO postgres;

--
-- Name: app_reports_monthlybonus_id_seq; Type: SEQUENCE; Schema: public; Owner: postgres
--

CREATE SEQUENCE public.app_reports_monthlybonus_id_seq
    START WITH 1
    INCREMENT BY 1
    NO MINVALUE
    NO MAXVALUE
    CACHE 1;


ALTER TABLE public.app_reports_monthlybonus_id_seq OWNER TO postgres;

--
-- Name: app_reports_monthlybonus_id_seq; Type: SEQUENCE OWNED BY; Schema: public; Owner: postgres
--

ALTER SEQUENCE public.app_reports_monthlybonus_id_seq OWNED BY public.app_reports_monthlybonus.id;


--
-- Name: app_reports_paycardreport; Type: TABLE; Schema: public; Owner: postgres
--

CREATE TABLE public.app_reports_paycardreport (
    id bigint NOT NULL,
    shop character varying(50),
    product character varying(50),
    pre_remainder integer NOT NULL,
    incoming_quantity integer NOT NULL,
    outgoing_quantity integer NOT NULL,
    current_remainder integer NOT NULL,
    report_id_id bigint,
    created character varying(50)
);


ALTER TABLE public.app_reports_paycardreport OWNER TO postgres;

--
-- Name: app_reports_paycardreport_id_seq; Type: SEQUENCE; Schema: public; Owner: postgres
--

CREATE SEQUENCE public.app_reports_paycardreport_id_seq
    START WITH 1
    INCREMENT BY 1
    NO MINVALUE
    NO MAXVALUE
    CACHE 1;


ALTER TABLE public.app_reports_paycardreport_id_seq OWNER TO postgres;

--
-- Name: app_reports_paycardreport_id_seq; Type: SEQUENCE OWNED BY; Schema: public; Owner: postgres
--

ALTER SEQUENCE public.app_reports_paycardreport_id_seq OWNED BY public.app_reports_paycardreport.id;


--
-- Name: app_reports_producthistory; Type: TABLE; Schema: public; Owner: postgres
--

CREATE TABLE public.app_reports_producthistory (
    id bigint NOT NULL,
    name character varying(50) NOT NULL,
    imei character varying(50) NOT NULL,
    category_id bigint,
    supplier_id bigint,
    document character varying(50) NOT NULL,
    shop character varying(50),
    quantity_in integer,
    quantity_out integer,
    document_id character varying(50) NOT NULL
);


ALTER TABLE public.app_reports_producthistory OWNER TO postgres;

--
-- Name: app_reports_producthistory_id_seq; Type: SEQUENCE; Schema: public; Owner: postgres
--

CREATE SEQUENCE public.app_reports_producthistory_id_seq
    START WITH 1
    INCREMENT BY 1
    NO MINVALUE
    NO MAXVALUE
    CACHE 1;


ALTER TABLE public.app_reports_producthistory_id_seq OWNER TO postgres;

--
-- Name: app_reports_producthistory_id_seq; Type: SEQUENCE OWNED BY; Schema: public; Owner: postgres
--

ALTER SEQUENCE public.app_reports_producthistory_id_seq OWNED BY public.app_reports_producthistory.id;


--
-- Name: app_reports_reporttemp; Type: TABLE; Schema: public; Owner: postgres
--

CREATE TABLE public.app_reports_reporttemp (
    id bigint NOT NULL,
    end_remainder integer,
    imei character varying(50),
    initial_remainder integer,
    name character varying(50),
    quantity_in integer,
    quantity_out integer,
    report_id_id bigint,
    existance_check boolean NOT NULL
);


ALTER TABLE public.app_reports_reporttemp OWNER TO postgres;

--
-- Name: app_reports_reporttemp_id_seq; Type: SEQUENCE; Schema: public; Owner: postgres
--

CREATE SEQUENCE public.app_reports_reporttemp_id_seq
    START WITH 1
    INCREMENT BY 1
    NO MINVALUE
    NO MAXVALUE
    CACHE 1;


ALTER TABLE public.app_reports_reporttemp_id_seq OWNER TO postgres;

--
-- Name: app_reports_reporttemp_id_seq; Type: SEQUENCE OWNED BY; Schema: public; Owner: postgres
--

ALTER SEQUENCE public.app_reports_reporttemp_id_seq OWNED BY public.app_reports_reporttemp.id;


--
-- Name: app_reports_reporttempid; Type: TABLE; Schema: public; Owner: postgres
--

CREATE TABLE public.app_reports_reporttempid (
    id bigint NOT NULL,
    created timestamp with time zone,
    existance_check boolean NOT NULL
);


ALTER TABLE public.app_reports_reporttempid OWNER TO postgres;

--
-- Name: app_reports_reporttempid_id_seq; Type: SEQUENCE; Schema: public; Owner: postgres
--

CREATE SEQUENCE public.app_reports_reporttempid_id_seq
    START WITH 1
    INCREMENT BY 1
    NO MINVALUE
    NO MAXVALUE
    CACHE 1;


ALTER TABLE public.app_reports_reporttempid_id_seq OWNER TO postgres;

--
-- Name: app_reports_reporttempid_id_seq; Type: SEQUENCE OWNED BY; Schema: public; Owner: postgres
--

ALTER SEQUENCE public.app_reports_reporttempid_id_seq OWNED BY public.app_reports_reporttempid.id;


--
-- Name: app_reports_salereport; Type: TABLE; Schema: public; Owner: postgres
--

CREATE TABLE public.app_reports_salereport (
    id bigint NOT NULL,
    av_sum integer NOT NULL,
    quantity integer NOT NULL,
    retail_sum integer NOT NULL,
    product character varying(50),
    report_id_id bigint,
    margin integer NOT NULL
);


ALTER TABLE public.app_reports_salereport OWNER TO postgres;

--
-- Name: app_reports_saleregort_id_seq; Type: SEQUENCE; Schema: public; Owner: postgres
--

CREATE SEQUENCE public.app_reports_saleregort_id_seq
    START WITH 1
    INCREMENT BY 1
    NO MINVALUE
    NO MAXVALUE
    CACHE 1;


ALTER TABLE public.app_reports_saleregort_id_seq OWNER TO postgres;

--
-- Name: app_reports_saleregort_id_seq; Type: SEQUENCE OWNED BY; Schema: public; Owner: postgres
--

ALTER SEQUENCE public.app_reports_saleregort_id_seq OWNED BY public.app_reports_salereport.id;


--
-- Name: auth_group; Type: TABLE; Schema: public; Owner: postgres
--

CREATE TABLE public.auth_group (
    id integer NOT NULL,
    name character varying(150) NOT NULL
);


ALTER TABLE public.auth_group OWNER TO postgres;

--
-- Name: auth_group_id_seq; Type: SEQUENCE; Schema: public; Owner: postgres
--

CREATE SEQUENCE public.auth_group_id_seq
    AS integer
    START WITH 1
    INCREMENT BY 1
    NO MINVALUE
    NO MAXVALUE
    CACHE 1;


ALTER TABLE public.auth_group_id_seq OWNER TO postgres;

--
-- Name: auth_group_id_seq; Type: SEQUENCE OWNED BY; Schema: public; Owner: postgres
--

ALTER SEQUENCE public.auth_group_id_seq OWNED BY public.auth_group.id;


--
-- Name: auth_group_permissions; Type: TABLE; Schema: public; Owner: postgres
--

CREATE TABLE public.auth_group_permissions (
    id bigint NOT NULL,
    group_id integer NOT NULL,
    permission_id integer NOT NULL
);


ALTER TABLE public.auth_group_permissions OWNER TO postgres;

--
-- Name: auth_group_permissions_id_seq; Type: SEQUENCE; Schema: public; Owner: postgres
--

CREATE SEQUENCE public.auth_group_permissions_id_seq
    START WITH 1
    INCREMENT BY 1
    NO MINVALUE
    NO MAXVALUE
    CACHE 1;


ALTER TABLE public.auth_group_permissions_id_seq OWNER TO postgres;

--
-- Name: auth_group_permissions_id_seq; Type: SEQUENCE OWNED BY; Schema: public; Owner: postgres
--

ALTER SEQUENCE public.auth_group_permissions_id_seq OWNED BY public.auth_group_permissions.id;


--
-- Name: auth_permission; Type: TABLE; Schema: public; Owner: postgres
--

CREATE TABLE public.auth_permission (
    id integer NOT NULL,
    name character varying(255) NOT NULL,
    content_type_id integer NOT NULL,
    codename character varying(100) NOT NULL
);


ALTER TABLE public.auth_permission OWNER TO postgres;

--
-- Name: auth_permission_id_seq; Type: SEQUENCE; Schema: public; Owner: postgres
--

CREATE SEQUENCE public.auth_permission_id_seq
    AS integer
    START WITH 1
    INCREMENT BY 1
    NO MINVALUE
    NO MAXVALUE
    CACHE 1;


ALTER TABLE public.auth_permission_id_seq OWNER TO postgres;

--
-- Name: auth_permission_id_seq; Type: SEQUENCE OWNED BY; Schema: public; Owner: postgres
--

ALTER SEQUENCE public.auth_permission_id_seq OWNED BY public.auth_permission.id;


--
-- Name: auth_user; Type: TABLE; Schema: public; Owner: postgres
--

CREATE TABLE public.auth_user (
    id integer NOT NULL,
    password character varying(128) NOT NULL,
    last_login timestamp with time zone,
    is_superuser boolean NOT NULL,
    username character varying(150) NOT NULL,
    first_name character varying(150) NOT NULL,
    last_name character varying(150) NOT NULL,
    email character varying(254) NOT NULL,
    is_staff boolean NOT NULL,
    is_active boolean NOT NULL,
    date_joined timestamp with time zone NOT NULL
);


ALTER TABLE public.auth_user OWNER TO postgres;

--
-- Name: auth_user_groups; Type: TABLE; Schema: public; Owner: postgres
--

CREATE TABLE public.auth_user_groups (
    id bigint NOT NULL,
    user_id integer NOT NULL,
    group_id integer NOT NULL
);


ALTER TABLE public.auth_user_groups OWNER TO postgres;

--
-- Name: auth_user_groups_id_seq; Type: SEQUENCE; Schema: public; Owner: postgres
--

CREATE SEQUENCE public.auth_user_groups_id_seq
    START WITH 1
    INCREMENT BY 1
    NO MINVALUE
    NO MAXVALUE
    CACHE 1;


ALTER TABLE public.auth_user_groups_id_seq OWNER TO postgres;

--
-- Name: auth_user_groups_id_seq; Type: SEQUENCE OWNED BY; Schema: public; Owner: postgres
--

ALTER SEQUENCE public.auth_user_groups_id_seq OWNED BY public.auth_user_groups.id;


--
-- Name: auth_user_id_seq; Type: SEQUENCE; Schema: public; Owner: postgres
--

CREATE SEQUENCE public.auth_user_id_seq
    AS integer
    START WITH 1
    INCREMENT BY 1
    NO MINVALUE
    NO MAXVALUE
    CACHE 1;


ALTER TABLE public.auth_user_id_seq OWNER TO postgres;

--
-- Name: auth_user_id_seq; Type: SEQUENCE OWNED BY; Schema: public; Owner: postgres
--

ALTER SEQUENCE public.auth_user_id_seq OWNED BY public.auth_user.id;


--
-- Name: auth_user_user_permissions; Type: TABLE; Schema: public; Owner: postgres
--

CREATE TABLE public.auth_user_user_permissions (
    id bigint NOT NULL,
    user_id integer NOT NULL,
    permission_id integer NOT NULL
);


ALTER TABLE public.auth_user_user_permissions OWNER TO postgres;

--
-- Name: auth_user_user_permissions_id_seq; Type: SEQUENCE; Schema: public; Owner: postgres
--

CREATE SEQUENCE public.auth_user_user_permissions_id_seq
    START WITH 1
    INCREMENT BY 1
    NO MINVALUE
    NO MAXVALUE
    CACHE 1;


ALTER TABLE public.auth_user_user_permissions_id_seq OWNER TO postgres;

--
-- Name: auth_user_user_permissions_id_seq; Type: SEQUENCE OWNED BY; Schema: public; Owner: postgres
--

ALTER SEQUENCE public.auth_user_user_permissions_id_seq OWNED BY public.auth_user_user_permissions.id;


--
-- Name: django_admin_log; Type: TABLE; Schema: public; Owner: postgres
--

CREATE TABLE public.django_admin_log (
    id integer NOT NULL,
    action_time timestamp with time zone NOT NULL,
    object_id text,
    object_repr character varying(200) NOT NULL,
    action_flag smallint NOT NULL,
    change_message text NOT NULL,
    content_type_id integer,
    user_id integer NOT NULL,
    CONSTRAINT django_admin_log_action_flag_check CHECK ((action_flag >= 0))
);


ALTER TABLE public.django_admin_log OWNER TO postgres;

--
-- Name: django_admin_log_id_seq; Type: SEQUENCE; Schema: public; Owner: postgres
--

CREATE SEQUENCE public.django_admin_log_id_seq
    AS integer
    START WITH 1
    INCREMENT BY 1
    NO MINVALUE
    NO MAXVALUE
    CACHE 1;


ALTER TABLE public.django_admin_log_id_seq OWNER TO postgres;

--
-- Name: django_admin_log_id_seq; Type: SEQUENCE OWNED BY; Schema: public; Owner: postgres
--

ALTER SEQUENCE public.django_admin_log_id_seq OWNED BY public.django_admin_log.id;


--
-- Name: django_content_type; Type: TABLE; Schema: public; Owner: postgres
--

CREATE TABLE public.django_content_type (
    id integer NOT NULL,
    app_label character varying(100) NOT NULL,
    model character varying(100) NOT NULL
);


ALTER TABLE public.django_content_type OWNER TO postgres;

--
-- Name: django_content_type_id_seq; Type: SEQUENCE; Schema: public; Owner: postgres
--

CREATE SEQUENCE public.django_content_type_id_seq
    AS integer
    START WITH 1
    INCREMENT BY 1
    NO MINVALUE
    NO MAXVALUE
    CACHE 1;


ALTER TABLE public.django_content_type_id_seq OWNER TO postgres;

--
-- Name: django_content_type_id_seq; Type: SEQUENCE OWNED BY; Schema: public; Owner: postgres
--

ALTER SEQUENCE public.django_content_type_id_seq OWNED BY public.django_content_type.id;


--
-- Name: django_migrations; Type: TABLE; Schema: public; Owner: postgres
--

CREATE TABLE public.django_migrations (
    id bigint NOT NULL,
    app character varying(255) NOT NULL,
    name character varying(255) NOT NULL,
    applied timestamp with time zone NOT NULL
);


ALTER TABLE public.django_migrations OWNER TO postgres;

--
-- Name: django_migrations_id_seq; Type: SEQUENCE; Schema: public; Owner: postgres
--

CREATE SEQUENCE public.django_migrations_id_seq
    START WITH 1
    INCREMENT BY 1
    NO MINVALUE
    NO MAXVALUE
    CACHE 1;


ALTER TABLE public.django_migrations_id_seq OWNER TO postgres;

--
-- Name: django_migrations_id_seq; Type: SEQUENCE OWNED BY; Schema: public; Owner: postgres
--

ALTER SEQUENCE public.django_migrations_id_seq OWNED BY public.django_migrations.id;


--
-- Name: django_session; Type: TABLE; Schema: public; Owner: postgres
--

CREATE TABLE public.django_session (
    session_key character varying(40) NOT NULL,
    session_data text NOT NULL,
    expire_date timestamp with time zone NOT NULL
);


ALTER TABLE public.django_session OWNER TO postgres;

--
-- Name: app_cash_card id; Type: DEFAULT; Schema: public; Owner: postgres
--

ALTER TABLE ONLY public.app_cash_card ALTER COLUMN id SET DEFAULT nextval('public.app_cash_card_id_seq'::regclass);


--
-- Name: app_cash_cash id; Type: DEFAULT; Schema: public; Owner: postgres
--

ALTER TABLE ONLY public.app_cash_cash ALTER COLUMN id SET DEFAULT nextval('public.app_cash_cash_id_seq'::regclass);


--
-- Name: app_cash_credit id; Type: DEFAULT; Schema: public; Owner: postgres
--

ALTER TABLE ONLY public.app_cash_credit ALTER COLUMN id SET DEFAULT nextval('public.app_cash_credit_id_seq'::regclass);


--
-- Name: app_cash_paymentregister id; Type: DEFAULT; Schema: public; Owner: postgres
--

ALTER TABLE ONLY public.app_cash_paymentregister ALTER COLUMN id SET DEFAULT nextval('public.app_cash_paymentregister_id_seq'::regclass);


--
-- Name: app_cashback_cashback id; Type: DEFAULT; Schema: public; Owner: postgres
--

ALTER TABLE ONLY public.app_cashback_cashback ALTER COLUMN id SET DEFAULT nextval('public.app_cashback_cashback_id_seq'::regclass);


--
-- Name: app_clients_customer id; Type: DEFAULT; Schema: public; Owner: postgres
--

ALTER TABLE ONLY public.app_clients_customer ALTER COLUMN id SET DEFAULT nextval('public.app_clients_client_id_seq'::regclass);


--
-- Name: app_error_errorlog id; Type: DEFAULT; Schema: public; Owner: postgres
--

ALTER TABLE ONLY public.app_error_errorlog ALTER COLUMN id SET DEFAULT nextval('public.app_error_errorlog_id_seq'::regclass);


--
-- Name: app_personnel_bonusaccount id; Type: DEFAULT; Schema: public; Owner: postgres
--

ALTER TABLE ONLY public.app_personnel_bonusaccount ALTER COLUMN id SET DEFAULT nextval('public.app_personnel_bonusaccount_id_seq'::regclass);


--
-- Name: app_personnel_salary id; Type: DEFAULT; Schema: public; Owner: postgres
--

ALTER TABLE ONLY public.app_personnel_salary ALTER COLUMN id SET DEFAULT nextval('public.app_personnel_salary_id_seq'::regclass);


--
-- Name: app_product_avprice id; Type: DEFAULT; Schema: public; Owner: postgres
--

ALTER TABLE ONLY public.app_product_avprice ALTER COLUMN id SET DEFAULT nextval('public.app_product_avprice_id_seq'::regclass);


--
-- Name: app_product_cashoff id; Type: DEFAULT; Schema: public; Owner: postgres
--

ALTER TABLE ONLY public.app_product_cashoff ALTER COLUMN id SET DEFAULT nextval('public.app_product_cashoff_id_seq'::regclass);


--
-- Name: app_product_document id; Type: DEFAULT; Schema: public; Owner: postgres
--

ALTER TABLE ONLY public.app_product_document ALTER COLUMN id SET DEFAULT nextval('public.app_product_document_id_seq'::regclass);


--
-- Name: app_product_identifier id; Type: DEFAULT; Schema: public; Owner: postgres
--

ALTER TABLE ONLY public.app_product_identifier ALTER COLUMN id SET DEFAULT nextval('public.app_product_identifier_id_seq'::regclass);


--
-- Name: app_product_register id; Type: DEFAULT; Schema: public; Owner: postgres
--

ALTER TABLE ONLY public.app_product_register ALTER COLUMN id SET DEFAULT nextval('public.app_product_register_id_seq'::regclass);


--
-- Name: app_product_remaindercurrent id; Type: DEFAULT; Schema: public; Owner: postgres
--

ALTER TABLE ONLY public.app_product_remaindercurrent ALTER COLUMN id SET DEFAULT nextval('public.app_product_remaindercurrent_id_seq'::regclass);


--
-- Name: app_product_remainderhistory id; Type: DEFAULT; Schema: public; Owner: postgres
--

ALTER TABLE ONLY public.app_product_remainderhistory ALTER COLUMN id SET DEFAULT nextval('public.app_product_remainder_id_seq'::regclass);


--
-- Name: app_product_revaluation id; Type: DEFAULT; Schema: public; Owner: postgres
--

ALTER TABLE ONLY public.app_product_revaluation ALTER COLUMN id SET DEFAULT nextval('public.app_product_revaluation_id_seq'::regclass);


--
-- Name: app_reference_contributor id; Type: DEFAULT; Schema: public; Owner: postgres
--

ALTER TABLE ONLY public.app_reference_contributor ALTER COLUMN id SET DEFAULT nextval('public.app_reference_contributor_id_seq'::regclass);


--
-- Name: app_reference_documenttype id; Type: DEFAULT; Schema: public; Owner: postgres
--

ALTER TABLE ONLY public.app_reference_documenttype ALTER COLUMN id SET DEFAULT nextval('public.app_reference_documenttype_id_seq'::regclass);


--
-- Name: app_reference_expense id; Type: DEFAULT; Schema: public; Owner: postgres
--

ALTER TABLE ONLY public.app_reference_expense ALTER COLUMN id SET DEFAULT nextval('public.app_reference_expense_id_seq'::regclass);


--
-- Name: app_reference_product id; Type: DEFAULT; Schema: public; Owner: postgres
--

ALTER TABLE ONLY public.app_reference_product ALTER COLUMN id SET DEFAULT nextval('public.app_reference_product_id_seq'::regclass);


--
-- Name: app_reference_productcategory id; Type: DEFAULT; Schema: public; Owner: postgres
--

ALTER TABLE ONLY public.app_reference_productcategory ALTER COLUMN id SET DEFAULT nextval('public.app_reference_productcategory_id_seq'::regclass);


--
-- Name: app_reference_shop id; Type: DEFAULT; Schema: public; Owner: postgres
--

ALTER TABLE ONLY public.app_reference_shop ALTER COLUMN id SET DEFAULT nextval('public.app_reference_shop_id_seq'::regclass);


--
-- Name: app_reference_supplier id; Type: DEFAULT; Schema: public; Owner: postgres
--

ALTER TABLE ONLY public.app_reference_supplier ALTER COLUMN id SET DEFAULT nextval('public.app_reference_supplier_id_seq'::regclass);


--
-- Name: app_reference_voucher id; Type: DEFAULT; Schema: public; Owner: postgres
--

ALTER TABLE ONLY public.app_reference_voucher ALTER COLUMN id SET DEFAULT nextval('public.app_reference_voucher_id_seq'::regclass);


--
-- Name: app_reports_dailysalerep id; Type: DEFAULT; Schema: public; Owner: postgres
--

ALTER TABLE ONLY public.app_reports_dailysalerep ALTER COLUMN id SET DEFAULT nextval('public.app_reports_dailysalerep_id_seq'::regclass);


--
-- Name: app_reports_monthlybonus id; Type: DEFAULT; Schema: public; Owner: postgres
--

ALTER TABLE ONLY public.app_reports_monthlybonus ALTER COLUMN id SET DEFAULT nextval('public.app_reports_monthlybonus_id_seq'::regclass);


--
-- Name: app_reports_paycardreport id; Type: DEFAULT; Schema: public; Owner: postgres
--

ALTER TABLE ONLY public.app_reports_paycardreport ALTER COLUMN id SET DEFAULT nextval('public.app_reports_paycardreport_id_seq'::regclass);


--
-- Name: app_reports_producthistory id; Type: DEFAULT; Schema: public; Owner: postgres
--

ALTER TABLE ONLY public.app_reports_producthistory ALTER COLUMN id SET DEFAULT nextval('public.app_reports_producthistory_id_seq'::regclass);


--
-- Name: app_reports_reporttemp id; Type: DEFAULT; Schema: public; Owner: postgres
--

ALTER TABLE ONLY public.app_reports_reporttemp ALTER COLUMN id SET DEFAULT nextval('public.app_reports_reporttemp_id_seq'::regclass);


--
-- Name: app_reports_reporttempid id; Type: DEFAULT; Schema: public; Owner: postgres
--

ALTER TABLE ONLY public.app_reports_reporttempid ALTER COLUMN id SET DEFAULT nextval('public.app_reports_reporttempid_id_seq'::regclass);


--
-- Name: app_reports_salereport id; Type: DEFAULT; Schema: public; Owner: postgres
--

ALTER TABLE ONLY public.app_reports_salereport ALTER COLUMN id SET DEFAULT nextval('public.app_reports_saleregort_id_seq'::regclass);


--
-- Name: auth_group id; Type: DEFAULT; Schema: public; Owner: postgres
--

ALTER TABLE ONLY public.auth_group ALTER COLUMN id SET DEFAULT nextval('public.auth_group_id_seq'::regclass);


--
-- Name: auth_group_permissions id; Type: DEFAULT; Schema: public; Owner: postgres
--

ALTER TABLE ONLY public.auth_group_permissions ALTER COLUMN id SET DEFAULT nextval('public.auth_group_permissions_id_seq'::regclass);


--
-- Name: auth_permission id; Type: DEFAULT; Schema: public; Owner: postgres
--

ALTER TABLE ONLY public.auth_permission ALTER COLUMN id SET DEFAULT nextval('public.auth_permission_id_seq'::regclass);


--
-- Name: auth_user id; Type: DEFAULT; Schema: public; Owner: postgres
--

ALTER TABLE ONLY public.auth_user ALTER COLUMN id SET DEFAULT nextval('public.auth_user_id_seq'::regclass);


--
-- Name: auth_user_groups id; Type: DEFAULT; Schema: public; Owner: postgres
--

ALTER TABLE ONLY public.auth_user_groups ALTER COLUMN id SET DEFAULT nextval('public.auth_user_groups_id_seq'::regclass);


--
-- Name: auth_user_user_permissions id; Type: DEFAULT; Schema: public; Owner: postgres
--

ALTER TABLE ONLY public.auth_user_user_permissions ALTER COLUMN id SET DEFAULT nextval('public.auth_user_user_permissions_id_seq'::regclass);


--
-- Name: django_admin_log id; Type: DEFAULT; Schema: public; Owner: postgres
--

ALTER TABLE ONLY public.django_admin_log ALTER COLUMN id SET DEFAULT nextval('public.django_admin_log_id_seq'::regclass);


--
-- Name: django_content_type id; Type: DEFAULT; Schema: public; Owner: postgres
--

ALTER TABLE ONLY public.django_content_type ALTER COLUMN id SET DEFAULT nextval('public.django_content_type_id_seq'::regclass);


--
-- Name: django_migrations id; Type: DEFAULT; Schema: public; Owner: postgres
--

ALTER TABLE ONLY public.django_migrations ALTER COLUMN id SET DEFAULT nextval('public.django_migrations_id_seq'::regclass);


--
-- Data for Name: app_cash_card; Type: TABLE DATA; Schema: public; Owner: postgres
--

COPY public.app_cash_card (id, created, sum, shop_id, user_id, document_id) FROM stdin;
104	2022-01-18 03:00:00+03	290	4	2	1601
105	2022-01-18 03:00:00+03	100	4	2	1604
113	2022-02-07 03:00:00+03	14990	4	1	1765
114	2022-02-07 03:00:00+03	14990	4	1	1765
116	2022-02-07 03:00:00+03	7000	4	1	1766
120	2022-02-07 03:00:00+03	7990	4	1	1767
121	2022-02-15 03:00:00+03	290	4	1	1834
122	2022-02-15 03:00:00+03	100	4	1	1836
125	2022-02-17 03:00:00+03	100	4	1	1889
127	2022-02-17 18:07:00+03	100	2	1	1984
128	2022-02-21 18:11:13.632735+03	100	4	1	1985
131	2022-02-19 18:11:00+03	100	4	1	1986
134	2022-02-18 18:13:00+03	95	4	1	1987
136	2022-02-20 18:48:00+03	100	4	1	1990
138	2022-02-19 18:54:00+03	33	4	1	1991
\.


--
-- Data for Name: app_cash_cash; Type: TABLE DATA; Schema: public; Owner: postgres
--

COPY public.app_cash_cash (id, created, current_remainder, shop_id, user_id, cash_in, cash_out, document_id, pre_remainder, cash_receiver_id, cash_off_reason_id, cash_contributor_id, cash_in_reason_id, cho_type_id, sender) FROM stdin;
336	2021-11-27 17:26:28.30091+03	1000	3	1	1000	0	1278	0	\N	\N	2	1	11	f
519	2022-01-18 17:12:41.65205+03	7289	4	2	290	0	1596	6999	\N	\N	\N	\N	\N	f
520	2022-01-18 17:14:30.821778+03	7579	4	2	290	0	1597	7289	\N	\N	\N	\N	\N	f
521	2022-01-18 17:54:00.141343+03	7679	4	2	100	0	1604	7579	\N	\N	\N	\N	\N	f
522	2022-01-22 03:41:52.528697+03	7969	4	2	290	0	1608	7679	\N	\N	\N	\N	\N	f
523	2022-01-22 03:42:49.943244+03	8259	4	2	290	0	1609	7969	\N	\N	\N	\N	\N	f
524	2022-01-22 04:32:49.080802+03	8549	4	2	262	0	1610	8259	\N	\N	\N	\N	\N	f
525	2022-01-22 04:34:03.261414+03	8839	4	2	248	0	1611	8549	\N	\N	\N	\N	\N	f
526	2022-01-22 04:53:20.901001+03	9129	4	2	234	0	1612	8839	\N	\N	\N	\N	\N	f
527	2022-01-22 04:54:56.44146+03	9419	4	2	290	0	1613	9129	\N	\N	\N	\N	\N	f
528	2022-01-22 05:06:31.303523+03	9709	4	2	290	0	1614	9419	\N	\N	\N	\N	\N	f
529	2022-01-22 05:07:22.409042+03	9999	4	2	290	0	1615	9709	\N	\N	\N	\N	\N	f
530	2022-01-22 05:07:43.498958+03	10289	4	2	290	0	1616	9999	\N	\N	\N	\N	\N	f
531	2022-01-22 05:12:48.969315+03	10579	4	2	232	0	1617	10289	\N	\N	\N	\N	\N	f
532	2022-01-23 05:12:58.718182+03	10869	4	2	290	0	1618	10579	\N	\N	\N	\N	\N	f
533	2022-01-23 15:17:10.118212+03	11159	4	3	290	0	1619	10869	\N	\N	\N	\N	\N	f
534	2022-01-24 05:03:45.074741+03	11449	4	2	290	0	1620	11159	\N	\N	\N	\N	\N	f
729	2022-02-14 15:27:16.31022+03	19219	4	2	0	500	1818	19719	3	9	\N	\N	5	f
730	2022-02-14 15:30:13.01774+03	19019	4	1	0	200	1821	19219	1	9	\N	\N	5	f
731	2022-02-14 15:30:52.598619+03	18819	4	1	0	200	1822	19019	1	9	\N	\N	5	f
572	2022-01-24 21:08:00+03	11739	4	1	290	0	1652	11449	\N	\N	\N	\N	\N	f
535	2022-01-25 04:01:51.619484+03	12029	4	2	290	0	1621	11739	\N	\N	\N	\N	\N	f
536	2022-01-25 04:03:53.103677+03	12319	4	2	290	0	1623	12029	\N	\N	\N	\N	\N	f
537	2022-01-25 04:04:26.995715+03	12609	4	2	290	0	1624	12319	\N	\N	\N	\N	\N	f
581	2022-01-30 03:52:00+03	12899	4	1	290	0	1661	12609	\N	\N	\N	\N	\N	f
769	2022-02-20 20:44:09.962789+03	19652	4	1	100	0	1938	19552	\N	\N	\N	\N	\N	f
579	2022-01-31 03:35:29.94911+03	12689	4	1	290	0	1659	12399	\N	\N	\N	\N	\N	f
580	2022-01-31 03:51:21.668624+03	12979	4	1	290	0	1660	12689	\N	\N	\N	\N	\N	f
807	2022-02-19 16:46:00+03	4100	1	1	2000	0	1978	2100	\N	\N	\N	\N	10	f
783	2022-02-18 14:17:00+03	11190	3	1	100	0	1962	11090	\N	\N	\N	\N	\N	f
772	2022-02-20 21:02:53.683564+03	23780	3	1	14990	0	1944	8790	\N	\N	\N	\N	\N	f
770	2022-02-20 20:51:02.520503+03	19752	4	1	100	0	1939	19652	\N	\N	\N	\N	\N	f
764	2022-02-20 03:40:35.333132+03	19252	4	1	300	0	1892	18952	\N	\N	\N	\N	\N	f
669	2022-02-03 16:23:00+03	4539	4	1	290	0	1745	4249	\N	\N	\N	\N	\N	f
643	2022-02-04 04:22:36.116573+03	4829	4	1	290	0	1737	4539	\N	\N	\N	\N	\N	f
424	2021-12-06 17:12:00.154597+03	800	3	1	0	200	1324	1000	1	9	\N	\N	5	f
425	2021-12-06 17:24:27.897815+03	1800	3	1	1000	0	1290	800	\N	\N	1	1	11	f
426	2021-12-06 17:26:49.074986+03	1600	3	1	0	200	1284	1800	\N	1	\N	\N	4	f
765	2022-02-20 17:28:15.654324+03	19552	4	1	300	0	1893	19252	\N	\N	\N	\N	\N	f
741	2022-02-15 03:01:54.21108+03	19109	4	2	290	0	1832	18819	\N	\N	\N	\N	\N	f
742	2022-02-15 03:27:40.513939+03	19209	4	1	100	0	1836	19109	\N	\N	\N	\N	\N	f
582	2022-01-31 06:30:31.180344+03	13269	4	2	290	0	1666	12979	\N	\N	\N	\N	\N	f
586	2022-01-31 18:15:30.364266+03	12979	4	1	0	290	1677	13269	\N	\N	\N	\N	\N	f
601	2022-01-31 19:22:06.086499+03	11979	4	1	0	1000	1695	12979	\N	\N	\N	\N	10	t
603	2022-01-31 19:23:20.966022+03	11479	4	2	0	500	1696	11979	\N	\N	\N	\N	10	t
599	2022-01-30 19:10:00+03	12399	4	1	0	500	1694	12899	\N	\N	\N	\N	10	t
453	2021-12-29 02:57:30.768705+03	290	2	2	290	0	1472	0	\N	\N	\N	\N	\N	f
454	2021-12-29 03:30:09.304126+03	580	2	1	290	0	1473	290	\N	\N	\N	\N	\N	f
455	2021-12-29 16:42:52.987044+03	870	2	2	290	0	1474	580	\N	\N	\N	\N	\N	f
456	2022-01-05 04:04:09.588964+03	1160	2	2	290	0	1495	870	\N	\N	\N	\N	\N	f
457	2022-01-07 16:10:08.81132+03	10090	3	2	8490	0	1499	1600	\N	\N	\N	\N	\N	f
623	2022-02-02 15:30:01.810619+03	3959	4	2	290	0	1721	3669	\N	\N	\N	\N	\N	f
600	2022-01-30 19:10:00+03	500	1	1	500	0	1694	0	\N	\N	\N	\N	10	f
602	2022-01-31 19:22:06.086499+03	1500	1	1	1000	0	1695	500	\N	\N	\N	\N	10	f
604	2022-01-31 19:23:20.966022+03	2000	1	2	500	0	1696	1500	\N	\N	\N	\N	10	f
469	2022-01-08 00:35:03.756728+03	6999	4	1	6999	0	1507	0	\N	\N	\N	\N	\N	f
752	2022-02-17 14:59:00+03	19309	4	1	100	0	1889	19209	\N	\N	\N	\N	\N	f
629	2022-02-02 20:58:12.166787+03	4249	4	1	290	0	1726	3959	\N	\N	\N	\N	\N	f
605	2022-01-31 20:01:34.495062+03	8979	4	2	0	2500	1697	11479	\N	1	\N	\N	4	f
609	2022-01-31 20:49:21.91182+03	7979	4	2	0	1000	1707	8979	1	9	\N	\N	5	f
610	2022-01-31 20:51:29.969248+03	7879	4	2	0	100	1708	7979	1	9	\N	\N	5	f
611	2022-01-31 21:10:26.181168+03	6879	4	2	0	1000	1709	7879	1	9	\N	\N	5	f
612	2022-01-31 21:10:45.413019+03	5879	4	2	0	1000	1710	6879	1	9	\N	\N	5	f
615	2022-01-31 22:01:18.287957+03	4879	4	2	0	1000	1716	5879	1	9	\N	\N	5	f
616	2022-01-31 22:03:59.635092+03	3379	4	1	0	1500	1718	4879	2	9	\N	\N	5	f
688	2022-02-07 04:21:00+03	19819	4	1	7000	0	1766	4829	\N	\N	\N	\N	\N	f
622	2022-02-02 14:19:00+03	3669	4	1	290	0	1720	3379	\N	\N	\N	\N	\N	f
699	2022-02-14 03:55:26.696255+03	19719	4	2	0	100	1802	19819	\N	\N	\N	\N	10	t
700	2022-02-14 03:55:26.696255+03	2100	1	2	100	0	1802	2000	\N	\N	\N	\N	10	f
768	2022-02-17 17:54:00+03	18959	4	1	0	350	1896	19309	1	9	\N	\N	5	f
766	2022-02-18 17:51:00+03	18709	4	1	0	250	1894	18959	3	9	\N	\N	5	f
767	2022-02-18 17:51:00+03	18709	4	1	0	250	1895	18959	3	9	\N	\N	5	f
776	2022-02-20 21:16:20.691527+03	5100	1	1	1000	0	1951	4100	\N	\N	\N	\N	10	f
814	2022-02-18 14:26:00+03	1260	2	1	100	0	1967	1160	\N	\N	\N	\N	3	f
795	2022-02-19 16:19:00+03	10890	3	1	0	500	1972	11390	3	9	\N	\N	5	f
781	2022-02-20 21:46:12.961197+03	8290	3	1	0	14990	1956	23280	\N	\N	\N	\N	6	f
818	2022-02-18 18:13:00+03	18819	4	1	110	0	1987	18709	\N	\N	\N	\N	3	f
820	2022-02-19 18:38:00+03	18919	4	1	100	0	1988	18819	\N	\N	\N	\N	3	f
822	2022-02-19 18:54:00+03	18952	4	1	33	0	1991	18919	\N	\N	\N	\N	3	f
774	2022-02-20 21:15:45.395531+03	18252	4	1	0	1500	1950	19752	\N	2	\N	\N	4	f
775	2022-02-20 21:16:20.691527+03	17252	4	1	0	1000	1951	18252	\N	\N	\N	\N	10	t
813	2022-02-18 17:48:00+03	1360	2	1	100	0	1981	1260	\N	\N	\N	\N	3	f
815	2022-02-18 14:19:00+03	11290	3	1	100	0	1963	11190	\N	\N	\N	\N	3	f
791	2022-02-18 15:57:00+03	11390	3	1	100	0	1969	11290	\N	\N	\N	\N	3	f
799	2022-02-19 16:21:00+03	10590	3	1	0	300	1974	10890	\N	1	\N	\N	4	f
806	2022-02-19 16:46:00+03	8590	3	1	0	2000	1978	10590	\N	\N	\N	\N	10	t
790	2022-02-20 14:29:00+03	8490	3	1	0	100	1968	8590	\N	\N	\N	\N	6	f
771	2022-02-20 21:00:39.907229+03	8790	3	1	300	0	1942	8490	\N	\N	\N	\N	\N	f
773	2022-02-20 21:15:10.652476+03	23280	3	1	0	500	1949	23780	3	9	\N	\N	5	f
801	2022-02-14 16:28:00+03	11090	3	1	1000	0	1976	10090	\N	\N	1	1	11	f
825	2022-02-18 19:07:00+03	1260	2	1	0	100	1993	1360	\N	\N	\N	\N	6	f
786	2022-02-19 14:25:00+03	1360	2	1	100	0	1966	1260	\N	\N	\N	\N	\N	f
\.


--
-- Data for Name: app_cash_credit; Type: TABLE DATA; Schema: public; Owner: postgres
--

COPY public.app_cash_credit (id, created, sum, shop_id, user_id, document_id) FROM stdin;
56	2022-01-18 03:00:00+03	290	4	2	1600
57	2022-01-18 03:00:00+03	90	4	2	1604
66	2022-02-05 03:00:00+03	14990	4	1	1764
67	2022-02-07 03:00:00+03	990	4	1	1766
69	2022-02-07 03:00:00+03	7000	4	1	1767
70	2022-02-15 03:00:00+03	290	4	1	1833
71	2022-02-15 03:00:00+03	90	4	1	1836
74	2022-02-17 03:00:00+03	100	4	1	1889
75	2022-02-20 18:18:26.075378+03	300	4	1	1953
79	2022-02-18 17:50:00+03	100	2	1	1982
80	2022-02-17 18:01:00+03	100	2	1	1983
83	2022-02-18 18:13:00+03	95	4	1	1987
86	2022-02-19 18:41:00+03	300	4	1	1989
88	2022-02-19 18:54:00+03	34	4	1	1991
\.


--
-- Data for Name: app_cash_paymentregister; Type: TABLE DATA; Schema: public; Owner: postgres
--

COPY public.app_cash_paymentregister (id, created, cash, card, credit, document_id) FROM stdin;
126	2022-02-03	290	0	0	1735
127	2022-02-03	290	0	0	1736
121	2022-02-03	290	0	0	1730
201	2022-02-21	0	2490	0	1948
\.


--
-- Data for Name: app_cashback_cashback; Type: TABLE DATA; Schema: public; Owner: postgres
--

COPY public.app_cashback_cashback (id, size, category_id) FROM stdin;
2	1.00	1
1	5.00	2
\.


--
-- Data for Name: app_clients_customer; Type: TABLE DATA; Schema: public; Owner: postgres
--

COPY public.app_clients_customer (id, f_name, l_name, phone, created, bar_code, accum_cashback, user_id) FROM stdin;
6	Петров	Петров	79200711112	2021-12-22		0	2
7	default	default	111111111	2021-12-22		0	1
10	Иванов	Иванов	22222222222	2022-01-21		0	2
8	Шульпина	Шульпина	79506204465	2022-01-13		1833	1
\.


--
-- Data for Name: app_error_errorlog; Type: TABLE DATA; Schema: public; Owner: postgres
--

COPY public.app_error_errorlog (id, created, definition, user_id) FROM stdin;
\.


--
-- Data for Name: app_personnel_bonusaccount; Type: TABLE DATA; Schema: public; Owner: postgres
--

COPY public.app_personnel_bonusaccount (id, user_id, acces, esset, insurance, modems, phones, service, sims, wink, smarts, other) FROM stdin;
1	2	0	0	0	0	0	0	0	0	0	0
2	1	0	0	0	0	0	0	0	0	0	0
\.


--
-- Data for Name: app_personnel_salary; Type: TABLE DATA; Schema: public; Owner: postgres
--

COPY public.app_personnel_salary (id, created, paid, user_id) FROM stdin;
\.


--
-- Data for Name: app_product_avprice; Type: TABLE DATA; Schema: public; Owner: postgres
--

COPY public.app_product_avprice (id, updated, imei, name, current_remainder, av_price, sum) FROM stdin;
116	2022-02-27 03:01:32.079302+03	2626	Карта оплаты	1895	95	180130
110	2022-01-16 11:39:40.907002+03	1313	Redmi 10 4/64Gb grey	1	-72539	-72541
30	2022-01-10 03:06:43.669722+03	11111	Чехол Itel A48	223	88	19741
117	2022-02-20 18:00:39.954106+03	2727	9200711112	0	300	0
118	2022-02-21 14:53:04.031602+03	2828	BQ 2841	1	2090	2090
115	2022-02-13 01:00:02.515928+03	123456	Realme 8 6/128Gb blue	1	116990	116990
109	2022-01-27 23:29:15.297876+03	1212	Huawei Y5p 2/32Gb black	11	453	4990
113	2022-01-27 23:44:09.127301+03	1818	Poco X3 Pro 6/128Gb black	5	17700	88500
71	2022-02-21 15:45:01.535387+03	1414	Стекло Tecno 7	-12	1204	-14448
114	2022-02-20 18:45:50.430639+03	1919	Realme C25s 4/128Gb blue	-3	3412	-10235
31	2022-01-05 01:04:09.838595+03	88888	Наушники	-5	245	-1221
29	2022-01-07 13:10:08.895093+03	44444	Redmi 9A 2/32Gb blue	16	7491	119857
90	2022-01-09 03:57:41.055039+03	869060055737385	Redmi 9A 2/32Gb green	1	7400	7400
91	2022-01-09 03:57:41.067149+03	357127782275820	Samsung A12 3/32Gb black	1	11980	11980
92	2022-01-09 03:57:41.081306+03	355665164290364	Samsung A12 3/32Gb Blue Exynos	1	10791	10791
93	2022-01-09 03:57:41.095215+03	355183627661593	Samsung A12 4/64Gb blue	1	11950	11950
94	2022-01-09 03:57:41.10769+03	351466645693167	Samsung M12 32Gb black	1	11600	11600
95	2022-01-09 03:57:41.122349+03	353782111655227	TECNO Camon 15 Air 3/64Gb Grey	1	8590	8590
96	2022-01-09 03:57:41.136166+03	353782111304560	TECNO Camon 15 Air 3/64Gb Ice Lake Blue/голубой	1	8999	8999
97	2022-01-09 03:57:41.149379+03	354443486102902	TECNO Spark 6 2/32Gb galaxy blue	1	7217	7217
98	2022-01-09 03:57:41.162389+03	359078326843508	TECNO Spark 6 2/32Gb white	1	6999	6999
99	2022-01-09 03:57:41.176208+03	352988320714041	TECNO Spark 7 2/32Gb Morpheus Blue	1	7642	7642
100	2022-01-09 03:57:41.18947+03	354237660937020	TECNO Spark 7 4/128Gb Morpheus Blue	1	10192	10192
101	2022-01-09 03:57:41.20232+03	354237663454163	TECNO Spark 7 4/64Gb green	1	9342	9342
102	2022-01-09 03:57:41.215753+03	354237664148764	TECNO Spark 7 4/64Gb Magnet black	1	9342	9342
103	2022-01-09 03:57:41.228824+03	865589046861593	ZTE A3 1/32Gb 2020 NFC лиловый	1	4972	4972
104	2022-01-09 03:57:41.243295+03	865589047105115	ZTE A3 NFC grey	1	4990	4990
105	2022-01-09 03:57:41.257208+03	867185042541921	ZTE A5 2020 32Gb green	1	6232	6232
106	2022-01-09 03:57:41.269986+03	867185043132639	ZTE A5 2020 черный	1	6632	6632
107	2022-01-09 03:57:41.282912+03	868078051106505	ZTE A51 2/64Gb синий	1	7462	7462
72	2022-01-09 03:57:40.799635+03	868175056661441	Redmi 9A 2/32Gb blue	1	7690	7690
73	2022-01-09 03:57:40.815594+03	860313058307162	Redmi 9C 2/32Gb blue	1	7990	7990
74	2022-01-09 03:57:40.83015+03	868697057234860	Redmi Note 9 3/64Gb grey	1	12190	12190
75	2022-01-09 03:57:40.845238+03	352583798259502	Samsung A02 2/32Gb black	1	7850	7850
76	2022-01-09 03:57:40.860731+03	350309033530925	ITEL A17 DS 16+1 Dark blue	1	3436	3436
77	2022-01-09 03:57:40.876101+03	359497340363261	Itel Vision Pro 2/32Gb black	1	5990	5990
78	2022-01-09 03:57:40.890513+03	359497340070460	Itel Vision Pro 2/32Gb cosmic shine	1	5990	5990
79	2022-01-09 03:57:40.904622+03	860054059470084	Redmi 9 4/64Gb purple	1	11300	11300
80	2022-01-09 03:57:40.917506+03	353303118347344	ITEL A25 DS Gradation Purple	1	4092	4092
81	2022-01-09 03:57:40.932641+03	353303118430728	ITEL A25 DS Gradation Sea Blue	1	4092	4092
82	2022-01-09 03:57:40.946374+03	357845195447708	ITEL A48 2/32Gb black	1	5300	5300
83	2022-01-09 03:57:40.960735+03	357845193423180	ITEL A48 DS Green	1	5322	5322
84	2022-01-09 03:57:40.973066+03	352761520704744	ITEL IT5631 DS Champagne Gold	1	1393	1393
85	2022-01-09 03:57:40.986882+03	352761520814907	ITEL IT5631 DS Champagne Gold	1	1393	1393
86	2022-01-09 03:57:41.000598+03	354102115627008	Itel Vision L6005 2/32Gb purple	1	5732	5732
87	2022-01-09 03:57:41.014941+03	352583792367384	Samsung A02 2/32Gb blue	1	7990	7990
88	2022-01-09 03:57:41.02843+03	352523323696869	Samsung A02s 3/32Gb blue	1	9050	9050
89	2022-01-09 03:57:41.041909+03	356525689420731	Samsung A02s 32Gb white	1	9050	9050
108	2022-01-09 03:57:41.296457+03	863354031202655	ZTE MF920V Роутер 4G	1	2686	2686
\.


--
-- Data for Name: app_product_cashoff; Type: TABLE DATA; Schema: public; Owner: postgres
--

COPY public.app_product_cashoff (id, created, date, sub_total, shop_id, user_id) FROM stdin;
\.


--
-- Data for Name: app_product_document; Type: TABLE DATA; Schema: public; Owner: postgres
--

COPY public.app_product_document (id, title_id, user_id, sum, created, posted, identifier_id, base_doc, cashback_off, sum_minus_cashback, client_id, supplier_id, shop_receiver_id, shop_sender_id) FROM stdin;
1593	3	2	290	2022-01-18 14:06:00+03	t	\N	\N	0	\N	\N	\N	\N	\N
1507	3	2	6999	2022-01-08 00:32:03.482184+03	t	\N	\N	0	\N	\N	\N	\N	\N
1471	3	1	870	2021-12-28 17:25:01.037725+03	f	\N	\N	0	\N	\N	\N	\N	\N
1472	3	2	290	2021-12-29 02:57:30.768705+03	t	\N	\N	0	\N	\N	\N	\N	\N
1473	3	1	290	2021-12-29 03:30:09.304126+03	t	\N	\N	0	\N	\N	\N	\N	\N
1324	5	1	200	2021-12-06 17:06:45.998972+03	t	\N	\N	0	\N	\N	\N	\N	\N
1474	3	2	290	2021-12-29 16:42:52.987044+03	t	\N	\N	0	\N	\N	\N	\N	\N
1138	1	1	149	2021-11-01 18:09:00+03	f	\N	\N	0	\N	\N	\N	\N	\N
1290	11	1	1000	2021-12-03 21:21:30.8718+03	t	\N	\N	0	\N	\N	\N	\N	\N
1254	2	2	490	2021-11-25 05:06:18.957462+03	f	\N	\N	0	\N	\N	\N	\N	\N
1217	6	1	9270	2021-11-16 15:03:55.23164+03	f	\N	\N	0	\N	\N	\N	\N	\N
1542	8	1	0	2022-01-12 05:23:58.549038+03	f	\N	\N	0	\N	\N	\N	\N	\N
1238	7	1	0	2021-11-24 16:54:16.595832+03	t	\N	\N	0	\N	\N	\N	\N	\N
1284	4	1	200	2021-11-30 03:09:12.225172+03	t	\N	\N	0	\N	\N	\N	\N	\N
1509	1	1	490	2022-01-09 04:35:00+03	t	\N	\N	0	\N	\N	\N	\N	\N
1594	3	2	290	2022-01-18 14:06:00+03	t	\N	\N	0	\N	\N	\N	\N	\N
1510	1	1	600	2022-01-09 04:36:00+03	t	\N	\N	0	\N	\N	\N	\N	\N
1575	3	2	580	2022-01-18 00:10:00+03	t	\N	\N	0	\N	\N	\N	\N	\N
1576	3	2	290	2022-01-18 00:10:00+03	t	\N	\N	0	\N	\N	\N	\N	\N
1143	1	1	99	2021-11-01 21:01:00+03	t	\N	\N	0	\N	\N	\N	\N	\N
1577	3	2	290	2022-01-18 00:10:00+03	t	\N	\N	0	\N	\N	\N	\N	\N
1278	11	1	1000	2021-11-27 17:22:45.480303+03	t	\N	\N	0	\N	\N	\N	\N	\N
1484	1	1	270868	2022-01-02 17:21:33.313382+03	t	\N	\N	0	\N	\N	\N	\N	\N
1578	3	2	290	2022-01-18 00:11:00+03	f	\N	\N	0	\N	\N	\N	\N	\N
1494	1	1	0	2022-01-03 05:03:08.719584+03	f	\N	\N	0	\N	\N	\N	\N	\N
1495	3	2	290	2022-01-05 04:04:09.588964+03	t	\N	\N	0	\N	\N	\N	\N	\N
1595	3	2	290	2022-01-18 14:11:04.85518+03	f	\N	\N	0	\N	\N	\N	\N	\N
1497	8	1	7250	2022-01-01 16:08:00+03	t	\N	\N	0	\N	\N	\N	\N	\N
1252	6	2	490	2021-11-25 03:36:52.327496+03	t	\N	\N	0	\N	\N	\N	\N	\N
1498	2	1	8490	2022-01-02 16:08:00+03	t	\N	\N	0	\N	\N	\N	\N	\N
1499	3	2	8490	2022-01-07 16:10:08.81132+03	t	\N	\N	0	\N	\N	\N	\N	\N
1500	8	1	6190	2022-01-01 16:42:00+03	t	\N	\N	0	\N	\N	\N	\N	\N
1501	2	1	6999	2022-01-02 16:42:00+03	t	\N	\N	0	\N	\N	\N	\N	\N
1579	3	2	580	2022-01-18 00:55:00+03	t	\N	\N	0	\N	\N	\N	\N	\N
1227	8	1	490	2021-11-23 21:51:04.474868+03	t	\N	\N	0	\N	\N	\N	\N	\N
1535	1	1	11990	2022-01-12 04:03:00+03	t	\N	\N	0	\N	\N	\N	\N	\N
1230	8	1	490	2021-11-24 14:39:38.744696+03	t	\N	\N	0	\N	\N	\N	\N	\N
1444	7	1	\N	2021-12-21 04:33:15.15138+03	t	\N	1439	0	\N	\N	\N	\N	\N
1445	8	1	\N	2021-12-21 04:33:15.15138+03	t	\N	1439	0	\N	\N	\N	\N	\N
1439	12	1	\N	2021-12-21 04:33:15.15138+03	t	\N	\N	0	\N	\N	\N	\N	\N
1580	3	2	580	2022-01-18 01:03:22.459798+03	t	\N	\N	0	\N	\N	\N	\N	\N
1446	3	1	490	2021-12-22 21:41:00+03	f	\N	\N	0	\N	\N	\N	\N	\N
1447	2	1	580	2021-12-22 21:44:26.718579+03	t	\N	\N	0	\N	\N	\N	\N	\N
1448	3	2	290	2021-12-24 12:42:50.6726+03	f	\N	\N	0	\N	\N	\N	\N	\N
1449	3	2	290	2021-12-25 13:49:32.642592+03	t	\N	\N	0	\N	\N	\N	\N	\N
1450	8	1	2900	2021-12-25 14:27:37.740018+03	t	\N	\N	0	\N	\N	\N	\N	\N
1537	2	1	12990	2022-01-12 04:37:10.520805+03	t	\N	\N	0	\N	\N	\N	\N	\N
1581	3	2	580	2022-01-18 01:04:14.232761+03	t	\N	\N	0	\N	\N	\N	\N	\N
1546	8	1	0	2022-01-12 19:16:33.492226+03	t	\N	\N	0	\N	\N	\N	\N	\N
1539	1	1	11990	2022-01-12 04:54:00+03	t	\N	\N	0	\N	\N	\N	\N	\N
1253	8	2	490	2021-12-28 14:46:41.180832+03	t	\N	\N	0	\N	\N	\N	\N	\N
1582	3	2	580	2022-01-18 01:04:33.266552+03	t	\N	\N	0	\N	\N	\N	\N	\N
1592	3	2	290	2022-01-18 14:06:00+03	f	\N	\N	0	\N	\N	\N	\N	\N
1519	1	1	4990	2022-01-10 06:12:00+03	t	\N	\N	0	\N	\N	\N	\N	\N
1583	3	2	580	2022-01-18 01:31:23.384946+03	t	\N	\N	0	\N	\N	\N	\N	\N
1584	3	2	580	2022-01-18 01:32:13.373753+03	t	\N	\N	0	\N	\N	\N	\N	\N
1585	3	2	580	2022-01-18 01:41:25.486799+03	t	\N	\N	0	\N	\N	\N	\N	\N
1586	3	2	580	2022-01-18 13:56:26.153407+03	t	\N	\N	0	\N	\N	\N	\N	\N
1543	8	1	11990	2022-01-12 05:24:49.16005+03	t	\N	\N	0	\N	\N	\N	\N	\N
1541	7	1	12990	2022-01-12 05:21:56.686822+03	f	\N	\N	0	\N	\N	\N	\N	\N
1513	7	1	0	2022-01-10 02:30:43.166873+03	f	\N	\N	0	\N	\N	\N	\N	\N
1587	3	2	580	2022-01-18 13:56:51.616746+03	t	\N	\N	0	\N	\N	\N	\N	\N
1588	3	2	580	2022-01-18 13:58:02.728162+03	t	\N	\N	0	\N	\N	\N	\N	\N
1589	3	2	580	2022-01-18 13:59:11.474655+03	t	\N	\N	0	\N	\N	\N	\N	\N
1590	3	2	580	2022-01-18 14:01:35.7899+03	t	\N	\N	0	\N	\N	\N	\N	\N
1540	7	1	11990	2022-01-12 05:21:07.291756+03	f	\N	\N	0	\N	\N	\N	\N	\N
1591	3	2	580	2022-01-18 14:05:53.269011+03	t	\N	\N	0	\N	\N	\N	\N	\N
1609	3	2	290	2022-01-22 03:42:49.943244+03	t	\N	\N	0	\N	\N	\N	\N	\N
1596	3	2	290	2022-01-18 17:12:41.65205+03	t	\N	\N	0	\N	\N	\N	\N	\N
1597	3	2	290	2022-01-18 17:14:30.821778+03	t	\N	\N	0	\N	\N	\N	\N	\N
1598	3	2	\N	2022-01-18 17:37:30.872394+03	t	\N	\N	0	\N	\N	\N	\N	\N
1599	3	2	\N	2022-01-18 17:37:55.240653+03	t	\N	\N	0	\N	\N	\N	\N	\N
1600	3	2	290	2022-01-18 17:38:31.046074+03	t	\N	\N	0	\N	\N	\N	\N	\N
1601	3	2	290	2022-01-18 17:44:02.33573+03	t	\N	\N	0	\N	\N	\N	\N	\N
1602	3	2	\N	2022-01-18 17:47:20.123128+03	t	\N	\N	0	\N	\N	\N	\N	\N
1603	3	2	290	2022-01-18 17:53:38.998284+03	t	\N	\N	0	\N	\N	\N	\N	\N
1604	3	2	290	2022-01-18 17:54:00.141343+03	t	\N	\N	0	\N	\N	\N	\N	\N
1557	3	2	\N	2022-01-17 11:11:00+03	t	\N	\N	0	\N	\N	\N	\N	\N
1605	3	2	\N	2022-01-22 03:39:40.459836+03	t	\N	\N	0	\N	\N	\N	\N	\N
1606	3	2	\N	2022-01-22 03:40:34.734259+03	t	\N	\N	0	\N	\N	\N	\N	\N
1607	3	2	\N	2022-01-22 03:41:14.756169+03	t	\N	\N	0	\N	\N	\N	\N	\N
1608	3	2	290	2022-01-22 03:41:52.528697+03	t	\N	\N	0	\N	\N	\N	\N	\N
1610	3	2	262	2022-01-22 04:32:49.080802+03	t	\N	\N	0	\N	\N	\N	\N	\N
1611	3	2	248	2022-01-22 04:34:03.261414+03	t	\N	\N	0	\N	\N	\N	\N	\N
1612	3	2	234	2022-01-22 04:53:20.901001+03	t	\N	\N	0	\N	\N	\N	\N	\N
1613	3	2	290	2022-01-22 04:54:56.44146+03	t	\N	\N	0	\N	\N	\N	\N	\N
1614	3	2	290	2022-01-22 05:06:31.303523+03	t	\N	\N	0	\N	\N	\N	\N	\N
1615	3	2	290	2022-01-22 05:07:22.409042+03	t	\N	\N	0	\N	\N	\N	\N	\N
1616	3	2	290	2022-01-22 05:07:43.498958+03	t	\N	\N	0	\N	\N	\N	\N	\N
1617	3	2	232	2022-01-22 05:12:48.969315+03	t	\N	\N	0	\N	\N	\N	\N	\N
1618	3	2	290	2022-01-23 05:12:58.718182+03	t	\N	\N	0	\N	\N	\N	\N	\N
1619	3	3	290	2022-01-23 15:17:10.118212+03	t	\N	\N	0	\N	\N	\N	\N	\N
1620	3	2	290	2022-01-24 05:03:45.074741+03	t	\N	\N	0	\N	\N	\N	\N	\N
1621	3	2	290	2022-01-25 04:01:51.619484+03	t	\N	\N	0	\N	\N	\N	\N	\N
1622	8	1	5800	2022-01-25 04:03:17.364876+03	t	\N	\N	0	\N	\N	\N	\N	\N
1623	3	2	290	2022-01-25 04:03:53.103677+03	t	\N	\N	0	\N	\N	\N	\N	\N
1624	3	2	290	2022-01-25 04:04:26.995715+03	t	\N	\N	0	\N	\N	\N	\N	\N
1625	8	1	2900	2022-01-28 01:55:07.73041+03	t	\N	\N	0	\N	\N	\N	\N	\N
1626	8	1	64900	2022-01-28 02:29:15.264485+03	t	\N	\N	0	\N	\N	\N	\N	\N
1627	2	1	69900	2022-01-28 02:29:42.145569+03	t	\N	\N	0	\N	\N	\N	\N	\N
1628	2	1	69900	2022-01-28 02:39:25.058296+03	t	\N	\N	0	\N	\N	\N	\N	\N
1629	2	1	69900	2022-01-28 02:39:43.972343+03	t	\N	\N	0	\N	\N	\N	\N	\N
1630	1	1	88500	2022-01-28 02:43:00+03	t	\N	\N	0	\N	\N	\N	\N	\N
1631	2	1	99950	2022-01-28 02:45:04.195587+03	t	\N	\N	0	\N	\N	\N	\N	\N
1632	8	1	120500	2022-01-28 03:59:04.363686+03	t	\N	\N	0	\N	\N	\N	\N	\N
1671	2	1	14990	2022-01-31 16:50:44.082144+03	t	\N	\N	0	\N	\N	\N	\N	\N
1634	2	1	44970	2022-01-28 04:05:55.500834+03	f	\N	\N	0	\N	\N	\N	\N	\N
1677	6	1	290	2022-01-31 18:15:30.364266+03	t	\N	\N	0	\N	\N	\N	\N	\N
1706	4	1	2500	2022-01-31 20:33:02.24296+03	f	\N	\N	0	\N	\N	\N	\N	\N
1707	5	2	1000	2022-01-31 20:49:21.91182+03	t	\N	\N	0	\N	\N	\N	\N	\N
1708	5	2	100	2022-01-31 20:51:29.969248+03	t	\N	\N	0	\N	\N	\N	\N	\N
1652	3	1	290	2022-01-24 21:08:00+03	t	\N	\N	0	\N	\N	\N	\N	\N
1709	5	2	1000	2022-01-31 21:10:26.181168+03	t	\N	\N	0	\N	\N	\N	\N	\N
1710	5	2	1000	2022-01-31 21:10:45.413019+03	t	\N	\N	0	\N	\N	\N	\N	\N
1726	3	1	290	2022-02-02 20:58:12.166787+03	f	\N	\N	0	\N	\N	\N	\N	\N
1659	3	1	290	2022-01-31 03:35:29.94911+03	t	\N	\N	0	\N	\N	\N	\N	\N
1660	3	1	290	2022-01-31 03:51:21.668624+03	t	\N	\N	0	\N	\N	\N	\N	\N
1694	10	1	500	2022-01-30 19:10:00+03	t	\N	\N	0	\N	\N	\N	\N	\N
1695	10	1	1000	2022-01-31 19:22:06.086499+03	t	\N	\N	0	\N	\N	\N	\N	\N
1661	3	1	290	2022-01-30 03:52:00+03	t	\N	\N	0	\N	\N	\N	\N	\N
1662	2	2	\N	2022-01-31 06:10:46.143358+03	t	\N	\N	0	\N	\N	\N	\N	\N
1663	2	2	0	2022-01-31 06:12:49.894133+03	t	\N	\N	0	\N	\N	\N	\N	\N
1664	2	2	14990	2022-01-31 06:13:20.437794+03	t	\N	\N	0	\N	\N	\N	\N	\N
1665	2	2	14990	2022-01-31 06:15:45.282169+03	t	\N	\N	0	\N	\N	\N	\N	\N
1666	3	2	290	2022-01-31 06:30:31.180344+03	t	\N	\N	0	\N	\N	\N	\N	\N
1667	2	2	14990	2022-01-31 06:33:59.382592+03	t	\N	\N	0	\N	\N	\N	\N	\N
1696	10	2	500	2022-01-31 19:23:20.966022+03	t	\N	\N	0	\N	\N	\N	\N	\N
1697	4	2	2500	2022-01-31 20:01:34.495062+03	t	\N	\N	0	\N	\N	\N	\N	\N
1716	5	2	1000	2022-01-31 22:01:18.287957+03	t	\N	\N	0	\N	\N	\N	\N	\N
1718	5	1	1500	2022-01-31 22:03:59.635092+03	t	\N	\N	0	\N	\N	\N	\N	\N
1719	3	2	290	2022-02-02 13:22:40.315619+03	f	\N	\N	0	\N	\N	\N	\N	\N
1720	3	2	290	2022-02-02 14:19:08.132523+03	t	\N	\N	0	\N	\N	\N	\N	\N
1721	3	2	290	2022-02-02 15:30:01.810619+03	t	\N	\N	0	\N	\N	\N	\N	\N
1722	3	1	290	2022-02-02 17:32:25.680628+03	f	\N	\N	0	\N	\N	\N	\N	\N
1795	1	1	116990	2022-02-13 03:58:00+03	t	\N	\N	0	\N	\N	1	1	\N
1764	3	1	14990	2022-02-05 20:19:00+03	t	\N	\N	0	0	8	\N	\N	\N
1765	3	1	14990	2022-02-07 04:12:49.569759+03	t	\N	\N	0	14990	8	\N	\N	\N
1796	8	1	2000	2022-02-13 04:14:10.931892+03	t	\N	\N	0	\N	\N	\N	1	\N
1745	3	1	290	2022-02-03 16:23:00+03	t	\N	\N	0	-870	8	\N	\N	\N
1729	3	1	232	2022-02-03 07:14:21.354101+03	f	\N	\N	58	\N	\N	\N	\N	\N
1888	9	1	\N	2022-02-17 14:19:49.171944+03	t	\N	\N	0	\N	\N	\N	\N	\N
1766	3	1	14990	2022-02-07 04:21:00+03	t	\N	\N	0	0	8	\N	\N	\N
1731	3	1	290	2022-02-03 21:18:42.99363+03	f	\N	\N	0	290	\N	\N	\N	\N
1730	3	1	290	2022-02-03 21:17:43.421725+03	f	\N	\N	0	290	\N	\N	\N	\N
1937	2	1	30000	2022-02-18 20:36:00+03	t	\N	\N	0	\N	\N	\N	4	1
1806	10	2	400	2022-02-14 04:52:00+03	f	\N	\N	0	\N	\N	\N	1	4
1801	2	1	34270	2022-02-13 04:33:00+03	f	\N	\N	0	\N	\N	\N	4	1
1802	10	2	100	2022-02-14 03:55:26.696255+03	t	\N	\N	0	\N	\N	\N	1	4
1741	3	1	-406	2022-02-04 04:34:47.835508+03	f	\N	\N	0	290	8	\N	\N	\N
1742	3	1	290	2022-02-04 04:58:03.326724+03	f	\N	\N	0	290	8	\N	\N	\N
1735	3	1	232	2022-02-03 21:45:31.124582+03	f	\N	\N	58	290	\N	\N	\N	\N
1736	3	1	290	2022-02-03 21:47:34.997753+03	f	\N	\N	0	290	\N	\N	\N	\N
1737	3	1	290	2022-02-04 04:22:36.116573+03	t	\N	\N	0	290	8	\N	\N	\N
1803	10	2	200	2022-02-14 04:12:23.506409+03	f	\N	\N	0	\N	\N	\N	1	4
1804	10	2	300	2022-02-14 04:40:42.698302+03	f	\N	\N	0	\N	\N	\N	1	4
1818	5	2	500	2022-02-14 15:27:16.31022+03	t	\N	\N	0	\N	\N	\N	\N	4
1754	3	1	290	2022-02-05 19:04:00+03	f	\N	\N	0	0	8	\N	\N	\N
1805	10	2	400	2022-02-14 04:43:07.656484+03	f	\N	\N	0	\N	\N	\N	1	4
1808	10	2	400	2022-02-14 05:17:00+03	f	\N	\N	0	\N	\N	\N	1	4
1750	1	1	13799	2022-02-05 18:22:00+03	t	\N	\N	0	\N	\N	1	\N	\N
1890	6	1	290	2022-02-18 04:27:52.875929+03	f	\N	\N	0	\N	\N	\N	4	\N
1892	3	1	300	2022-02-20 03:40:35.333132+03	t	\N	\N	0	300	7	\N	\N	4
1894	5	1	\N	2022-02-18 17:51:00+03	t	\N	\N	0	\N	\N	\N	\N	4
1807	10	2	700	2022-02-14 05:16:00+03	f	\N	\N	0	\N	\N	\N	1	4
1896	5	1	350	2022-02-17 17:54:00+03	t	\N	\N	0	\N	\N	\N	\N	4
1836	3	1	290	2022-02-15 03:27:40.513939+03	t	\N	\N	0	290	7	\N	\N	4
1821	5	1	200	2022-02-14 15:30:13.01774+03	t	\N	\N	0	\N	\N	\N	\N	4
1767	3	1	14990	2022-02-07 04:53:00+03	t	\N	\N	0	-44970	8	\N	\N	\N
1822	5	1	200	2022-02-14 15:30:52.598619+03	t	\N	\N	0	\N	\N	\N	\N	4
1780	2	2	1499	2022-02-08 04:51:07.976193+03	f	\N	\N	0	\N	\N	\N	4	1
1788	7	1	290	2022-02-12 18:48:39.985113+03	f	\N	\N	0	\N	\N	\N	\N	3
1825	2	2	1160	2022-02-15 02:09:00+03	t	\N	\N	0	\N	\N	\N	4	1
1776	2	1	1499	2022-02-08 04:23:30.904715+03	f	\N	\N	0	\N	\N	\N	4	1
1844	11	1	200	2022-02-15 12:37:00+03	f	\N	\N	0	\N	\N	\N	4	\N
1831	6	1	290	2022-02-15 02:43:14.615383+03	f	\N	\N	0	\N	\N	\N	4	\N
1843	7	1	15280	2022-02-15 05:41:00+03	t	\N	\N	0	\N	\N	\N	\N	4
1832	3	2	290	2022-02-15 03:01:54.21108+03	t	\N	\N	0	290	8	\N	\N	4
1833	3	1	290	2022-02-15 03:08:05.667333+03	t	\N	\N	0	290	7	\N	\N	4
1834	3	1	290	2022-02-15 03:17:43.270438+03	t	\N	\N	0	290	8	\N	\N	4
1850	9	1	\N	2022-02-16 15:28:10.299581+03	t	\N	\N	0	\N	\N	\N	\N	\N
1851	9	1	\N	2022-02-16 15:29:08.020562+03	t	\N	\N	0	\N	\N	\N	\N	\N
1855	9	1	\N	2022-02-16 15:44:44.390594+03	t	\N	\N	0	\N	\N	\N	\N	\N
1852	9	1	\N	2022-02-16 15:34:53.239286+03	t	\N	\N	0	\N	\N	\N	\N	\N
1853	9	1	\N	2022-02-16 15:39:37.683691+03	t	\N	\N	0	\N	\N	\N	\N	\N
1854	9	1	\N	2022-02-16 15:43:21.345123+03	t	\N	\N	0	\N	\N	\N	\N	\N
1794	2	2	290	2022-02-13 03:35:23.534266+03	t	\N	\N	0	\N	\N	\N	4	1
1856	9	1	\N	2022-02-16 15:46:11.674069+03	t	\N	\N	0	\N	\N	\N	\N	\N
1857	9	1	\N	2022-02-16 15:46:59.226435+03	t	\N	\N	0	\N	\N	\N	\N	\N
1858	9	1	\N	2022-02-16 15:47:08.073194+03	t	\N	\N	0	\N	\N	\N	\N	\N
1859	9	1	\N	2022-02-16 16:13:41.386491+03	t	\N	\N	0	\N	\N	\N	\N	\N
1860	9	1	\N	2022-02-16 16:13:45.771273+03	t	\N	\N	0	\N	\N	\N	\N	\N
1861	9	1	\N	2022-02-16 16:16:56.983103+03	t	\N	\N	0	\N	\N	\N	\N	\N
1862	9	1	\N	2022-02-16 16:27:06.238799+03	t	\N	\N	0	\N	\N	\N	\N	\N
1863	9	1	\N	2022-02-16 16:27:15.496195+03	t	\N	\N	0	\N	\N	\N	\N	\N
2006	1	1	10000	2022-02-05 04:22:00+03	t	\N	\N	0	\N	\N	2	1	\N
1938	3	1	100	2022-02-20 20:44:09.962789+03	t	\N	\N	0	100	7	\N	\N	4
1939	3	1	100	2022-02-20 20:51:02.520503+03	t	\N	\N	0	100	7	\N	\N	4
1940	1	1	300	2022-02-20 20:59:00+03	t	\N	\N	0	\N	\N	2	1	\N
1941	2	1	300	2022-02-20 21:00:21.930668+03	t	\N	\N	0	\N	\N	\N	3	1
1942	3	1	300	2022-02-20 21:00:39.907229+03	t	\N	\N	0	300	7	\N	\N	3
1943	2	1	14990	2022-02-20 21:02:37.647007+03	t	\N	\N	0	\N	\N	\N	3	1
1944	3	1	14990	2022-02-20 21:02:53.683564+03	t	\N	\N	0	14990	7	\N	\N	3
1978	10	1	2000	2022-02-19 16:46:00+03	t	\N	\N	0	\N	\N	\N	1	3
1945	1	1	2090	2022-02-20 21:09:00+03	t	\N	\N	0	\N	\N	1	1	\N
2007	1	1	1500	2022-02-04 04:30:00+03	t	\N	\N	0	\N	\N	2	1	\N
1986	3	1	100	2022-02-19 18:11:00+03	t	\N	\N	0	-100	7	\N	\N	4
1946	1	1	2090	2022-02-20 21:13:00+03	t	\N	\N	0	\N	\N	1	1	\N
1947	2	1	2490	2022-02-20 21:14:08.515176+03	t	\N	\N	0	\N	\N	\N	2	1
1949	5	1	500	2022-02-20 21:15:10.652476+03	t	\N	\N	0	\N	\N	\N	\N	3
1889	3	1	300	2022-02-17 14:59:00+03	t	\N	\N	0	-310	8	\N	\N	4
1893	3	1	300	2022-02-20 17:28:15.654324+03	t	\N	\N	0	300	7	\N	\N	4
1895	5	1	250	2022-02-18 17:51:00+03	t	\N	\N	0	\N	\N	\N	\N	4
1897	1	1	100000	2022-02-14 19:28:00+03	t	\N	\N	0	\N	\N	2	1	\N
1875	8	1	350	2022-02-17 04:19:00+03	f	\N	\N	0	\N	\N	\N	4	\N
1950	4	1	1500	2022-02-20 21:15:45.395531+03	t	\N	\N	0	\N	\N	\N	\N	4
1951	10	1	1000	2022-02-20 21:16:20.691527+03	t	\N	\N	0	\N	\N	\N	1	4
1992	6	1	100	2022-02-19 18:56:00+03	f	\N	\N	0	\N	\N	\N	4	\N
1953	3	1	300	2022-02-20 21:18:26.027425+03	t	\N	\N	0	300	7	\N	\N	4
1964	8	1	4800	2022-02-19 14:20:00+03	t	\N	\N	0	\N	\N	\N	4	\N
1966	3	1	100	2022-02-19 14:25:00+03	t	\N	\N	0	0	7	\N	\N	2
1956	6	1	14990	2022-02-20 21:46:12.961197+03	t	\N	\N	0	\N	\N	\N	3	\N
2008	1	1	1500	2022-02-02 04:41:00+03	t	\N	\N	0	\N	\N	2	1	\N
1987	3	1	300	2022-02-18 18:13:00+03	t	\N	\N	0	-300	7	\N	\N	4
1957	2	1	25000	2022-02-16 05:22:00+03	t	\N	\N	0	\N	\N	\N	3	1
1965	7	1	1000	2022-02-19 14:24:00+03	t	\N	\N	0	\N	\N	\N	\N	2
1958	2	1	10000	2022-02-17 05:42:00+03	t	\N	\N	0	\N	\N	\N	2	1
1993	6	1	100	2022-02-18 19:07:00+03	t	\N	\N	0	\N	\N	\N	2	\N
1960	2	1	10000	2022-02-15 14:14:00+03	t	\N	\N	0	\N	\N	\N	2	1
1961	1	1	50000	2022-02-19 14:16:00+03	t	\N	\N	0	\N	\N	2	1	\N
1968	6	1	100	2022-02-20 14:29:00+03	t	\N	\N	0	\N	\N	\N	3	\N
1962	3	1	100	2022-02-18 14:17:00+03	t	\N	\N	0	0	7	\N	\N	3
1969	3	1	100	2022-02-18 15:57:00+03	t	\N	\N	0	100	7	\N	\N	3
1970	3	1	100	2022-02-18 15:57:00+03	t	\N	\N	0	100	7	\N	\N	3
1981	3	1	100	2022-02-18 17:48:00+03	t	\N	\N	0	100	7	\N	\N	2
1988	3	1	100	2022-02-19 18:38:00+03	t	\N	\N	0	0	7	\N	\N	4
1972	5	1	500	2022-02-19 16:19:00+03	t	\N	\N	0	\N	\N	\N	\N	3
1973	4	1	300	2022-02-19 16:21:00+03	t	\N	\N	0	\N	\N	\N	\N	3
1994	7	1	100	2022-02-16 04:08:00+03	t	\N	\N	0	\N	\N	\N	\N	2
1967	3	1	100	2022-02-18 14:26:00+03	t	\N	\N	0	0	7	\N	\N	2
1948	3	1	2490	2022-02-20 21:14:27.126273+03	f	\N	\N	0	2490	7	\N	\N	2
1974	4	1	300	2022-02-19 16:21:00+03	t	\N	\N	0	\N	\N	\N	\N	3
1975	11	1	\N	2022-02-14 16:28:00+03	t	\N	\N	0	\N	\N	\N	3	\N
1963	3	1	100	2022-02-18 14:19:00+03	t	\N	\N	0	0	7	\N	\N	3
1976	11	1	1000	2022-02-14 16:28:00+03	t	\N	\N	0	\N	\N	\N	3	\N
1989	3	1	300	2022-02-19 18:41:00+03	t	\N	\N	0	-300	7	\N	\N	4
1982	3	1	100	2022-02-18 17:50:00+03	t	\N	\N	0	-200	7	\N	\N	2
1983	3	1	100	2022-02-17 18:01:00+03	t	\N	\N	0	100	7	\N	\N	2
1984	3	1	100	2022-02-17 18:07:00+03	t	\N	\N	0	100	7	\N	\N	2
1985	3	1	100	2022-02-21 18:11:13.632735+03	t	\N	\N	0	100	7	\N	\N	4
1990	3	1	100	2022-02-20 18:48:00+03	t	\N	\N	0	0	7	\N	\N	4
1991	3	1	100	2022-02-19 18:54:00+03	t	\N	\N	0	0	7	\N	\N	4
2003	1	1	\N	2022-02-10 04:10:00+03	t	\N	\N	0	\N	\N	1	1	\N
2010	1	1	7000	2022-02-01 04:47:00+03	f	\N	\N	0	\N	\N	2	1	\N
2005	1	1	1000	2022-02-13 04:21:00+03	t	\N	\N	0	\N	\N	1	1	\N
2009	1	1	5000	2022-02-02 04:44:00+03	t	\N	\N	0	\N	\N	2	1	\N
2004	1	1	1000	2022-02-10 04:10:00+03	f	\N	\N	0	\N	\N	1	1	\N
2012	1	1	1000	2022-01-31 04:52:00+03	t	\N	\N	0	\N	\N	2	1	\N
2021	1	1	3000	2022-02-08 06:21:00+03	t	\N	\N	0	\N	\N	2	1	\N
2022	1	1	100	2022-02-21 07:21:05.552056+03	t	\N	\N	0	\N	\N	2	1	\N
2018	1	1	1500	2022-02-21 06:13:00+03	t	\N	\N	0	\N	\N	2	1	\N
2023	1	1	5000	2022-02-20 07:27:47.904825+03	t	\N	\N	0	\N	\N	1	1	\N
2019	1	1	1000	2022-02-22 06:19:31.99862+03	t	\N	\N	0	\N	\N	1	1	\N
2048	1	1	1000	2022-01-25 15:20:47.481512+03	t	\N	\N	0	\N	\N	2	1	\N
\.


--
-- Data for Name: app_product_identifier; Type: TABLE DATA; Schema: public; Owner: postgres
--

COPY public.app_product_identifier (id, created) FROM stdin;
2786	2022-01-17 07:58:21.221449+03
2974	2022-01-29 01:34:01.968656+03
2975	2022-01-29 01:40:42.631733+03
2976	2022-01-29 01:52:19.688546+03
2977	2022-01-29 01:53:40.759276+03
3071	2022-01-30 18:10:09.574481+03
2860	2022-01-19 11:56:01.816075+03
2793	2022-01-17 08:10:42.772711+03
3072	2022-01-30 18:11:44.907742+03
2981	2022-01-29 10:13:00.458716+03
2864	2022-01-19 18:10:53.004735+03
2651	2022-01-11 01:28:55.741369+03
2983	2022-01-29 17:56:23.826437+03
2985	2022-01-29 18:08:51.969892+03
2986	2022-01-29 18:09:36.943431+03
2870	2022-01-19 18:36:48.35643+03
2657	2022-01-11 01:41:01.376396+03
2658	2022-01-11 01:42:10.477622+03
2804	2022-01-17 08:22:56.4201+03
2661	2022-01-11 01:43:50.065859+03
3078	2022-01-30 19:41:51.023836+03
2874	2022-01-20 01:01:11.425261+03
2875	2022-01-20 01:48:58.964192+03
2724	2022-01-13 00:41:35.755086+03
2877	2022-01-20 17:22:24.038792+03
2726	2022-01-13 00:43:19.390752+03
2727	2022-01-13 00:55:08.827616+03
2878	2022-01-20 19:03:34.307527+03
2729	2022-01-13 01:02:37.200533+03
2730	2022-01-13 01:23:42.945592+03
2991	2022-01-30 11:46:27.074913+03
2992	2022-01-30 12:05:47.933468+03
3080	2022-01-30 19:52:56.854974+03
2677	2022-01-12 02:09:59.994563+03
2678	2022-01-12 02:10:41.739692+03
2994	2022-01-30 12:07:36.200962+03
2735	2022-01-13 07:54:59.767635+03
2995	2022-01-30 12:08:52.566938+03
2996	2022-01-30 12:09:47.516989+03
2997	2022-01-30 12:12:23.65881+03
2998	2022-01-30 12:13:31.310673+03
3000	2022-01-30 12:19:50.459061+03
2889	2022-01-21 11:53:21.936759+03
3082	2022-01-30 19:56:47.552334+03
3083	2022-01-30 20:03:51.970695+03
3084	2022-01-30 20:04:34.383622+03
2893	2022-01-21 12:54:56.888371+03
2747	2022-01-15 10:09:17.339215+03
2894	2022-01-21 12:55:18.362442+03
2694	2022-01-12 13:10:19.077751+03
2695	2022-01-12 13:10:40.362618+03
2749	2022-01-15 10:11:16.627295+03
3005	2022-01-30 12:49:20.514114+03
2751	2022-01-15 10:39:01.230302+03
2897	2022-01-21 13:57:55.985223+03
2753	2022-01-15 10:40:37.353561+03
2754	2022-01-15 10:42:15.04492+03
2755	2022-01-15 11:31:59.920861+03
2756	2022-01-15 11:32:30.171895+03
3006	2022-01-30 12:49:36.334045+03
2899	2022-01-21 14:02:44.47748+03
2900	2022-01-21 16:10:30.063911+03
3007	2022-01-30 12:56:47.601638+03
3008	2022-01-30 13:02:59.202005+03
2837	2022-01-18 14:17:45.18917+03
3010	2022-01-30 13:06:57.738962+03
3011	2022-01-30 13:09:50.851395+03
3087	2022-01-30 20:08:25.012271+03
2842	2022-01-18 14:54:30.851254+03
2843	2022-01-18 15:10:29.850173+03
3088	2022-01-31 00:33:13.831204+03
2845	2022-01-18 15:48:27.806734+03
2908	2022-01-22 00:39:20.017808+03
2772	2022-01-17 01:08:53.361609+03
2847	2022-01-18 15:50:27.269307+03
2848	2022-01-19 01:06:31.279451+03
3267	2022-02-12 16:10:34.928101+03
2850	2022-01-19 10:55:36.697956+03
2851	2022-01-19 10:57:35.568108+03
2852	2022-01-19 11:33:30.314936+03
2779	2022-01-17 07:07:05.669512+03
3268	2022-02-12 16:11:54.563984+03
3016	2022-01-30 13:32:47.291167+03
3270	2022-02-12 16:27:32.073232+03
3095	2022-01-31 01:29:34.369855+03
3096	2022-01-31 01:40:15.388964+03
3023	2022-01-30 14:30:59.990394+03
3097	2022-01-31 01:42:40.306771+03
3098	2022-01-31 01:44:38.083881+03
3026	2022-01-30 14:54:45.012108+03
3100	2022-01-31 03:06:52.909005+03
3189	2022-02-05 16:49:04.555423+03
3190	2022-02-05 16:55:37.433086+03
3193	2022-02-05 17:02:26.41952+03
2929	2022-01-22 02:12:52.825129+03
3194	2022-02-05 17:06:49.733535+03
3277	2022-02-12 23:36:08.763499+03
3109	2022-01-31 13:46:19.467631+03
3279	2022-02-12 23:40:03.371033+03
2936	2022-01-23 12:13:40.636886+03
2937	2022-01-23 12:14:25.364454+03
3113	2022-01-31 13:51:12.355113+03
3115	2022-01-31 14:20:47.734086+03
3118	2022-01-31 14:47:22.144954+03
3120	2022-01-31 14:50:11.555858+03
3050	2022-01-30 16:44:15.030322+03
3122	2022-01-31 14:52:18.27878+03
3123	2022-01-31 14:53:44.548171+03
3054	2022-01-30 16:56:01.476635+03
3055	2022-01-30 16:59:04.70788+03
3206	2022-02-07 16:44:24.214831+03
3207	2022-02-07 16:51:39.769569+03
3062	2022-01-30 17:11:14.162198+03
3063	2022-01-30 17:14:28.247609+03
3065	2022-01-30 17:25:43.134262+03
3380	2022-02-20 16:29:00.760176+03
3381	2022-02-20 16:34:18.870853+03
3384	2022-02-20 16:37:03.337675+03
3385	2022-02-20 16:42:05.250764+03
3141	2022-02-02 11:17:03.14561+03
2973	2022-01-29 00:44:40.869834+03
3221	2022-02-08 11:35:56.711137+03
3222	2022-02-08 11:37:29.484821+03
3301	2022-02-13 01:14:24.112313+03
3302	2022-02-13 01:17:57.262602+03
3386	2022-02-20 16:47:10.621394+03
3388	2022-02-20 16:49:47.12986+03
3149	2022-02-02 15:02:27.94087+03
3390	2022-02-20 16:51:59.591732+03
3392	2022-02-20 16:53:15.157626+03
3393	2022-02-20 16:53:56.609491+03
3396	2022-02-20 16:55:23.441475+03
3400	2022-02-20 16:59:42.600987+03
3401	2022-02-20 17:05:09.915595+03
3163	2022-02-04 01:18:41.929651+03
3241	2022-02-11 02:54:06.44509+03
3491	2022-02-22 03:22:57.447442+03
3246	2022-02-12 12:43:10.345777+03
3406	2022-02-20 17:14:37.639007+03
3492	2022-02-22 03:43:45.472982+03
3408	2022-02-20 17:26:03.950853+03
3493	2022-02-22 03:58:28.123362+03
3494	2022-02-22 04:00:47.976912+03
3495	2022-02-22 04:06:08.129184+03
3332	2022-02-15 01:20:48.427418+03
3333	2022-02-15 01:22:12.845629+03
3501	2022-02-25 00:39:47.93266+03
3339	2022-02-15 02:08:42.4368+03
3340	2022-02-15 02:09:06.242611+03
3345	2022-02-15 02:23:31.010812+03
3346	2022-02-15 02:25:21.867275+03
3430	2022-02-21 01:34:58.730556+03
3431	2022-02-21 01:36:05.527523+03
3432	2022-02-21 01:36:44.033138+03
3433	2022-02-21 01:38:04.731621+03
\.


--
-- Data for Name: app_product_register; Type: TABLE DATA; Schema: public; Owner: postgres
--

COPY public.app_product_register (id, price, sub_total, product_id, identifier_id, quantity, shop_id, created, number, document_id, supplier_id, new, deleted, contributor_id, voucher_id, expense_id, cash_receiver_id, current_price, imei, name, doc_type_id, real_quantity) FROM stdin;
6371	12490	12490	54	2661	1	4	2022-01-11 01:43:54.712007+03	1	\N	\N	f	f	\N	\N	\N	\N	\N	\N	\N	\N	\N
6984	290	290	55	3080	1	4	2022-01-30 19:53:01.093328+03	1	\N	\N	f	f	\N	\N	\N	\N	\N	\N	\N	\N	\N
6826	290	290	55	2929	1	4	2022-01-22 02:12:59.715503+03	1	\N	\N	f	f	\N	\N	\N	\N	\N	\N	\N	\N	\N
6401	11990	11990	54	2678	1	1	2022-01-12 02:10:45.975781+03	\N	\N	\N	f	f	\N	\N	\N	\N	\N	\N	\N	\N	\N
6402	11990	11990	54	2678	1	1	2022-01-12 02:10:45.992119+03	\N	\N	\N	f	f	\N	\N	\N	\N	\N	\N	\N	\N	\N
6986	290	290	55	3082	1	4	2022-01-30 19:56:51.252317+03	1	\N	\N	f	f	\N	\N	\N	\N	\N	\N	\N	\N	\N
6988	290	290	55	3084	1	4	2022-01-30 20:04:38.335123+03	1	\N	\N	f	f	\N	\N	\N	\N	\N	\N	\N	\N	\N
6939	14990	44970	58	\N	3	\N	2022-01-30 13:36:19.458318+03	1	1634	\N	f	f	\N	\N	\N	\N	\N	\N	\N	\N	\N
6362	12490	12490	54	2651	1	4	2022-01-11 01:29:41.908773+03	1	\N	\N	f	f	\N	\N	\N	\N	\N	\N	\N	\N	\N
5649	290	870	6	\N	3	2	2021-12-28 14:28:40.348407+03	1	1471	\N	f	f	\N	\N	\N	\N	\N	\N	\N	\N	\N
6992	290	290	55	3088	1	4	2022-01-31 00:33:21.137199+03	1	\N	\N	f	f	\N	\N	\N	\N	\N	\N	\N	\N	\N
6368	12490	12490	54	2658	1	4	2022-01-11 01:42:14.725036+03	1	\N	\N	f	f	\N	\N	\N	\N	\N	\N	\N	\N	\N
6943	290	290	55	3026	1	4	2022-01-30 14:54:48.461456+03	1	\N	\N	f	f	\N	\N	\N	\N	\N	\N	\N	\N	\N
5655	149	149	1	\N	1	1	2021-12-29 14:35:33.881924+03	1	1138	1	f	f	\N	\N	\N	\N	\N	\N	\N	\N	\N
6960	290	290	55	3054	1	4	2022-01-30 16:56:40.714906+03	1	\N	\N	f	f	\N	\N	\N	\N	\N	\N	\N	\N	\N
5658	490	490	1	\N	1	\N	2021-12-29 15:06:16.99861+03	1	1254	\N	f	f	\N	\N	\N	\N	\N	\N	\N	\N	\N
5659	8490	8490	4	\N	1	1	2021-12-29 15:08:25.672183+03	1	1217	\N	f	f	\N	\N	\N	\N	\N	\N	\N	\N	\N
5660	290	290	6	\N	1	1	2021-12-29 15:08:25.677698+03	2	1217	\N	f	f	\N	\N	\N	\N	\N	\N	\N	\N	\N
5661	490	490	1	\N	1	1	2021-12-29 15:08:25.680695+03	3	1217	\N	f	f	\N	\N	\N	\N	\N	\N	\N	\N	\N
6555	12990	12990	54	2751	1	4	2022-01-15 10:39:35.30886+03	\N	\N	\N	f	f	\N	\N	\N	\N	\N	\N	\N	\N	\N
6603	290	290	55	2793	1	4	2022-01-17 08:11:04.316696+03	1	\N	\N	f	f	\N	\N	\N	\N	\N	\N	\N	\N	\N
6796	290	290	55	2894	1	4	2022-01-21 12:55:23.041361+03	1	\N	\N	f	f	\N	\N	\N	\N	\N	\N	\N	\N	\N
6414	0	0	54	\N	3	4	2022-01-12 02:26:07.119785+03	1	1541	\N	f	f	\N	\N	\N	\N	\N	\N	\N	\N	\N
6780	290	290	55	2870	1	4	2022-01-19 18:36:51.946888+03	1	\N	\N	f	f	\N	\N	\N	\N	\N	\N	\N	\N	\N
6782	290	290	55	2874	1	4	2022-01-20 01:01:14.833011+03	1	\N	\N	f	f	\N	\N	\N	\N	\N	\N	\N	\N	\N
6775	290	290	55	2860	1	4	2022-01-19 11:56:06.62536+03	1	\N	\N	f	f	\N	\N	\N	\N	\N	\N	\N	\N	\N
6786	290	290	55	2878	1	4	2022-01-20 19:03:37.474497+03	1	\N	\N	f	f	\N	\N	\N	\N	\N	\N	\N	\N	\N
6802	290	290	55	2900	1	4	2022-01-21 16:10:40.682634+03	1	\N	\N	f	f	\N	\N	\N	\N	\N	\N	\N	\N	\N
6966	290	290	55	3062	1	4	2022-01-30 17:11:19.426267+03	1	\N	\N	f	f	\N	\N	\N	\N	\N	\N	\N	\N	\N
6968	290	290	55	3065	1	4	2022-01-30 17:25:50.659551+03	1	\N	\N	f	f	\N	\N	\N	\N	\N	\N	\N	\N	\N
7063	14990	14990	58	\N	1	\N	2022-01-31 17:16:29.10946+03	1	1667	\N	f	f	\N	\N	\N	\N	\N	\N	\N	\N	\N
6923	0	0	55	2991	1	\N	2022-01-30 11:46:31.269841+03	1	\N	\N	f	f	\N	\N	\N	\N	\N	\N	\N	\N	\N
6974	290	290	55	3072	1	4	2022-01-30 18:11:50.024885+03	1	\N	\N	f	f	\N	\N	\N	\N	\N	\N	\N	\N	\N
6927	0	0	55	2995	1	\N	2022-01-30 12:08:57.292923+03	1	\N	\N	f	f	\N	\N	\N	\N	\N	\N	\N	\N	\N
6929	0	0	55	2997	1	\N	2022-01-30 12:12:27.676355+03	1	\N	\N	f	f	\N	\N	\N	\N	\N	\N	\N	\N	\N
7024	0	0	55	3120	1	\N	2022-01-31 14:50:15.928182+03	1	\N	\N	f	f	\N	\N	\N	\N	\N	\N	\N	\N	\N
7026	0	0	55	3122	1	\N	2022-01-31 14:52:23.000141+03	1	\N	\N	f	f	\N	\N	\N	\N	\N	\N	\N	\N	\N
6496	0	0	55	\N	1	4	2022-01-12 11:37:21.815587+03	1	1513	\N	f	f	\N	\N	\N	\N	\N	\N	\N	\N	\N
7083	290	290	55	3141	1	4	2022-02-02 11:17:07.370024+03	1	\N	\N	f	f	\N	\N	\N	\N	\N	\N	\N	\N	\N
7091	290	290	55	\N	1	4	2022-02-02 17:32:25.680628+03	\N	1722	\N	f	f	\N	\N	\N	\N	\N	1414	\N	\N	\N
7093	290	290	55	\N	1	4	2022-02-02 17:32:25.680628+03	\N	1722	\N	f	f	\N	\N	\N	\N	\N	1414	\N	\N	\N
7097	290	290	55	3149	1	4	2022-02-02 15:02:49.915554+03	1	\N	\N	f	f	\N	\N	\N	\N	\N	\N	\N	\N	\N
6080	0	0	1	\N	1	2	2022-01-03 02:03:01.05595+03	1	1494	1	f	f	\N	\N	\N	\N	\N	\N	\N	\N	\N
6399	11990	11990	54	2677	1	1	2022-01-12 02:10:05.270521+03	\N	\N	\N	f	f	\N	\N	\N	\N	\N	\N	\N	\N	\N
6400	11990	11990	54	2677	1	1	2022-01-12 02:10:05.288472+03	\N	\N	\N	f	f	\N	\N	\N	\N	\N	\N	\N	\N	\N
6799	290	290	55	2897	1	4	2022-01-21 13:57:59.413578+03	1	\N	\N	f	f	\N	\N	\N	\N	\N	\N	\N	\N	\N
6514	0	0	54	\N	6	4	2022-01-12 12:43:06.369271+03	1	1542	\N	f	f	\N	\N	\N	\N	\N	\N	\N	\N	\N
6801	290	290	55	2899	1	4	2022-01-21 14:02:47.956453+03	1	\N	\N	f	f	\N	\N	\N	\N	\N	\N	\N	\N	\N
6783	290	290	55	2875	1	4	2022-01-20 01:49:03.884852+03	1	\N	\N	f	f	\N	\N	\N	\N	\N	\N	\N	\N	\N
6785	290	290	55	2877	1	4	2022-01-20 17:22:27.879218+03	1	\N	\N	f	f	\N	\N	\N	\N	\N	\N	\N	\N	\N
6987	290	290	55	3083	1	4	2022-01-30 20:03:55.822084+03	1	\N	\N	f	f	\N	\N	\N	\N	\N	\N	\N	\N	\N
6762	290	290	55	2837	1	4	2022-01-18 14:17:48.243774+03	1	\N	\N	f	f	\N	\N	\N	\N	\N	\N	\N	\N	\N
7013	0	0	58	3109	1	\N	2022-01-31 13:46:27.761607+03	1	\N	\N	f	f	\N	\N	\N	\N	\N	\N	\N	\N	\N
6367	3122	3122	54	2657	1	1	2022-01-11 01:41:06.702643+03	1	\N	\N	f	f	\N	\N	\N	\N	\N	\N	\N	\N	\N
6807	290	290	55	2908	1	4	2022-01-22 00:39:26.13809+03	1	\N	\N	f	f	\N	\N	\N	\N	\N	\N	\N	\N	\N
6991	290	290	55	3087	1	4	2022-01-30 20:08:28.472463+03	1	\N	\N	f	f	\N	\N	\N	\N	\N	\N	\N	\N	\N
6772	290	290	55	2852	1	4	2022-01-19 11:33:34.596377+03	1	\N	\N	f	f	\N	\N	\N	\N	\N	\N	\N	\N	\N
6959	290	290	55	3050	1	4	2022-01-30 16:45:29.929061+03	1	\N	\N	f	f	\N	\N	\N	\N	\N	\N	\N	\N	\N
7019	290	290	55	3115	1	4	2022-01-31 14:20:59.539483+03	1	\N	\N	f	f	\N	\N	\N	\N	\N	\N	\N	\N	\N
6918	0	0	55	2983	1	\N	2022-01-29 17:57:22.866969+03	1	\N	\N	f	f	\N	\N	\N	\N	\N	\N	\N	\N	\N
6920	0	0	55	2986	1	\N	2022-01-29 18:13:02.059296+03	1	\N	\N	f	f	\N	\N	\N	\N	\N	\N	\N	\N	\N
7092	290	290	55	\N	1	4	2022-02-02 17:32:25.680628+03	\N	1722	\N	f	f	\N	\N	\N	\N	\N	1414	\N	\N	\N
6924	290	290	55	2992	1	4	2022-01-30 12:05:54.783533+03	1	\N	\N	f	f	\N	\N	\N	\N	\N	\N	\N	\N	\N
6926	0	0	55	2994	1	\N	2022-01-30 12:07:40.833219+03	1	\N	\N	f	f	\N	\N	\N	\N	\N	\N	\N	\N	\N
6967	290	290	55	3063	1	4	2022-01-30 17:14:33.039327+03	1	\N	\N	f	f	\N	\N	\N	\N	\N	\N	\N	\N	\N
6928	0	0	55	2996	1	\N	2022-01-30 12:09:51.266788+03	1	\N	\N	f	f	\N	\N	\N	\N	\N	\N	\N	\N	\N
6794	290	290	55	2889	1	4	2022-01-21 12:12:50.825525+03	1	\N	\N	f	f	\N	\N	\N	\N	\N	\N	\N	\N	\N
6930	0	0	55	2998	1	\N	2022-01-30 12:13:35.178129+03	1	\N	\N	f	f	\N	\N	\N	\N	\N	\N	\N	\N	\N
6932	0	0	55	3000	1	\N	2022-01-30 12:19:54.826614+03	1	\N	\N	f	f	\N	\N	\N	\N	\N	\N	\N	\N	\N
7027	0	0	55	3123	1	\N	2022-01-31 14:53:50.490413+03	1	\N	\N	f	f	\N	\N	\N	\N	\N	\N	\N	\N	\N
6940	290	290	55	3023	1	4	2022-01-30 14:52:18.737309+03	1	\N	\N	f	f	\N	\N	\N	\N	\N	\N	\N	\N	\N
6973	290	290	55	3071	1	4	2022-01-30 18:10:14.526913+03	1	\N	\N	f	f	\N	\N	\N	\N	\N	\N	\N	\N	\N
7072	0	2500	\N	\N	1	4	2022-01-31 17:33:02.251019+03	\N	1706	\N	f	f	\N	\N	1	\N	\N	\N	\N	\N	\N
7082	290	290	55	\N	1	4	2022-02-02 13:22:40.315619+03	\N	1719	\N	f	f	\N	\N	\N	\N	\N	1414	\N	\N	\N
6512	0	0	54	\N	1	1	2022-01-12 12:31:36.19583+03	1	1540	\N	f	f	\N	\N	\N	\N	\N	\N	\N	\N	\N
7227	14990	14990	58	3189	1	\N	2022-02-05 16:49:09.980989+03	1	\N	\N	f	f	\N	\N	\N	\N	\N	\N	\N	\N	\N
7145	290	290	55	\N	1	4	2022-02-04 04:22:36.116573+03	\N	1737	\N	f	f	\N	\N	\N	\N	\N	1414	\N	\N	\N
7143	290	290	55	3163	1	4	2022-02-04 01:19:12.639663+03	1	\N	\N	f	f	\N	\N	\N	\N	\N	\N	\N	\N	\N
7210	290	290	55	\N	1	\N	2022-02-05 19:04:00+03	\N	1754	\N	f	f	\N	\N	\N	\N	\N	1414	\N	\N	\N
7236	14990	14990	58	3193	1	\N	2022-02-05 17:02:34.307769+03	1	\N	\N	f	f	\N	\N	\N	\N	\N	\N	\N	\N	\N
7408	0	400	\N	\N	1	\N	2022-02-14 02:18:46.445015+03	\N	1808	\N	f	f	\N	\N	\N	\N	\N	\N	\N	\N	\N
7284	290	290	55	3222	1	4	2022-02-08 11:37:34.248288+03	1	\N	\N	f	f	\N	\N	\N	\N	\N	\N	\N	\N	\N
7470	290	290	55	3346	1	\N	2022-02-15 02:25:25.491269+03	1	\N	\N	f	f	\N	\N	\N	\N	\N	\N	\N	\N	\N
7258	0	0	58	3206	1	\N	2022-02-07 16:44:29.093972+03	1	\N	\N	f	f	\N	\N	\N	\N	\N	\N	\N	\N	\N
7481	0	200	\N	\N	1	\N	2022-02-15 09:55:16.583812+03	\N	1844	\N	f	f	1	2	\N	\N	\N	\N	\N	\N	\N
7259	0	0	58	3207	1	\N	2022-02-07 16:51:45.181586+03	1	\N	\N	f	f	\N	\N	\N	\N	\N	\N	\N	\N	\N
7228	14990	14990	58	3190	1	\N	2022-02-05 16:55:42.072278+03	1	\N	\N	f	f	\N	\N	\N	\N	\N	\N	\N	\N	\N
7534	0	0	60	3380	1	\N	2022-02-20 16:29:05.919236+03	1	\N	\N	f	f	\N	\N	\N	\N	\N	\N	\N	\N	\N
7140	290	290	55	\N	1	4	2022-02-03 21:45:31.124582+03	1	1735	\N	f	f	\N	\N	\N	\N	\N	1414	\N	\N	\N
7276	1499	1499	58	\N	1	\N	2022-02-08 01:50:58.902223+03	1	1780	\N	f	f	\N	\N	\N	\N	\N	\N	\N	\N	\N
7498	350	350	55	\N	1	\N	2022-02-17 01:43:10.113779+03	\N	1875	\N	f	f	\N	\N	\N	\N	\N	\N	\N	\N	\N
7142	290	290	55	\N	1	4	2022-02-03 21:47:34.997753+03	1	1736	\N	f	f	\N	\N	\N	\N	\N	1414	\N	\N	\N
7268	0	0	\N	\N	1	\N	2022-02-08 01:32:01.158866+03	1	1776	\N	f	f	\N	\N	\N	\N	\N	\N	\N	\N	\N
7146	290	290	55	\N	1	4	2022-02-04 04:22:36.116573+03	\N	1737	\N	f	f	\N	\N	\N	\N	\N	1414	\N	\N	\N
7269	0	0	\N	\N	1	\N	2022-02-08 01:32:01.174887+03	2	1776	\N	f	f	\N	\N	\N	\N	\N	\N	\N	\N	\N
7379	0	0	59	3301	1	\N	2022-02-13 01:14:33.396934+03	2	\N	\N	f	f	\N	\N	\N	\N	\N	\N	\N	\N	\N
7209	290	290	55	\N	1	\N	2022-02-05 19:04:00.668449+03	1	1754	\N	f	f	\N	\N	\N	\N	\N	1414	\N	\N	\N
7237	14990	14990	58	3194	1	\N	2022-02-05 17:06:54.484276+03	1	\N	\N	f	f	\N	\N	\N	\N	\N	\N	\N	\N	\N
7130	290	290	55	\N	1	4	2022-02-03 21:17:43.421725+03	1	1730	\N	f	f	\N	\N	\N	\N	\N	1414	\N	\N	\N
7448	290	290	55	\N	1	\N	2022-02-14 23:43:20.706846+03	1	1831	\N	f	f	\N	\N	\N	\N	\N	\N	\N	\N	\N
7187	13650	13650	58	\N	1	\N	2022-02-05 15:00:29.590933+03	\N	\N	\N	f	f	\N	\N	\N	\N	\N	\N	\N	\N	\N
7189	13650	13650	58	\N	1	\N	2022-02-05 15:16:40.096641+03	\N	\N	\N	f	f	\N	\N	\N	\N	\N	\N	\N	\N	\N
7381	0	0	59	3302	1	\N	2022-02-13 01:18:04.815282+03	2	\N	\N	f	f	\N	\N	\N	\N	\N	\N	\N	\N	\N
7462	0	0	55	3339	1	\N	2022-02-15 02:08:47.576582+03	\N	\N	\N	f	f	\N	\N	\N	\N	\N	\N	\N	\N	\N
7463	0	0	55	3340	1	\N	2022-02-15 02:09:09.537908+03	\N	\N	\N	f	f	\N	\N	\N	\N	\N	\N	\N	\N	\N
7328	290	290	55	\N	1	\N	2022-02-12 15:48:42.845864+03	1	1788	\N	f	f	\N	\N	\N	\N	\N	\N	\N	\N	\N
7536	0	0	60	3381	1	\N	2022-02-20 16:34:37.378319+03	1	\N	\N	f	f	\N	\N	\N	\N	\N	\N	\N	\N	\N
7331	0	0	55	3270	1	\N	2022-02-12 16:27:35.698386+03	1	\N	\N	f	f	\N	\N	\N	\N	\N	\N	\N	\N	\N
7349	0	0	55	3279	2	\N	2022-02-12 23:42:34.982059+03	1	\N	\N	f	f	\N	\N	\N	\N	\N	\N	\N	\N	\N
7540	0	0	60	3384	1	\N	2022-02-20 16:37:07.049143+03	1	\N	\N	f	f	\N	\N	\N	\N	\N	\N	\N	\N	\N
7391	290	290	55	\N	1	\N	2022-02-13 02:08:39.48768+03	\N	1801	\N	f	f	\N	\N	\N	\N	\N	\N	\N	\N	\N
7392	18990	18990	59	\N	1	\N	2022-02-13 02:08:39.50264+03	\N	1801	\N	f	f	\N	\N	\N	\N	\N	\N	\N	\N	\N
7469	290	290	55	3345	1	\N	2022-02-15 02:23:33.99859+03	1	\N	\N	f	f	\N	\N	\N	\N	\N	\N	\N	\N	\N
7393	14990	14990	58	\N	1	\N	2022-02-13 02:08:39.516601+03	\N	1801	\N	f	f	\N	\N	\N	\N	\N	\N	\N	\N	\N
7394	0	200	\N	\N	1	\N	2022-02-14 01:40:01.404554+03	\N	1803	\N	f	f	\N	\N	\N	\N	\N	\N	\N	\N	\N
7395	0	200	\N	\N	1	\N	2022-02-14 01:40:01.428489+03	\N	1803	\N	f	f	\N	\N	\N	\N	\N	\N	\N	\N	\N
7396	0	300	\N	\N	1	\N	2022-02-14 01:40:59.659517+03	\N	1804	\N	f	f	\N	\N	\N	\N	\N	\N	\N	\N	\N
7397	0	300	\N	\N	1	\N	2022-02-14 01:40:59.670959+03	\N	1804	\N	f	f	\N	\N	\N	\N	\N	\N	\N	\N	\N
7398	0	400	\N	\N	1	\N	2022-02-14 01:44:28.155882+03	\N	1805	\N	f	f	\N	\N	\N	\N	\N	\N	\N	\N	\N
7399	0	400	\N	\N	1	\N	2022-02-14 01:44:28.16685+03	\N	1805	\N	f	f	\N	\N	\N	\N	\N	\N	\N	\N	\N
7400	0	400	\N	\N	1	\N	2022-02-14 04:52:00+03	\N	1806	\N	f	f	\N	\N	\N	\N	\N	\N	\N	\N	\N
7401	0	400	\N	\N	1	\N	2022-02-14 02:14:50.858136+03	\N	1806	\N	f	f	\N	\N	\N	\N	\N	\N	\N	\N	\N
7403	0	700	\N	\N	1	\N	2022-02-14 02:17:26.892455+03	\N	1807	\N	f	f	\N	\N	\N	\N	\N	\N	\N	\N	\N
7404	0	700	\N	\N	1	\N	2022-02-14 02:17:26.913412+03	\N	1807	\N	f	f	\N	\N	\N	\N	\N	\N	\N	\N	\N
7528	290	290	55	\N	1	\N	2022-02-18 01:27:58.63078+03	1	1890	\N	f	f	\N	\N	\N	\N	\N	\N	\N	\N	\N
7543	0	0	60	3385	1	\N	2022-02-20 16:42:09.451722+03	1	\N	\N	f	f	\N	\N	\N	\N	\N	\N	\N	\N	\N
7544	0	0	60	3386	1	\N	2022-02-20 16:47:13.808526+03	1	\N	\N	f	f	\N	\N	\N	\N	\N	\N	\N	\N	\N
7713	0	0	60	3491	1	\N	2022-02-22 03:23:01.792521+03	1	\N	\N	f	f	\N	\N	\N	\N	\N	\N	\N	\N	\N
7547	0	0	60	3388	1	\N	2022-02-20 16:49:52.252323+03	1	\N	\N	f	f	\N	\N	\N	\N	\N	\N	\N	\N	\N
7714	0	0	60	3492	1	\N	2022-02-22 03:43:59.266526+03	1	\N	\N	f	f	\N	\N	\N	\N	\N	\N	\N	\N	\N
7715	0	0	60	3493	1	\N	2022-02-22 03:58:42.241999+03	1	\N	\N	f	f	\N	\N	\N	\N	\N	\N	\N	\N	\N
7550	0	0	60	3390	1	\N	2022-02-20 16:52:08.403189+03	1	\N	\N	f	f	\N	\N	\N	\N	\N	\N	\N	\N	\N
7716	0	0	60	3494	1	\N	2022-02-22 04:00:51.410668+03	1	\N	\N	f	f	\N	\N	\N	\N	\N	\N	\N	\N	\N
7717	0	0	60	3495	1	\N	2022-02-22 04:06:11.38415+03	1	\N	\N	f	f	\N	\N	\N	\N	\N	\N	\N	\N	\N
7553	0	0	60	3392	1	\N	2022-02-20 16:53:21.330748+03	1	\N	\N	f	f	\N	\N	\N	\N	\N	\N	\N	\N	\N
7554	0	0	60	3393	1	\N	2022-02-20 16:54:00.565985+03	1	\N	\N	f	f	\N	\N	\N	\N	\N	\N	\N	\N	\N
7559	0	0	60	3396	1	\N	2022-02-20 16:55:29.815732+03	1	\N	\N	f	f	\N	\N	\N	\N	\N	\N	\N	\N	\N
7656	2490	2490	62	\N	1	\N	2022-02-20 21:14:27.126273+03	\N	1948	\N	f	f	\N	\N	\N	\N	\N	2828	\N	\N	\N
7571	0	0	60	3400	1	\N	2022-02-20 16:59:46.233866+03	1	\N	\N	f	f	\N	\N	\N	\N	\N	\N	\N	\N	\N
7572	0	0	60	3401	1	\N	2022-02-20 17:05:12.915383+03	1	\N	\N	f	f	\N	\N	\N	\N	\N	\N	\N	\N	\N
7582	0	0	60	3406	1	\N	2022-02-20 17:14:52.857778+03	1	\N	\N	f	f	\N	\N	\N	\N	\N	\N	\N	\N	\N
7586	0	0	60	3408	1	\N	2022-02-20 17:26:07.353375+03	1	\N	\N	f	f	\N	\N	\N	\N	\N	\N	\N	\N	\N
7596	2090	2090	62	\N	1	\N	2022-02-20 18:09:49.740795+03	1	1945	1	f	f	\N	\N	\N	\N	\N	\N	\N	\N	\N
7678	100	100	60	\N	1	\N	2022-02-21 16:02:23.759612+03	\N	1992	\N	f	f	\N	\N	\N	\N	\N	\N	\N	\N	\N
7694	100	1000	60	\N	10	\N	2022-02-22 01:49:00.878867+03	\N	2004	\N	f	f	\N	\N	\N	\N	\N	\N	\N	\N	\N
7773	100	7000	60	\N	70	\N	2022-02-25 12:22:59.012946+03	\N	2010	\N	f	f	\N	\N	\N	\N	\N	\N	\N	\N	\N
\.


--
-- Data for Name: app_product_remaindercurrent; Type: TABLE DATA; Schema: public; Owner: postgres
--

COPY public.app_product_remaindercurrent (id, updated, imei, current_remainder, shop_id, retail_price, name, category_id) FROM stdin;
419	2022-01-09 03:57:40.914465+03	353303118347344	1	1	0	ITEL A25 DS Gradation Purple	1
461	2022-02-16 01:27:05.830473+03	11111	0	4	0	Чехол Itel A48	1
379	2022-02-16 12:37:30.332819+03	22222	0	1	0	\N	2
429	2022-01-09 03:57:40.795647+03	868175056661441	1	1	0	Redmi 9A 2/32Gb blue	1
375	2022-01-09 23:45:02.305776+03	88888	1	1	0	Наушники	2
435	2022-01-09 03:57:41.025579+03	352523323696869	1	1	0	Samsung A02s 3/32Gb blue	1
450	2022-01-09 03:57:41.240554+03	865589047105115	1	1	0	ZTE A3 NFC grey	1
423	2022-01-09 03:57:40.970945+03	352761520704744	1	1	0	ITEL IT5631 DS Champagne Gold	1
418	2022-01-09 03:57:40.857513+03	350309033530925	1	1	0	ITEL A17 DS 16+1 Dark blue	1
454	2022-01-09 03:57:41.293542+03	863354031202655	1	1	0	ZTE MF920V Роутер 4G	1
420	2022-01-09 03:57:40.929878+03	353303118430728	1	1	0	ITEL A25 DS Gradation Sea Blue	1
438	2022-01-09 03:57:41.078326+03	355665164290364	1	1	0	Samsung A12 3/32Gb Blue Exynos	1
436	2022-01-09 03:57:41.038842+03	356525689420731	1	1	0	Samsung A02s 32Gb white	1
455	2022-01-27 23:39:44.000059+03	1212	1	1	6990	Huawei Y5p 2/32Gb black	1
442	2022-01-09 03:57:41.133316+03	353782111304560	1	1	0	TECNO Camon 15 Air 3/64Gb Ice Lake Blue/голубой	1
446	2022-01-09 03:57:41.186359+03	354237660937020	1	1	0	TECNO Spark 7 4/128Gb Morpheus Blue	1
431	2022-01-09 03:57:40.812602+03	860313058307162	1	1	0	Redmi 9C 2/32Gb blue	1
443	2022-01-09 03:57:41.146481+03	354443486102902	1	1	0	TECNO Spark 6 2/32Gb galaxy blue	1
424	2022-01-09 03:57:40.983846+03	352761520814907	1	1	0	ITEL IT5631 DS Champagne Gold	1
439	2022-01-09 03:57:41.091853+03	355183627661593	1	1	0	Samsung A12 4/64Gb blue	1
430	2022-01-09 03:57:41.051792+03	869060055737385	1	1	0	Redmi 9A 2/32Gb green	1
451	2022-01-09 03:57:41.253186+03	867185042541921	1	1	0	ZTE A5 2020 32Gb green	1
447	2022-01-09 03:57:41.199701+03	354237663454163	1	1	0	TECNO Spark 7 4/64Gb green	1
426	2022-01-09 03:57:40.872073+03	359497340363261	1	1	0	Itel Vision Pro 2/32Gb black	1
444	2022-01-09 03:57:41.159587+03	359078326843508	1	1	0	TECNO Spark 6 2/32Gb white	1
421	2022-01-09 03:57:40.943429+03	357845195447708	1	1	0	ITEL A48 2/32Gb black	1
425	2022-01-09 03:57:40.997755+03	354102115627008	1	1	0	Itel Vision L6005 2/32Gb purple	1
427	2022-01-09 03:57:40.886635+03	359497340070460	1	1	0	Itel Vision Pro 2/32Gb cosmic shine	1
440	2022-01-09 03:57:41.10563+03	351466645693167	1	1	0	Samsung M12 32Gb black	1
452	2022-01-09 03:57:41.267375+03	867185043132639	1	1	0	ZTE A5 2020 черный	1
448	2022-01-09 03:57:41.212688+03	354237664148764	1	1	0	TECNO Spark 7 4/64Gb Magnet black	1
432	2022-01-09 03:57:40.827281+03	868697057234860	1	1	0	Redmi Note 9 3/64Gb grey	1
441	2022-01-09 03:57:41.119352+03	353782111655227	1	1	0	TECNO Camon 15 Air 3/64Gb Grey	1
434	2022-01-09 03:57:41.012024+03	352583792367384	1	1	0	Samsung A02 2/32Gb blue	1
469	2022-01-12 15:21:56.120145+03	55555	0	1	0	Колонка	\N
428	2022-01-09 03:57:40.900631+03	860054059470084	1	1	0	Redmi 9 4/64Gb purple	1
459	2022-01-10 01:40:15.285443+03	1212	0	3	0	Huawei Y5p 2/32Gb black	1
460	2022-01-10 01:42:28.138642+03	1414	0	3	0	Стекло Tecno 7	2
437	2022-01-09 03:57:41.065151+03	357127782275820	1	1	0	Samsung A12 3/32Gb black	1
370	2022-01-10 02:11:20.023511+03	44444	0	2	0	Redmi 9A 2/32Gb blue	1
422	2022-01-09 03:57:40.957169+03	357845193423180	1	1	0	ITEL A48 DS Green	1
369	2022-01-07 13:09:21.860668+03	44444	0	1	0	Redmi 9A 2/32Gb blue	1
445	2022-01-09 03:57:41.173285+03	352988320714041	1	1	0	TECNO Spark 7 2/32Gb Morpheus Blue	1
449	2022-01-09 03:57:41.22622+03	865589046861593	1	1	0	ZTE A3 1/32Gb 2020 NFC лиловый	1
371	2022-01-10 02:11:27.45516+03	44444	0	3	0	Redmi 9A 2/32Gb blue	1
433	2022-01-09 03:57:40.842335+03	352583798259502	1	1	0	Samsung A02 2/32Gb black	1
453	2022-01-09 03:57:41.280687+03	868078051106505	1	1	0	ZTE A51 2/64Gb синий	1
470	2022-01-27 23:45:04.248057+03	1818	0	1	0	Poco X3 Pro 6/128Gb black	1
458	2022-02-16 01:27:30.054024+03	1414	12	4	290	Стекло Tecno 7	2
468	2022-01-12 14:50:10.26716+03	1313	0	3	0	Redmi 10 4/64Gb grey	1
465	2022-01-12 16:16:33.526173+03	1313	3	1	0	Redmi 10 4/64Gb grey	1
475	2022-02-07 16:35:37.607421+03	1919	0	3	14990	Realme C25s 4/128Gb blue	\N
477	2022-02-13 02:08:39.547518+03	123456	1	1	0	Realme 8 6/128Gb blue	1
474	2022-02-14 23:13:37.51096+03	1414	16	1	0	Стекло Tecno 7	2
476	2022-02-11 02:16:04.374644+03	1414	0	2	0	Стекло Tecno 7	\N
471	2022-02-16 13:27:15.56772+03	1818	5	4	19990	Poco X3 Pro 6/128Gb black	1
456	2022-02-16 13:16:57.005047+03	1212	10	4	8000	Huawei Y5p 2/32Gb black	1
472	2022-02-13 02:08:39.465737+03	1919	5	1	0	Realme C25s 4/128Gb blue	1
467	2022-02-16 12:47:08.1452+03	1313	1	4	16990	Redmi 10 4/64Gb grey	1
478	2022-02-16 01:27:13.245652+03	123456	0	4	18990	Realme 8 6/128Gb blue	1
473	2022-02-16 01:27:42.898379+03	1919	0	4	14990	Realme C25s 4/128Gb blue	1
\.


--
-- Data for Name: app_product_remainderhistory; Type: TABLE DATA; Schema: public; Owner: postgres
--

COPY public.app_product_remainderhistory (id, name, imei, sub_total, av_price, current_remainder, retail_price, category_id, shop_id, document_id, incoming_quantity, outgoing_quantity, pre_remainder, update_check, created, wholesale_price, supplier_id, rho_type_id, product_id_id, user_id, status, inventory_doc_id, number, cash_back_awarded) FROM stdin;
37704	Redmi 9A 2/32Gb blue	868175056661441	7690	0	1	0	1	1	1484	1	0	0	f	2022-01-02 17:21:00+03	7690	1	1	\N	\N	f	\N	0	\N
37705	Redmi 9C 2/32Gb blue	860313058307162	7990	0	1	0	1	1	1484	1	0	0	f	2022-01-02 17:21:00+03	7990	1	1	\N	\N	f	\N	0	\N
37706	Redmi Note 9 3/64Gb grey	868697057234860	12190	0	1	0	1	1	1484	1	0	0	f	2022-01-02 17:21:00+03	12190	1	1	\N	\N	f	\N	0	\N
37707	Samsung A02 2/32Gb black	352583798259502	7850	0	1	0	1	1	1484	1	0	0	f	2022-01-02 17:21:00+03	7850	1	1	\N	\N	f	\N	0	\N
37708	ITEL A17 DS 16+1 Dark blue	350309033530925	3436	0	1	0	1	1	1484	1	0	0	f	2022-01-02 17:21:00+03	3436	1	1	\N	\N	f	\N	0	\N
37709	Itel Vision Pro 2/32Gb black	359497340363261	5990	0	1	0	1	1	1484	1	0	0	f	2022-01-02 17:21:00+03	5990	1	1	\N	\N	f	\N	0	\N
37710	Itel Vision Pro 2/32Gb cosmic shine	359497340070460	5990	0	1	0	1	1	1484	1	0	0	f	2022-01-02 17:21:00+03	5990	1	1	\N	\N	f	\N	0	\N
37711	Redmi 9 4/64Gb purple	860054059470084	11300	0	1	0	1	1	1484	1	0	0	f	2022-01-02 17:21:00+03	11300	1	1	\N	\N	f	\N	0	\N
37712	ITEL A25 DS Gradation Purple	353303118347344	4092	0	1	0	1	1	1484	1	0	0	f	2022-01-02 17:21:00+03	4092	1	1	\N	\N	f	\N	0	\N
37713	ITEL A25 DS Gradation Sea Blue	353303118430728	4092	0	1	0	1	1	1484	1	0	0	f	2022-01-02 17:21:00+03	4092	1	1	\N	\N	f	\N	0	\N
37714	ITEL A48 2/32Gb black	357845195447708	5300	0	1	0	1	1	1484	1	0	0	f	2022-01-02 17:21:00+03	5300	1	1	\N	\N	f	\N	0	\N
37715	ITEL A48 DS Green	357845193423180	5322	0	1	0	1	1	1484	1	0	0	f	2022-01-02 17:21:00+03	5322	1	1	\N	\N	f	\N	0	\N
37716	ITEL IT5631 DS Champagne Gold	352761520704744	1393	0	1	0	1	1	1484	1	0	0	f	2022-01-02 17:21:00+03	1393	1	1	\N	\N	f	\N	0	\N
37717	ITEL IT5631 DS Champagne Gold	352761520814907	1393	0	1	0	1	1	1484	1	0	0	f	2022-01-02 17:21:00+03	1393	1	1	\N	\N	f	\N	0	\N
37718	Itel Vision L6005 2/32Gb purple	354102115627008	5732	0	1	0	1	1	1484	1	0	0	f	2022-01-02 17:21:00+03	5732	1	1	\N	\N	f	\N	0	\N
37719	Samsung A02 2/32Gb blue	352583792367384	7990	0	1	0	1	1	1484	1	0	0	f	2022-01-02 17:21:00+03	7990	1	1	\N	\N	f	\N	0	\N
37720	Samsung A02s 3/32Gb blue	352523323696869	9050	0	1	0	1	1	1484	1	0	0	f	2022-01-02 17:21:00+03	9050	1	1	\N	\N	f	\N	0	\N
37721	Samsung A02s 32Gb white	356525689420731	9050	0	1	0	1	1	1484	1	0	0	f	2022-01-02 17:21:00+03	9050	1	1	\N	\N	f	\N	0	\N
36571	Наушники	88888	99	0	1	0	2	1	1143	1	0	0	f	2021-11-01 21:01:00+03	99	1	1	\N	\N	f	\N	0	\N
37722	Redmi 9A 2/32Gb green	869060055737385	7400	0	1	0	1	1	1484	1	0	0	f	2022-01-02 17:21:00+03	7400	1	1	\N	\N	f	\N	0	\N
37723	Samsung A12 3/32Gb black	357127782275820	11980	0	1	0	1	1	1484	1	0	0	f	2022-01-02 17:21:00+03	11980	1	1	\N	\N	f	\N	0	\N
37724	Samsung A12 3/32Gb Blue Exynos	355665164290364	10791	0	1	0	1	1	1484	1	0	0	f	2022-01-02 17:21:00+03	10791	1	1	\N	\N	f	\N	0	\N
37725	Samsung A12 4/64Gb blue	355183627661593	11950	0	1	0	1	1	1484	1	0	0	f	2022-01-02 17:21:00+03	11950	1	1	\N	\N	f	\N	0	\N
37726	Samsung M12 32Gb black	351466645693167	11600	0	1	0	1	1	1484	1	0	0	f	2022-01-02 17:21:00+03	11600	1	1	\N	\N	f	\N	0	\N
37727	TECNO Camon 15 Air 3/64Gb Grey	353782111655227	8590	0	1	0	1	1	1484	1	0	0	f	2022-01-02 17:21:00+03	8590	1	1	\N	\N	f	\N	0	\N
37728	TECNO Camon 15 Air 3/64Gb Ice Lake Blue/голубой	353782111304560	8999	0	1	0	1	1	1484	1	0	0	f	2022-01-02 17:21:00+03	8999	1	1	\N	\N	f	\N	0	\N
37729	TECNO Spark 6 2/32Gb galaxy blue	354443486102902	7217	0	1	0	1	1	1484	1	0	0	f	2022-01-02 17:21:00+03	7217	1	1	\N	\N	f	\N	0	\N
37730	TECNO Spark 6 2/32Gb white	359078326843508	6999	0	1	0	1	1	1484	1	0	0	f	2022-01-02 17:21:00+03	6999	1	1	\N	\N	f	\N	0	\N
37731	TECNO Spark 7 2/32Gb Morpheus Blue	352988320714041	7642	0	1	0	1	1	1484	1	0	0	f	2022-01-02 17:21:00+03	7642	1	1	\N	\N	f	\N	0	\N
37732	TECNO Spark 7 4/128Gb Morpheus Blue	354237660937020	10192	0	1	0	1	1	1484	1	0	0	f	2022-01-02 17:21:00+03	10192	1	1	\N	\N	f	\N	0	\N
37733	TECNO Spark 7 4/64Gb green	354237663454163	9342	0	1	0	1	1	1484	1	0	0	f	2022-01-02 17:21:00+03	9342	1	1	\N	\N	f	\N	0	\N
37058	Наушники	88888	0	0	2	290	\N	2	1447	2	0	0	f	2021-12-22 21:44:26.718579+03	0	\N	2	\N	\N	t	\N	0	\N
37061	Наушники	88888	2900	0	10	0	\N	2	1450	10	0	0	f	2021-12-25 14:27:37.740018+03	290	\N	8	\N	\N	f	\N	0	\N
36929	Чехол Itel A48	11111	490	0	1	0	\N	1	1230	1	0	0	f	2021-11-24 14:39:38.744696+03	490	\N	8	\N	\N	f	\N	0	\N
36950	Чехол Itel A48	11111	0	0	0	0	2	1	1238	0	1	1	f	2021-11-24 16:54:16.595832+03	0	\N	7	\N	\N	f	\N	0	\N
36954	Чехол Itel A48	11111	490	0	1	490	\N	1	1252	1	0	0	f	2021-11-25 03:36:52.327496+03	0	\N	6	\N	\N	f	\N	0	\N
37084	Наушники	88888	290	0	9	290	2	2	1472	0	1	10	f	2021-12-29 02:57:30.768705+03	0	\N	3	6	2	f	\N	0	\N
37085	Наушники	88888	290	0	8	290	2	2	1473	0	1	9	f	2021-12-29 03:30:09.304126+03	0	\N	3	6	1	f	\N	0	\N
37086	Наушники	88888	290	0	7	290	2	2	1474	0	1	8	f	2021-12-29 16:42:52.987044+03	0	\N	3	6	2	f	\N	0	\N
37055	Наушники	88888	0	0	3	0	\N	1	1439	2	0	1	f	2021-12-21 04:33:15.15138+03	0	\N	12	\N	\N	f	1444	0	\N
37057	Наушники	88888	0	0	1	290	\N	1	1447	0	2	3	f	2021-12-22 21:44:26.718579+03	0	\N	2	\N	\N	f	\N	0	\N
37054	Чехол Itel A48	11111	0	0	-1	0	\N	1	1439	0	2	1	f	2021-12-21 04:33:15.15138+03	0	\N	12	\N	\N	f	1445	0	\N
37734	TECNO Spark 7 4/64Gb Magnet black	354237664148764	9342	0	1	0	1	1	1484	1	0	0	f	2022-01-02 17:21:00+03	9342	1	1	\N	\N	f	\N	0	\N
37735	ZTE A3 1/32Gb 2020 NFC лиловый	865589046861593	4972	0	1	0	1	1	1484	1	0	0	f	2022-01-02 17:21:00+03	4972	1	1	\N	\N	f	\N	0	\N
37736	ZTE A3 NFC grey	865589047105115	4990	0	1	0	1	1	1484	1	0	0	f	2022-01-02 17:21:00+03	4990	1	1	\N	\N	f	\N	0	\N
37737	ZTE A5 2020 32Gb green	867185042541921	6232	0	1	0	1	1	1484	1	0	0	f	2022-01-02 17:21:00+03	6232	1	1	\N	\N	f	\N	0	\N
37738	ZTE A5 2020 черный	867185043132639	6632	0	1	0	1	1	1484	1	0	0	f	2022-01-02 17:21:00+03	6632	1	1	\N	\N	f	\N	0	\N
37739	ZTE A51 2/64Gb синий	868078051106505	7462	0	1	0	1	1	1484	1	0	0	f	2022-01-02 17:21:00+03	7462	1	1	\N	\N	f	\N	0	\N
37740	ZTE MF920V Роутер 4G	863354031202655	2686	0	1	0	1	1	1484	1	0	0	f	2022-01-02 17:21:00+03	2686	1	1	\N	\N	f	\N	0	\N
37770	Redmi 10 4/64Gb grey	1313	11990	0	2	0	1	1	1543	1	0	1	f	2022-01-12 05:24:49.16005+03	0	\N	8	\N	\N	f	\N	0	\N
37606	Наушники	88888	290	0	6	290	2	2	1495	0	1	7	f	2022-01-05 04:04:09.588964+03	0	\N	3	6	2	f	\N	0	\N
37608	Redmi 9A 2/32Gb blue	44444	7250	0	1	0	\N	1	1497	1	0	0	f	2022-01-01 16:08:00+03	7250	\N	8	\N	\N	f	\N	0	\N
37609	Redmi 9A 2/32Gb blue	44444	0	0	0	8490	\N	1	1498	0	1	1	f	2022-01-02 16:08:00+03	0	\N	2	\N	\N	f	\N	0	\N
37610	Redmi 9A 2/32Gb blue	44444	0	0	1	8490	\N	3	1498	1	0	0	f	2022-01-02 16:08:00+03	0	\N	2	\N	\N	t	\N	0	\N
37611	Redmi 9A 2/32Gb blue	44444	8490	0	0	8490	1	3	1499	0	1	1	f	2022-01-07 16:10:08.81132+03	0	\N	3	4	2	f	\N	0	\N
37612	Huawei Y5p 2/32Gb black	1212	6190	0	1	0	\N	1	1500	1	0	0	f	2022-01-01 16:42:00+03	6190	\N	8	\N	\N	f	\N	0	\N
37613	Huawei Y5p 2/32Gb black	1212	0	0	0	6999	\N	1	1501	0	1	1	f	2022-01-02 16:42:00+03	0	\N	2	\N	\N	f	\N	0	\N
37614	Huawei Y5p 2/32Gb black	1212	0	0	1	6999	\N	4	1501	1	0	0	f	2022-01-02 16:42:00+03	0	\N	2	\N	\N	t	\N	0	\N
37626	Huawei Y5p 2/32Gb black	1212	6999	0	0	6999	1	4	1507	0	1	1	f	2022-01-08 00:35:03+03	0	2	3	53	2	f	\N	0	\N
37752	Huawei Y5p 2/32Gb black	1212	4990	0	1	0	1	1	1519	1	0	0	f	2022-01-10 06:12:00+03	4990	1	1	\N	\N	f	\N	0	\N
37761	Redmi 10 4/64Gb grey	1313	11990	0	1	0	1	1	1535	1	0	0	f	2022-01-12 04:03:00+03	11990	1	1	\N	\N	f	\N	0	\N
37764	Redmi 10 4/64Gb grey	1313	0	0	1	12990	\N	4	1537	1	0	0	f	2022-01-12 04:37:10.520805+03	0	\N	2	\N	\N	t	\N	0	\N
37763	Redmi 10 4/64Gb grey	1313	0	0	0	12990	\N	1	1537	0	1	1	f	2022-01-12 04:37:10.520805+03	0	\N	2	\N	\N	f	\N	0	\N
37766	Redmi 10 4/64Gb grey	1313	11990	0	1	0	1	1	1539	1	0	0	f	2022-01-12 04:54:00+03	11990	1	1	\N	\N	f	\N	0	\N
37628	Стекло Tecno 7	1414	490	0	10	0	2	4	1509	10	0	0	f	2022-01-09 04:35:00+03	49	1	1	\N	\N	f	\N	0	\N
37629	Стекло Tecno 7	1414	600	0	20	0	2	4	1510	10	0	10	f	2022-01-09 04:36:00+03	60	1	1	\N	\N	f	\N	0	\N
37781	Redmi 10 4/64Gb grey	1313	0	0	3	0	1	1	1546	1	0	2	f	2022-01-12 19:16:33.492226+03	0	\N	8	\N	\N	f	\N	0	\N
37874	Стекло Tecno 7	1414	290	0	19	290	2	4	1596	0	1	20	f	2022-01-18 17:12:41.65205+03	0	\N	3	55	2	f	\N	0	\N
37875	Стекло Tecno 7	1414	290	0	18	290	2	4	1597	0	1	19	f	2022-01-18 17:14:30.821778+03	0	\N	3	55	2	f	\N	0	\N
37876	Стекло Tecno 7	1414	290	0	17	290	2	4	1600	0	1	18	f	2022-01-18 17:38:31.046074+03	0	\N	3	\N	\N	f	\N	0	\N
37877	Стекло Tecno 7	1414	290	0	16	290	2	4	1601	0	1	17	f	2022-01-18 17:39:00+03	0	\N	3	\N	\N	f	\N	0	\N
37878	Стекло Tecno 7	1414	0	0	15	0	\N	4	1603	0	1	16	f	2022-01-18 17:53:38.998284+03	0	\N	\N	\N	\N	f	\N	0	\N
37879	Стекло Tecno 7	1414	0	0	14	0	\N	4	1604	0	1	15	f	2022-01-18 17:54:00.141343+03	0	\N	\N	\N	\N	f	\N	0	\N
37880	Стекло Tecno 7	1414	290	0	13	290	2	4	1608	0	1	14	f	2022-01-22 03:41:52.528697+03	0	\N	3	55	2	f	\N	0	\N
37881	Стекло Tecno 7	1414	290	0	12	290	2	4	1609	0	1	13	f	2022-01-22 03:42:49.943244+03	0	\N	3	55	2	f	\N	0	\N
37883	Стекло Tecno 7	1414	290	0	10	290	2	4	1611	0	1	11	f	2022-01-22 04:34:03.261414+03	0	\N	3	55	2	f	\N	0	\N
37884	Стекло Tecno 7	1414	290	0	9	290	2	4	1612	0	1	10	f	2022-01-22 04:53:20.901001+03	0	\N	3	55	2	f	\N	0	\N
37885	Стекло Tecno 7	1414	290	0	8	290	2	4	1613	0	1	9	f	2022-01-22 04:54:56.44146+03	0	\N	3	55	2	f	\N	0	\N
37886	Стекло Tecno 7	1414	290	0	7	290	2	4	1614	0	1	8	f	2022-01-22 05:06:31.303523+03	0	\N	3	55	2	f	\N	0	\N
37887	Стекло Tecno 7	1414	290	0	6	290	2	4	1615	0	1	7	f	2022-01-22 05:07:22.409042+03	0	\N	3	55	2	f	\N	0	\N
37888	Стекло Tecno 7	1414	290	0	5	290	2	4	1616	0	1	6	f	2022-01-22 05:07:43.498958+03	0	\N	3	55	2	f	\N	0	\N
37889	Стекло Tecno 7	1414	290	0	4	290	2	4	1617	0	1	5	f	2022-01-22 05:12:48.969315+03	0	\N	3	55	2	f	\N	0	\N
37890	Стекло Tecno 7	1414	290	0	3	290	2	4	1618	0	1	4	f	2022-01-23 05:12:58.718182+03	0	\N	3	55	2	f	\N	0	\N
37891	Стекло Tecno 7	1414	290	0	2	290	2	4	1619	0	1	3	f	2022-01-23 15:17:10.118212+03	0	\N	3	55	3	f	\N	0	\N
37892	Стекло Tecno 7	1414	290	0	1	290	2	4	1620	0	1	2	f	2022-01-24 05:03:45.074741+03	0	\N	3	55	2	f	\N	0	\N
37899	Huawei Y5p 2/32Gb black	1212	64900	0	11	0	1	1	1626	10	0	1	f	2022-01-28 02:29:15.264485+03	6490	\N	8	\N	\N	f	\N	0	\N
37895	Стекло Tecno 7	1414	290	0	18	290	2	4	1623	0	1	19	f	2022-01-25 04:03:53.103677+03	0	\N	3	55	2	f	\N	0	\N
37896	Стекло Tecno 7	1414	290	0	17	290	2	4	1624	0	1	18	f	2022-01-25 04:04:26.995715+03	0	\N	3	55	2	f	\N	0	\N
37882	Стекло Tecno 7	1414	290	0	11	290	2	4	1610	0	1	12	f	2022-01-22 04:32:49.080802+03	0	\N	3	55	2	f	\N	1	\N
37893	Стекло Tecno 7	1414	290	0	-1	290	2	4	1621	0	1	0	f	2022-01-25 04:01:51.619484+03	0	\N	3	55	2	f	\N	0	\N
37894	Стекло Tecno 7	1414	5800	0	19	0	2	4	1622	20	0	-1	f	2022-01-25 04:03:17.364876+03	0	\N	8	\N	\N	f	\N	0	\N
37900	Huawei Y5p 2/32Gb black	1212	0	0	1	6990	\N	1	1627	0	10	11	f	2022-01-28 02:29:42.145569+03	0	\N	2	\N	\N	f	\N	0	\N
37901	Huawei Y5p 2/32Gb black	1212	0	0	10	6990	\N	4	1627	10	0	0	f	2022-01-28 02:29:42.145569+03	0	\N	2	\N	\N	t	\N	0	\N
37902	Huawei Y5p 2/32Gb black	1212	0	0	0	6990	\N	4	1628	0	10	10	f	2022-01-28 02:39:25.058296+03	0	\N	2	\N	\N	f	\N	0	\N
37903	Huawei Y5p 2/32Gb black	1212	0	0	11	6990	\N	1	1628	10	0	1	f	2022-01-28 02:39:25.058296+03	0	\N	2	\N	\N	t	\N	0	\N
37904	Huawei Y5p 2/32Gb black	1212	0	0	1	6990	\N	1	1629	0	10	11	f	2022-01-28 02:39:43.972343+03	0	\N	2	\N	\N	f	\N	0	\N
37905	Huawei Y5p 2/32Gb black	1212	0	0	10	6990	\N	4	1629	10	0	0	f	2022-01-28 02:39:43.972343+03	0	\N	2	\N	\N	t	\N	0	\N
37906	Poco X3 Pro 6/128Gb black	1818	88500	0	5	0	1	1	1630	5	0	0	f	2022-01-28 02:43:00+03	17700	2	1	\N	\N	f	\N	0	\N
37907	Poco X3 Pro 6/128Gb black	1818	0	0	0	19990	\N	1	1631	0	5	5	f	2022-01-28 02:45:04.195587+03	0	\N	2	\N	\N	f	\N	0	\N
37908	Poco X3 Pro 6/128Gb black	1818	0	0	5	19990	\N	4	1631	5	0	0	f	2022-01-28 02:45:04.195587+03	0	\N	2	\N	\N	t	\N	0	\N
37909	Realme C25s 4/128Gb blue	1919	120500	0	10	0	1	1	1632	10	0	0	f	2022-01-28 03:59:04.363686+03	0	\N	8	\N	\N	f	\N	0	\N
38016	Стекло Tecno 7	1414	290	91	18	290	2	4	1731	0	1	19	f	2022-02-03 21:18:00+03	0	\N	3	55	1	f	\N	0	\N
38017	Стекло Tecno 7	1414	290	91	18	290	2	4	1731	0	1	19	f	2022-02-03 21:18:00+03	0	\N	3	55	1	f	\N	0	\N
38018	Стекло Tecno 7	1414	290	91	18	290	2	4	1731	0	1	19	f	2022-02-03 21:18:00+03	0	\N	3	55	1	f	\N	0	\N
38014	Стекло Tecno 7	1414	290	91	19	290	2	4	1730	0	1	20	f	2022-02-03 21:17:00+03	0	\N	3	55	1	f	\N	0	\N
38011	Стекло Tecno 7	1414	290	91	20	290	2	4	1729	0	1	21	f	2022-02-03 07:14:00+03	0	\N	3	55	1	f	\N	0	\N
38019	Стекло Tecno 7	1414	290	91	18	290	2	4	1731	0	1	19	f	2022-02-03 21:18:00+03	0	\N	3	55	1	f	\N	0	\N
38020	Стекло Tecno 7	1414	290	91	18	290	2	4	1731	0	1	19	f	2022-02-03 21:18:00+03	0	\N	3	55	1	f	\N	0	\N
38027	Стекло Tecno 7	1414	290	91	16	290	2	4	1736	0	1	17	f	2022-02-03 21:47:00+03	0	\N	3	55	1	f	\N	0	\N
38025	Стекло Tecno 7	1414	290	91	17	290	2	4	1735	0	1	18	f	2022-02-03 21:45:00+03	0	\N	3	55	1	f	\N	0	\N
38028	Стекло Tecno 7	1414	290	91	16	290	2	4	1736	0	1	17	f	2022-02-03 21:47:00+03	0	\N	3	55	1	f	\N	0	\N
38029	Стекло Tecno 7	1414	290	91	16	290	2	4	1736	0	1	17	f	2022-02-03 21:47:00+03	0	\N	3	55	1	f	\N	0	\N
38030	Стекло Tecno 7	1414	290	91	15	290	2	4	1737	0	1	16	f	2022-02-04 04:22:36.116573+03	0	\N	3	55	1	f	\N	1	\N
37962	Стекло Tecno 7	1414	290	0	24	290	2	4	1660	0	1	25	f	2022-01-31 03:51:21.668624+03	0	\N	3	55	1	f	\N	0	\N
37964	Realme C25s 4/128Gb blue	1919	0	0	9	0	1	1	1662	0	1	10	f	2022-01-31 06:10:46.143358+03	0	\N	2	\N	\N	f	\N	0	\N
37965	Realme C25s 4/128Gb blue	1919	0	0	8	0	1	1	1663	0	1	9	f	2022-01-31 06:12:49.894133+03	0	\N	2	\N	\N	f	\N	0	\N
37966	Realme C25s 4/128Gb blue	1919	0	0	1	0	1	4	1663	1	0	0	f	2022-01-31 06:12:49.894133+03	0	\N	2	\N	\N	t	\N	0	\N
37967	Realme C25s 4/128Gb blue	1919	0	0	7	14990	1	1	1664	0	1	8	f	2022-01-31 06:13:20.437794+03	0	\N	2	\N	\N	f	\N	0	\N
37968	Realme C25s 4/128Gb blue	1919	0	0	2	14990	1	4	1664	1	0	1	f	2022-01-31 06:13:20.437794+03	0	\N	2	\N	\N	t	\N	0	\N
37969	Realme C25s 4/128Gb blue	1919	0	0	6	14990	1	1	1665	0	1	7	f	2022-01-31 06:15:45.282169+03	0	\N	2	\N	2	f	\N	0	\N
37970	Realme C25s 4/128Gb blue	1919	0	0	3	14990	1	4	1665	1	0	2	f	2022-01-31 06:15:45.282169+03	0	\N	2	\N	2	t	\N	0	\N
38045	Стекло Tecno 7	1414	580	91	13	290	2	4	1741	0	2	15	f	2022-02-04 04:34:00+03	0	\N	3	55	1	f	\N	0	29
37972	Realme C25s 4/128Gb blue	1919	0	0	5	14990	1	1	1667	0	1	6	f	2022-01-31 06:33:59.382592+03	0	\N	2	\N	2	f	\N	0	\N
37973	Realme C25s 4/128Gb blue	1919	0	0	4	14990	1	4	1667	1	0	3	f	2022-01-31 06:33:59.382592+03	0	\N	2	\N	2	t	\N	0	\N
37979	Стекло Tecno 7	1414	290	0	24	290	2	4	1677	1	0	23	f	2022-01-31 18:15:30.364266+03	0	\N	6	\N	\N	f	\N	0	\N
37974	Realme C25s 4/128Gb blue	1919	0	0	4	14990	1	1	1671	0	1	5	f	2022-01-31 16:50:44.082144+03	0	\N	2	\N	\N	f	\N	0	\N
37975	Realme C25s 4/128Gb blue	1919	0	0	5	14990	1	4	1671	1	0	4	f	2022-01-31 16:50:44.082144+03	0	\N	2	\N	\N	t	\N	0	\N
37980	Стекло Tecno 7	1414	0	0	23	0	2	4	1513	0	1	24	f	2022-01-31 18:16:15.030097+03	0	\N	7	\N	\N	f	\N	0	\N
37971	Стекло Tecno 7	1414	290	0	23	290	2	4	1666	0	1	24	f	2022-01-31 06:30:31.180344+03	0	\N	3	55	2	f	\N	1	\N
37954	Стекло Tecno 7	1414	290	0	0	290	2	4	1652	0	1	1	f	2022-01-24 21:08:00+03	0	\N	3	55	1	f	\N	1	\N
37897	Стекло Tecno 7	1414	2900	0	27	0	2	4	1625	10	0	17	f	2022-01-28 01:55:07.73041+03	0	\N	8	\N	\N	f	\N	0	\N
37963	Стекло Tecno 7	1414	290	0	26	290	2	4	1661	0	1	27	f	2022-01-30 03:52:00+03	0	\N	3	55	1	f	\N	0	\N
37961	Стекло Tecno 7	1414	290	0	25	290	2	4	1659	0	1	26	f	2022-01-31 03:35:29.94911+03	0	\N	3	55	1	f	\N	0	\N
37988	Стекло Tecno 7	1414	290	91	21	290	2	4	1721	0	1	22	f	2022-02-02 15:30:01+03	0	\N	3	55	2	f	\N	0	\N
37987	Стекло Tecno 7	1414	290	0	22	290	2	4	1720	0	1	23	f	2022-02-02 14:19:00+03	0	\N	3	55	2	f	\N	1	\N
38046	Стекло Tecno 7	1414	580	91	13	290	2	4	1741	0	2	15	f	2022-02-04 04:34:00+03	0	\N	3	55	1	f	\N	0	29
38047	Стекло Tecno 7	1414	580	91	13	290	2	4	1741	0	2	15	f	2022-02-04 04:34:00+03	0	\N	3	55	1	f	\N	0	29
38105	Realme C25s 4/128Gb blue	1919	14990	2275	3	14990	1	4	1765	0	1	4	f	2022-02-07 04:12:49.569759+03	0	\N	3	58	1	f	\N	0	149
38198	Redmi 10 4/64Gb grey	1313	0	0	1	15990	1	4	1856	0	0	0	f	2022-02-16 15:46:11.674069+03	0	\N	9	54	1	f	\N	0	\N
38049	Стекло Tecno 7	1414	290	91	12	290	2	4	1742	0	1	13	f	2022-02-04 04:58:00+03	0	\N	3	55	1	f	\N	0	14
38050	Стекло Tecno 7	1414	290	91	12	290	2	4	1742	0	1	13	f	2022-02-04 04:58:00+03	0	\N	3	55	1	f	\N	0	14
38051	Стекло Tecno 7	1414	290	91	12	290	2	4	1742	0	1	13	f	2022-02-04 04:58:00+03	0	\N	3	55	1	f	\N	0	14
38199	Redmi 10 4/64Gb grey	1313	0	0	1	15990	1	4	1857	0	0	0	f	2022-02-16 15:46:59.226435+03	0	\N	9	54	1	f	\N	0	\N
38200	Redmi 10 4/64Gb grey	1313	0	0	1	16990	1	4	1858	0	0	0	f	2022-02-16 15:47:08.073194+03	0	\N	9	54	1	f	\N	0	\N
38201	Huawei Y5p 2/32Gb black	1212	0	0	10	7000	1	4	1859	0	0	0	f	2022-02-16 16:13:41.386491+03	0	\N	9	53	1	f	\N	0	\N
38188	Стекло Tecno 7	1414	290	0	12	290	2	4	1843	0	1	13	f	2022-02-15 05:41:00+03	0	\N	7	\N	\N	f	\N	1	\N
38189	Realme C25s 4/128Gb blue	1919	14990	0	0	14990	1	4	1843	0	1	1	f	2022-02-15 05:41:00+03	0	\N	7	\N	\N	f	\N	2	\N
38180	Стекло Tecno 7	1414	290	-338	14	290	2	4	1834	0	1	15	f	2022-02-15 03:17:43.270438+03	0	\N	3	55	1	f	\N	1	14
38064	Стекло Tecno 7	1414	290	91	19	290	2	4	1745	0	1	20	f	2022-02-03 16:23:00+03	0	\N	3	55	1	f	\N	1	14
38192	Poco X3 Pro 6/128Gb black	1818	0	0	5	20000	1	4	1850	0	0	0	f	2022-02-16 15:28:10.299581+03	0	\N	9	57	1	f	\N	0	\N
38193	Poco X3 Pro 6/128Gb black	1818	0	0	5	19990	1	4	1851	0	0	0	f	2022-02-16 15:29:08.020562+03	0	\N	9	57	1	f	\N	0	\N
38194	Poco X3 Pro 6/128Gb black	1818	0	0	5	19990	1	4	1852	0	0	0	f	2022-02-16 15:34:53.239286+03	0	\N	9	57	1	f	\N	0	\N
38195	Redmi 10 4/64Gb grey	1313	0	0	1	13000	1	4	1853	0	0	0	f	2022-02-16 15:39:37.683691+03	0	\N	9	54	1	f	\N	0	\N
38196	Redmi 10 4/64Gb grey	1313	0	0	1	15990	1	4	1854	0	0	0	f	2022-02-16 15:43:21.345123+03	0	\N	9	54	1	f	\N	0	\N
38197	Redmi 10 4/64Gb grey	1313	0	0	1	16990	1	4	1855	0	0	0	f	2022-02-16 15:44:44.390594+03	0	\N	9	54	1	f	\N	0	\N
38202	Huawei Y5p 2/32Gb black	1212	0	0	10	7000	1	4	1860	0	0	0	f	2022-02-16 16:13:45.771273+03	0	\N	9	53	1	f	\N	0	\N
38203	Huawei Y5p 2/32Gb black	1212	0	0	10	8000	1	4	1861	0	0	0	f	2022-02-16 16:16:56.983103+03	0	\N	9	53	1	f	\N	0	\N
38204	Poco X3 Pro 6/128Gb black	1818	0	0	5	2000	1	4	1862	0	0	0	f	2022-02-16 16:27:06.238799+03	0	\N	9	57	1	f	\N	0	\N
38205	Poco X3 Pro 6/128Gb black	1818	0	0	5	19990	1	4	1863	0	0	0	f	2022-02-16 16:27:15.496195+03	0	\N	9	57	1	f	\N	0	\N
38104	Realme C25s 4/128Gb blue	1919	14990	2275	4	14990	1	4	1764	0	1	5	f	2022-02-05 20:19:00+03	0	\N	3	58	1	f	\N	1	149
38112	Realme C25s 4/128Gb blue	1919	14990	2275	1	14990	1	4	1767	0	1	2	f	2022-02-07 04:53:00+03	0	\N	3	58	1	f	\N	1	149
38241	Стекло Tecno 7	1414	300	1204	11	300	2	4	1889	0	1	12	f	2022-02-17 14:59:00+03	0	\N	3	55	1	f	\N	1	15
38156	Стекло Tecno 7	1414	0	0	13	290	2	4	1794	1	0	12	f	2022-02-13 03:35:00+03	0	\N	2	\N	\N	t	\N	0	\N
38238	Huawei Y5p 2/32Gb black	1212	0	0	10	6490	1	4	1888	0	0	0	f	2022-02-17 14:19:49.171944+03	0	\N	9	53	1	f	\N	0	\N
38178	Стекло Tecno 7	1414	290	-338	16	290	2	4	1832	0	1	17	f	2022-02-15 03:01:54.21108+03	0	\N	3	55	2	f	\N	1	14
38107	Realme C25s 4/128Gb blue	1919	14990	2275	2	14990	1	4	1766	0	1	3	f	2022-02-07 04:21:00+03	0	\N	3	58	1	f	\N	1	149
38071	Realme C25s 4/128Gb blue	1919	13650	0	5	0	1	1	1750	1	0	4	f	2022-02-05 18:22:00+03	13650	1	1	\N	\N	f	\N	1	\N
38072	Стекло Tecno 7	1414	149	0	1	0	2	1	1750	1	0	0	f	2022-02-05 18:22:00+03	149	1	1	\N	\N	f	\N	2	\N
38157	Realme 8 6/128Gb blue	123456	116990	0	1	0	1	1	1795	1	0	0	f	2022-02-13 03:58:00+03	116990	1	1	\N	\N	f	\N	1	\N
38155	Стекло Tecno 7	1414	0	0	0	290	2	1	1794	0	1	1	f	2022-02-13 03:35:00+03	0	\N	2	\N	\N	f	\N	1	\N
38158	Стекло Tecno 7	1414	2000	0	20	0	2	1	1796	20	0	0	f	2022-02-13 04:14:10.931892+03	100	\N	8	\N	\N	f	\N	0	\N
38170	Стекло Tecno 7	1414	1160	0	17	290	2	4	1825	4	0	13	f	2022-02-15 02:09:00+03	0	\N	2	\N	\N	t	\N	0	\N
38179	Стекло Tecno 7	1414	290	-338	15	290	2	4	1833	0	1	16	f	2022-02-15 03:08:05.667333+03	0	\N	3	55	1	f	\N	1	\N
38181	Стекло Tecno 7	1414	290	-338	13	290	2	4	1836	0	1	14	f	2022-02-15 03:27:40.513939+03	0	\N	3	55	1	f	\N	1	\N
38169	Стекло Tecno 7	1414	1160	0	16	290	2	1	1825	0	4	20	f	2022-02-15 02:09:00+03	0	\N	2	\N	\N	f	\N	1	\N
38382	Карта оплаты	2626	100	95	197	100	9	2	1984	0	1	198	f	2022-02-17 18:07:00+03	0	\N	3	60	1	f	\N	0	\N
38374	Карта оплаты	2626	100	95	195	100	9	2	1981	0	1	196	f	2022-02-18 17:48:00+03	0	\N	3	60	1	f	\N	0	\N
38380	Карта оплаты	2626	100	95	194	100	9	2	1982	0	1	195	f	2022-02-18 17:50:00+03	0	\N	3	60	1	f	\N	0	\N
38362	Карта оплаты	2626	1000	0	185	100	9	2	1965	0	10	195	f	2022-02-19 14:24:00+03	0	\N	7	\N	\N	f	\N	0	\N
38360	Карта оплаты	2626	100	96	184	100	9	2	1966	0	1	185	f	2022-02-19 14:25:00+03	0	\N	3	60	1	f	\N	0	\N
38318	9200711112	2727	300	0	1	0	3	1	1940	1	0	0	f	2022-02-20 20:59:00+03	300	2	1	\N	\N	f	\N	1	\N
38386	Карта оплаты	2626	100	95	347	100	9	4	1986	0	1	348	f	2022-02-19 18:11:00+03	0	\N	3	60	1	f	\N	0	\N
38243	Стекло Tecno 7	1414	300	1204	8	300	2	4	1892	0	1	9	f	2022-02-20 03:40:35.333132+03	0	\N	3	55	1	f	\N	1	\N
38346	Карта оплаты	2626	10000	0	199	100	9	2	1958	100	0	99	f	2022-02-17 05:42:00+03	0	\N	2	\N	1	t	\N	0	\N
38365	Карта оплаты	2626	100	0	249	100	9	3	1968	1	0	248	f	2022-02-20 14:29:00+03	0	\N	6	\N	\N	f	\N	1	\N
38389	Стекло Tecno 7	1414	300	1204	10	300	2	4	1987	0	1	11	f	2022-02-18 18:13:00+03	0	\N	3	55	1	f	\N	0	\N
38383	Карта оплаты	2626	100	95	341	100	9	4	1985	0	1	342	f	2022-02-21 18:11:13.632735+03	0	\N	3	60	1	f	\N	0	\N
38244	Стекло Tecno 7	1414	300	1204	7	300	2	4	1893	0	1	8	f	2022-02-20 17:28:15.654324+03	0	\N	3	55	1	f	\N	1	\N
38332	Стекло Tecno 7	1414	300	1204	6	300	2	4	1953	0	1	7	f	2022-02-20 21:18:26.027425+03	0	\N	3	55	1	f	\N	1	\N
38317	Карта оплаты	2626	100	100	342	100	9	4	1939	0	1	343	f	2022-02-20 20:51:02.520503+03	0	\N	3	60	1	f	\N	1	\N
38381	Карта оплаты	2626	100	95	198	100	9	2	1983	0	1	199	f	2022-02-17 18:01:00+03	0	\N	3	60	1	f	\N	0	\N
38377	Карта оплаты	2626	100	95	196	100	9	2	1967	0	1	197	f	2022-02-18 14:26:00+03	0	\N	3	60	1	f	\N	0	\N
38319	9200711112	2727	300	0	0	300	3	1	1941	0	1	1	f	2022-02-20 21:00:21.930668+03	0	\N	2	\N	1	f	\N	0	\N
38320	9200711112	2727	300	0	1	300	3	3	1941	1	0	0	f	2022-02-20 21:00:21.930668+03	0	\N	2	\N	\N	t	\N	0	\N
38322	Realme C25s 4/128Gb blue	1919	14990	0	4	14990	1	1	1943	0	1	5	f	2022-02-20 21:02:37.647007+03	0	\N	2	\N	1	f	\N	0	\N
38323	Realme C25s 4/128Gb blue	1919	14990	0	1	14990	1	3	1943	1	0	0	f	2022-02-20 21:02:37.647007+03	0	\N	2	\N	\N	t	\N	0	\N
38324	Realme C25s 4/128Gb blue	1919	14990	3412	0	14990	1	3	1944	0	1	1	f	2022-02-20 21:02:53.683564+03	0	\N	3	58	1	f	\N	0	\N
38325	BQ 2841	2828	2090	0	1	0	4	1	1945	1	0	0	f	2022-02-20 21:09:00+03	2090	1	1	\N	\N	f	\N	1	\N
38327	BQ 2841	2828	2090	0	2	0	4	1	1946	1	0	1	f	2022-02-20 21:13:00+03	2090	1	1	\N	\N	f	\N	0	\N
38328	BQ 2841	2828	2490	0	1	2490	4	1	1947	0	1	2	f	2022-02-20 21:14:08.515176+03	0	\N	2	\N	1	f	\N	0	\N
38329	BQ 2841	2828	2490	0	1	2490	4	2	1947	1	0	0	f	2022-02-20 21:14:08.515176+03	0	\N	2	\N	\N	t	\N	0	\N
38342	Карта оплаты	2626	30000	0	300	100	9	4	1937	300	0	0	f	2022-02-18 20:36:00+03	0	\N	2	\N	1	t	\N	0	\N
38336	Realme C25s 4/128Gb blue	1919	14990	0	1	14990	1	3	1956	1	0	0	f	2022-02-20 21:46:12.961197+03	0	\N	6	\N	\N	f	\N	1	\N
38340	Карта оплаты	2626	25000	0	250	100	9	3	1957	250	0	0	f	2022-02-16 05:22:00+03	0	\N	2	\N	\N	t	\N	0	\N
38357	Карта оплаты	2626	4800	0	348	100	9	4	1964	48	0	300	f	2022-02-19 14:20:00+03	0	\N	8	\N	\N	f	\N	0	\N
38350	Карта оплаты	2626	10000	0	100	100	9	2	1960	100	0	0	f	2022-02-15 14:14:00+03	0	\N	2	\N	1	t	\N	0	\N
38345	Карта оплаты	2626	10000	0	800	100	9	1	1958	0	100	900	f	2022-02-17 05:42:00+03	0	\N	2	\N	1	f	\N	0	\N
38341	Карта оплаты	2626	30000	0	500	100	9	1	1937	0	300	800	f	2022-02-18 20:36:00+03	0	\N	2	\N	1	f	\N	0	\N
38351	Карта оплаты	2626	50000	0	1000	0	9	1	1961	500	0	500	f	2022-02-19 14:16:00+03	100	2	1	\N	\N	f	\N	0	\N
38349	Карта оплаты	2626	10000	0	1150	100	9	1	1960	0	100	1250	f	2022-02-15 14:14:00+03	0	\N	2	\N	1	f	\N	0	\N
38339	Карта оплаты	2626	25000	0	900	100	9	1	1957	0	250	1150	f	2022-02-16 05:22:00+03	0	\N	2	\N	1	f	\N	1	\N
38353	Карта оплаты	2626	100	100	249	100	9	3	1962	0	1	250	f	2022-02-18 14:17:00+03	0	\N	3	60	1	f	\N	0	\N
38366	Карта оплаты	2626	100	95	248	100	9	3	1969	0	1	249	f	2022-02-18 15:57:00+03	0	\N	3	60	1	f	\N	0	\N
38367	Карта оплаты	2626	100	95	248	100	9	3	1970	0	1	249	f	2022-02-18 15:57:00+03	0	\N	3	60	1	f	\N	0	\N
38321	9200711112	2727	300	300	0	300	3	3	1942	0	1	1	f	2022-02-20 21:00:39.907229+03	0	\N	3	61	1	f	\N	1	\N
38378	Карта оплаты	2626	100	95	248	100	9	3	1963	0	1	249	f	2022-02-18 14:19:00+03	0	\N	3	60	1	f	\N	0	\N
38391	Карта оплаты	2626	100	95	346	100	9	4	1988	0	1	347	f	2022-02-19 18:38:00+03	0	\N	3	60	1	f	\N	0	\N
38394	Стекло Tecno 7	1414	300	1204	9	300	2	4	1989	0	1	10	f	2022-02-19 18:41:00+03	0	\N	3	55	1	f	\N	0	\N
38398	Карта оплаты	2626	100	95	345	100	9	4	1991	0	1	346	f	2022-02-19 18:54:00+03	0	\N	3	60	1	f	\N	1	\N
38396	Карта оплаты	2626	100	95	344	100	9	4	1990	0	1	345	f	2022-02-20 18:48:00+03	0	\N	3	60	1	f	\N	0	\N
38316	Карта оплаты	2626	100	100	343	100	9	4	1938	0	1	344	f	2022-02-20 20:44:09.962789+03	0	\N	3	60	1	f	\N	1	\N
38402	Карта оплаты	2626	100	0	99	100	9	2	1994	0	1	100	f	2022-02-16 04:08:00+03	0	\N	7	\N	\N	f	\N	0	\N
38401	Карта оплаты	2626	100	0	195	100	9	2	1993	1	0	194	f	2022-02-18 19:07:00+03	0	\N	6	\N	\N	f	\N	0	\N
38430	Карта оплаты	2626	100	0	1066	0	9	1	2022	1	0	1065	f	2022-02-21 07:21:05.552056+03	100	2	1	\N	1	f	\N	1	\N
38416	Карта оплаты	2626	1500	0	35	0	9	1	2008	15	0	20	f	2022-02-02 04:41:00+03	100	2	1	\N	1	f	\N	0	\N
38417	Карта оплаты	2626	5000	0	85	0	9	1	2009	50	0	35	f	2022-02-02 04:44:00+03	100	2	1	\N	1	f	\N	0	\N
38415	Карта оплаты	2626	1500	0	100	0	9	1	2007	15	0	85	f	2022-02-04 04:30:00+03	100	2	1	\N	\N	f	\N	0	\N
38414	Карта оплаты	2626	10000	0	200	0	9	1	2006	100	0	100	f	2022-02-05 04:22:00+03	100	2	1	\N	\N	f	\N	0	\N
38429	Карта оплаты	2626	3000	0	230	0	9	1	2021	30	0	200	f	2022-02-08 06:21:00+03	100	2	1	\N	1	f	\N	0	\N
38411	Карта оплаты	2626	1000	0	240	0	9	1	2003	10	0	230	f	2022-02-10 04:10:00+03	100	1	1	\N	\N	f	\N	0	\N
38413	Карта оплаты	2626	1000	0	250	0	9	1	2005	10	0	240	f	2022-02-13 04:21:00+03	100	1	1	\N	\N	f	\N	0	\N
38420	Карта оплаты	2626	1000	0	20	0	9	1	2012	10	0	10	f	2022-01-31 04:52:00+03	100	2	1	\N	1	f	\N	0	\N
38245	Карта оплаты	2626	100000	0	1250	0	9	1	1897	1000	0	250	f	2022-02-14 19:28:00+03	100	2	1	\N	\N	f	\N	1	\N
38431	Карта оплаты	2626	5000	0	1050	0	9	1	2023	50	0	1000	f	2022-02-20 07:27:47.904825+03	100	1	1	\N	1	f	\N	0	\N
38426	Карта оплаты	2626	1500	0	1065	0	9	1	2018	15	0	1050	f	2022-02-21 06:13:00+03	100	2	1	\N	1	f	\N	1	\N
38459	Карта оплаты	2626	1000	0	10	0	9	1	2048	10	0	0	f	2022-01-25 15:20:47.481512+03	100	2	1	\N	1	f	\N	0	\N
38460	Карта оплаты	2626	1000	0	1076	0	9	1	2019	10	0	1066	f	2022-02-22 06:19:31.99862+03	100	1	1	\N	\N	f	\N	1	\N
\.


--
-- Data for Name: app_product_revaluation; Type: TABLE DATA; Schema: public; Owner: postgres
--

COPY public.app_product_revaluation (id, created, name, imei, price_current, price_new, document_id, identifier_id, shop_id, user_id) FROM stdin;
\.


--
-- Data for Name: app_reference_contributor; Type: TABLE DATA; Schema: public; Owner: postgres
--

COPY public.app_reference_contributor (id, name) FROM stdin;
1	Винокуров
2	Петров
\.


--
-- Data for Name: app_reference_documenttype; Type: TABLE DATA; Schema: public; Owner: postgres
--

COPY public.app_reference_documenttype (id, name) FROM stdin;
1	Поступление ТМЦ
2	Перемещение ТМЦ
3	Продажа ТМЦ
6	Возврат ТМЦ
7	Списание ТМЦ
8	Оприходование ТМЦ
9	Переоценка ТМЦ
5	РКО (зарплата)
4	РКО (хоз.расходы)
11	ПКО
10	Перемещение денег
12	Инвентаризация ТМЦ
\.


--
-- Data for Name: app_reference_expense; Type: TABLE DATA; Schema: public; Owner: postgres
--

COPY public.app_reference_expense (id, name) FROM stdin;
1	Уборка
2	Дворник
4	Тонер
5	Принтер
6	Другое
3	Бумага и канцтовары
7	Чеки и чековая лента
8	Ремонтные работы
9	Зарплата
\.


--
-- Data for Name: app_reference_product; Type: TABLE DATA; Schema: public; Owner: postgres
--

COPY public.app_reference_product (id, name, imei, category_id, created) FROM stdin;
5	Tele2 Mini	354661080966584	1	2021-09-19 13:59:57.172648+03
61	9200711112	2727	3	2022-02-20 17:59:43.208594+03
62	BQ 2841	2828	4	2022-02-20 18:09:45.861411+03
7	Колонка	55555	2	2021-10-11 18:31:09.060665+03
1	Чехол Itel A48	11111	2	2021-10-11 18:45:05.4506+03
6	Наушники	88888	2	2021-10-11 18:45:50.07578+03
4	Redmi 9A 2/32Gb blue	44444	1	2021-10-11 18:47:23.785953+03
8	АКБ	77777	2	2021-10-11 18:47:44.582937+03
9	Redmi 9 4/164Gb green	33333	1	2021-10-15 15:43:49.766888+03
16	ITEL A17 DS 16+1 Dark blue	350309033530925	1	2022-01-02 13:36:25.80905+03
17	ITEL A25 DS Gradation Purple	353303118347344	1	2022-01-02 13:49:15.29204+03
18	ITEL A25 DS Gradation Sea Blue	353303118430728	1	2022-01-02 13:49:15.310988+03
19	ITEL A48 2/32Gb black	357845195447708	1	2022-01-02 13:49:15.334926+03
20	ITEL A48 DS Green	357845193423180	1	2022-01-02 13:49:15.357861+03
21	ITEL IT5631 DS Champagne Gold	352761520704744	1	2022-01-02 13:49:15.377809+03
22	ITEL IT5631 DS Champagne Gold	352761520814907	1	2022-01-02 13:49:15.399753+03
23	Itel Vision L6005 2/32Gb purple	354102115627008	1	2022-01-02 13:49:15.419697+03
24	Itel Vision Pro 2/32Gb black	359497340363261	1	2022-01-02 13:49:15.440643+03
25	Itel Vision Pro 2/32Gb cosmic shine	359497340070460	1	2022-01-02 13:49:15.461588+03
26	Redmi 9 4/64Gb purple	860054059470084	1	2022-01-02 13:49:15.481534+03
27	Redmi 9A 2/32Gb blue	868175056661441	1	2022-01-02 13:49:15.50148+03
28	Redmi 9A 2/32Gb green	869060055737385	1	2022-01-02 13:49:15.522422+03
29	Redmi 9C 2/32Gb blue	860313058307162	1	2022-01-02 13:49:15.543369+03
30	Redmi Note 9 3/64Gb grey	868697057234860	1	2022-01-02 13:49:15.564311+03
31	Samsung A02 2/32Gb black	352583798259502	1	2022-01-02 13:49:15.585254+03
32	Samsung A02 2/32Gb blue	352583792367384	1	2022-01-02 13:49:15.608192+03
33	Samsung A02s 3/32Gb blue	352523323696869	1	2022-01-02 13:49:15.631132+03
34	Samsung A02s 32Gb white	356525689420731	1	2022-01-02 13:49:15.654071+03
35	Samsung A12 3/32Gb black	357127782275820	1	2022-01-02 13:49:15.675014+03
36	Samsung A12 3/32Gb Blue Exynos	355665164290364	1	2022-01-02 13:49:15.695961+03
37	Samsung A12 4/64Gb blue	355183627661593	1	2022-01-02 13:49:15.716904+03
38	Samsung M12 32Gb black	351466645693167	1	2022-01-02 13:49:15.737847+03
39	TECNO Camon 15 Air 3/64Gb Grey	353782111655227	1	2022-01-02 13:49:15.758793+03
40	TECNO Camon 15 Air 3/64Gb Ice Lake Blue/голубой	353782111304560	1	2022-01-02 13:49:15.779737+03
41	TECNO Spark 6 2/32Gb galaxy blue	354443486102902	1	2022-01-02 13:49:15.798685+03
42	TECNO Spark 6 2/32Gb white	359078326843508	1	2022-01-02 13:49:15.817634+03
43	TECNO Spark 7 2/32Gb Morpheus Blue	352988320714041	1	2022-01-02 13:49:15.839575+03
44	TECNO Spark 7 4/128Gb Morpheus Blue	354237660937020	1	2022-01-02 13:49:15.861517+03
45	TECNO Spark 7 4/64Gb green	354237663454163	1	2022-01-02 13:49:15.881462+03
46	TECNO Spark 7 4/64Gb Magnet black	354237664148764	1	2022-01-02 13:49:15.901413+03
47	ZTE A3 1/32Gb 2020 NFC лиловый	865589046861593	1	2022-01-02 13:49:15.925345+03
48	ZTE A3 NFC grey	865589047105115	1	2022-01-02 13:49:15.945293+03
49	ZTE A5 2020 32Gb green	867185042541921	1	2022-01-02 13:49:15.965241+03
50	ZTE A5 2020 черный	867185043132639	1	2022-01-02 13:49:15.985185+03
51	ZTE A51 2/64Gb синий	868078051106505	1	2022-01-02 13:49:16.008123+03
52	ZTE MF920V Роутер 4G	863354031202655	1	2022-01-02 13:49:16.029068+03
53	Huawei Y5p 2/32Gb black	1212	1	2022-01-07 13:41:46.348893+03
54	Redmi 10 4/64Gb grey	1313	1	2022-01-09 01:34:15.205442+03
55	Стекло Tecno 7	1414	2	2022-01-09 01:35:31.376897+03
56	1818	Poco X3 Pro 6.128Gb	1	2022-01-27 23:42:47.16711+03
57	Poco X3 Pro 6/128Gb black	1818	1	2022-01-27 23:43:49.099129+03
58	Realme C25s 4/128Gb blue	1919	1	2022-01-28 00:58:15.574543+03
59	Realme 8 6/128Gb blue	123456	1	2022-02-13 00:58:40.953193+03
3	Чехол Huawei Y7	99999	2	2022-02-16 12:36:55.910081+03
2	Чехол Samsung A12	22222	2	2022-02-16 12:37:30.325839+03
60	Карта оплаты	2626	9	2022-02-21 01:49:21.783331+03
\.


--
-- Data for Name: app_reference_productcategory; Type: TABLE DATA; Schema: public; Owner: postgres
--

COPY public.app_reference_productcategory (id, name, bonus_percent) FROM stdin;
1	Смартфоны	0.05
2	Аксы	0.20
3	Сим_карты	0.15
4	Кнопки	0.10
5	Iphone	0.02
6	Страховки	0.50
7	Подписки	0.50
8	Услуги	0.50
9	КЭО	0.00
\.


--
-- Data for Name: app_reference_shop; Type: TABLE DATA; Schema: public; Owner: postgres
--

COPY public.app_reference_shop (id, name, sale_k, retail) FROM stdin;
4	Городец	1	t
3	Дзержинск	1	t
2	Правдинск	1	t
1	ООС	1	f
\.


--
-- Data for Name: app_reference_supplier; Type: TABLE DATA; Schema: public; Owner: postgres
--

COPY public.app_reference_supplier (id, name) FROM stdin;
1	ООО Центр Дистрибуции
2	ООО Т2 Мобайл
\.


--
-- Data for Name: app_reference_voucher; Type: TABLE DATA; Schema: public; Owner: postgres
--

COPY public.app_reference_voucher (id, name) FROM stdin;
1	Поступление от учредителя
2	Разное
\.


--
-- Data for Name: app_reports_dailysalerep; Type: TABLE DATA; Schema: public; Owner: postgres
--

COPY public.app_reports_dailysalerep (id, report_id_id, accessories, card, cash_move, credit, expenses, final_balance, "insuranсе", iphone, opening_balance, phones, return_sum, salary, services, sim_cards, smartphones, wink, created, pay_cards, shop, net_sales) FROM stdin;
\.


--
-- Data for Name: app_reports_monthlybonus; Type: TABLE DATA; Schema: public; Owner: postgres
--

COPY public.app_reports_monthlybonus (id, smarphones, accessories, sim_cards, phones, iphone, "insuranсе", wink, services, sub_total, credit, user_name) FROM stdin;
\.


--
-- Data for Name: app_reports_paycardreport; Type: TABLE DATA; Schema: public; Owner: postgres
--

COPY public.app_reports_paycardreport (id, shop, product, pre_remainder, incoming_quantity, outgoing_quantity, current_remainder, report_id_id, created) FROM stdin;
1	Городец	Карта оплаты	0	0	0	0	531	\N
2	Дзержинск	Карта оплаты	0	0	0	0	531	\N
3	Правдинск	Карта оплаты	0	0	0	0	531	\N
4	ООС	Карта оплаты	0	0	0	0	531	\N
5	Городец	Карта оплаты	0	0	0	0	532	\N
6	Дзержинск	Карта оплаты	0	0	0	0	532	\N
7	Правдинск	Карта оплаты	0	0	0	0	532	\N
8	ООС	Карта оплаты	0	0	0	0	532	\N
9	Городец	Карта оплаты	0	0	0	0	533	2022-02-20
10	Дзержинск	Карта оплаты	0	0	0	0	533	2022-02-20
11	Правдинск	Карта оплаты	0	0	0	0	533	2022-02-20
12	ООС	Карта оплаты	0	0	0	0	533	2022-02-20
13	Городец	Карта оплаты	0	0	0	0	534	2022-02-20
14	Дзержинск	Карта оплаты	0	0	0	0	534	2022-02-20
15	Правдинск	Карта оплаты	0	0	0	0	534	2022-02-20
16	ООС	Карта оплаты	0	0	0	0	534	2022-02-20
17	Городец	Карта оплаты	0	0	0	0	535	2022-02-20
18	Дзержинск	Карта оплаты	0	0	0	0	535	2022-02-20
19	Правдинск	Карта оплаты	0	0	0	0	535	2022-02-20
20	ООС	Карта оплаты	0	0	0	0	535	2022-02-20
21	Городец	Карта оплаты	0	0	0	0	536	2022-02-20
22	Дзержинск	Карта оплаты	0	0	0	0	536	2022-02-20
23	Правдинск	Карта оплаты	0	0	0	0	536	2022-02-20
24	ООС	Карта оплаты	0	0	0	0	536	2022-02-20
25	Городец	Карта оплаты	0	0	0	0	537	2022-02-20
26	Дзержинск	Карта оплаты	0	0	0	0	537	2022-02-20
27	Правдинск	Карта оплаты	0	0	0	0	537	2022-02-20
28	ООС	Карта оплаты	0	0	0	0	537	2022-02-20
29	Городец	Карта оплаты	0	0	0	0	538	2022-02-20
30	Дзержинск	Карта оплаты	0	0	0	0	538	2022-02-20
31	Правдинск	Карта оплаты	0	0	0	0	538	2022-02-20
32	ООС	Карта оплаты	0	0	0	0	538	2022-02-20
33	Городец	Карта оплаты	0	0	0	0	539	2022-02-20
34	Дзержинск	Карта оплаты	0	0	0	0	539	2022-02-20
35	Правдинск	Карта оплаты	0	0	0	0	539	2022-02-20
36	ООС	Карта оплаты	0	0	0	0	539	2022-02-20
37	Городец	Карта оплаты	0	0	0	0	540	2022-02-20
38	Дзержинск	Карта оплаты	0	0	0	0	540	2022-02-20
39	Правдинск	Карта оплаты	0	0	0	0	540	2022-02-20
40	ООС	Карта оплаты	0	0	0	0	540	2022-02-20
41	Городец	Карта оплаты	0	0	0	0	541	2022-02-20
42	Дзержинск	Карта оплаты	0	0	0	0	541	2022-02-20
43	Правдинск	Карта оплаты	0	0	0	0	541	2022-02-20
44	ООС	Карта оплаты	0	0	0	0	541	2022-02-20
45	Городец	Карта оплаты	0	0	0	0	542	2022-02-20
46	Дзержинск	Карта оплаты	0	0	0	0	542	2022-02-20
47	Правдинск	Карта оплаты	0	0	0	0	542	2022-02-20
48	ООС	Карта оплаты	0	0	0	0	542	2022-02-20
49	Городец	Карта оплаты	0	0	0	0	543	2022-02-20
50	Дзержинск	Карта оплаты	0	0	0	0	543	2022-02-20
51	Правдинск	Карта оплаты	0	0	0	0	543	2022-02-20
52	ООС	Карта оплаты	0	0	0	0	543	2022-02-20
53	Городец	Карта оплаты	0	0	0	0	544	2022-02-18
54	Дзержинск	Карта оплаты	0	0	0	0	544	2022-02-18
55	Правдинск	Карта оплаты	0	0	0	0	544	2022-02-18
56	ООС	Карта оплаты	0	0	0	0	544	2022-02-18
57	Городец	Карта оплаты	0	0	0	0	545	2022-02-18
58	Дзержинск	Карта оплаты	0	0	0	0	545	2022-02-18
59	Правдинск	Карта оплаты	0	0	0	0	545	2022-02-18
60	ООС	Карта оплаты	0	0	0	0	545	2022-02-18
61	Городец	Карта оплаты	0	0	0	0	546	2022-02-18
62	Дзержинск	Карта оплаты	0	0	0	0	546	2022-02-18
63	Правдинск	Карта оплаты	0	0	0	0	546	2022-02-18
64	ООС	Карта оплаты	0	0	0	0	546	2022-02-18
65	Городец	Карта оплаты	0	0	0	0	547	2022-02-18
66	Дзержинск	Карта оплаты	0	0	0	0	547	2022-02-18
67	Правдинск	Карта оплаты	0	0	0	0	547	2022-02-18
68	ООС	Карта оплаты	0	0	0	0	547	2022-02-18
69	Городец	Карта оплаты	0	0	0	0	548	2022-02-20
70	Дзержинск	Карта оплаты	0	0	0	0	548	2022-02-20
71	Правдинск	Карта оплаты	0	0	0	0	548	2022-02-20
72	ООС	Карта оплаты	0	0	0	0	548	2022-02-20
73	Городец	Карта оплаты	0	0	0	0	549	2022-02-21
74	Дзержинск	Карта оплаты	0	0	0	0	549	2022-02-21
75	Правдинск	Карта оплаты	0	0	0	0	549	2022-02-21
76	ООС	Карта оплаты	0	0	0	0	549	2022-02-21
77	Городец	Карта оплаты	0	0	0	0	550	2022-02-21
78	Дзержинск	Карта оплаты	0	0	0	0	550	2022-02-21
79	Правдинск	Карта оплаты	0	0	0	0	550	2022-02-21
80	ООС	Карта оплаты	0	0	0	0	550	2022-02-21
81	Городец	Карта оплаты	0	0	0	0	551	2022-02-20
82	Дзержинск	Карта оплаты	0	0	0	0	551	2022-02-20
83	Правдинск	Карта оплаты	0	0	0	0	551	2022-02-20
84	ООС	Карта оплаты	0	0	0	0	551	2022-02-20
85	Городец	Карта оплаты	0	0	0	0	552	2022-02-18
86	Дзержинск	Карта оплаты	0	0	0	0	552	2022-02-18
87	Правдинск	Карта оплаты	0	0	0	0	552	2022-02-18
88	ООС	Карта оплаты	0	0	0	0	552	2022-02-18
89	Городец	Карта оплаты	0	0	2	0	563	2022-02-20
90	Дзержинск	Карта оплаты	0	0	0	0	563	2022-02-20
91	Правдинск	Карта оплаты	0	0	0	0	563	2022-02-20
92	ООС	Карта оплаты	0	0	0	0	563	2022-02-20
93	Городец	Карта оплаты	0	0	2	0	564	2022-02-20
94	Дзержинск	Карта оплаты	0	0	0	0	564	2022-02-20
95	Правдинск	Карта оплаты	0	0	0	0	564	2022-02-20
96	ООС	Карта оплаты	0	0	0	0	564	2022-02-20
97	Городец	Карта оплаты	0	0	2	0	565	2022-02-20
98	Дзержинск	Карта оплаты	0	0	0	0	565	2022-02-20
99	Правдинск	Карта оплаты	0	0	0	0	565	2022-02-20
100	ООС	Карта оплаты	0	0	0	0	565	2022-02-20
101	Городец	Карта оплаты	0	0	2	0	566	2022-02-20
102	Дзержинск	Карта оплаты	0	0	0	0	566	2022-02-20
103	Правдинск	Карта оплаты	0	0	0	0	566	2022-02-20
104	ООС	Карта оплаты	0	0	0	0	566	2022-02-20
105	Городец	Карта оплаты	300	0	2	0	568	2022-02-20
106	Дзержинск	Карта оплаты	0	0	0	0	568	2022-02-20
107	Правдинск	Карта оплаты	0	0	0	0	568	2022-02-20
108	ООС	Карта оплаты	1300	0	0	0	568	2022-02-20
109	Городец	Карта оплаты	300	0	2	0	569	2022-02-20
110	Дзержинск	Карта оплаты	0	0	0	0	569	2022-02-20
111	Правдинск	Карта оплаты	0	0	0	0	569	2022-02-20
112	ООС	Карта оплаты	1300	0	0	0	569	2022-02-20
113	Городец	Карта оплаты	0	0	0	0	570	2022-02-16
114	Дзержинск	Карта оплаты	0	0	0	0	570	2022-02-16
115	Правдинск	Карта оплаты	0	0	0	0	570	2022-02-16
116	ООС	Карта оплаты	1000	0	0	0	570	2022-02-16
117	Городец	Карта оплаты	0	0	0	0	571	2022-02-14
118	Дзержинск	Карта оплаты	0	0	0	0	571	2022-02-14
119	Правдинск	Карта оплаты	0	0	0	0	571	2022-02-14
120	ООС	Карта оплаты	0	1000	0	0	571	2022-02-14
121	Городец	Карта оплаты	0	0	0	0	572	2022-02-15
122	Дзержинск	Карта оплаты	0	0	0	0	572	2022-02-15
123	Правдинск	Карта оплаты	0	0	0	0	572	2022-02-15
124	ООС	Карта оплаты	1000	0	0	0	572	2022-02-15
125	Городец	Карта оплаты	0	0	0	0	573	2022-02-16
126	Дзержинск	Карта оплаты	0	0	0	0	573	2022-02-16
127	Правдинск	Карта оплаты	0	0	0	0	573	2022-02-16
128	ООС	Карта оплаты	1000	0	0	0	573	2022-02-16
129	Городец	Карта оплаты	0	0	0	0	574	2022-02-17
130	Дзержинск	Карта оплаты	0	0	0	0	574	2022-02-17
131	Правдинск	Карта оплаты	0	0	0	0	574	2022-02-17
132	ООС	Карта оплаты	1000	0	0	0	574	2022-02-17
133	Городец	Карта оплаты	0	300	0	0	575	2022-02-18
134	Дзержинск	Карта оплаты	0	0	0	0	575	2022-02-18
135	Правдинск	Карта оплаты	0	0	0	0	575	2022-02-18
136	ООС	Карта оплаты	1000	0	300	0	575	2022-02-18
137	Городец	Карта оплаты	0	300	0	0	576	2022-02-18
138	Дзержинск	Карта оплаты	250	0	0	0	576	2022-02-18
139	Правдинск	Карта оплаты	0	0	0	0	576	2022-02-18
140	ООС	Карта оплаты	750	0	300	0	576	2022-02-18
141	Городец	Карта оплаты	0	0	0	0	577	2022-02-14
142	Дзержинск	Карта оплаты	0	0	0	0	577	2022-02-14
143	Правдинск	Карта оплаты	0	0	0	0	577	2022-02-14
144	ООС	Карта оплаты	0	1000	0	0	577	2022-02-14
145	Городец	Карта оплаты	0	0	0	0	578	2022-02-14
146	Дзержинск	Карта оплаты	0	0	0	0	578	2022-02-14
147	Правдинск	Карта оплаты	0	0	0	0	578	2022-02-14
148	ООС	Карта оплаты	0	1000	0	0	578	2022-02-14
149	Городец	Карта оплаты	0	0	0	0	579	2022-02-14
150	Дзержинск	Карта оплаты	0	0	0	0	579	2022-02-14
151	Правдинск	Карта оплаты	0	0	0	0	579	2022-02-14
152	ООС	Карта оплаты	0	1000	0	0	579	2022-02-14
153	Городец	Карта оплаты	0	0	0	0	580	2022-02-14
154	Дзержинск	Карта оплаты	0	0	0	0	580	2022-02-14
155	Правдинск	Карта оплаты	0	0	0	0	580	2022-02-14
156	Городец	Карта оплаты	0	0	0	0	581	2022-02-14
157	Дзержинск	Карта оплаты	0	0	0	0	581	2022-02-14
158	Правдинск	Карта оплаты	0	0	0	0	581	2022-02-14
159	Городец	Карта оплаты	0	0	0	0	582	2022-02-14
160	Дзержинск	Карта оплаты	0	0	0	0	582	2022-02-14
161	Правдинск	Карта оплаты	0	0	0	0	582	2022-02-14
162	ООС	Карта оплаты	0	1000	0	1000	582	2022-02-14
163	Городец	Карта оплаты	0	0	0	0	583	2022-02-14
164	Дзержинск	Карта оплаты	0	0	0	0	583	2022-02-14
165	Правдинск	Карта оплаты	0	0	0	0	583	2022-02-14
166	ООС	Карта оплаты	0	1000	0	1000	583	2022-02-14
167	Городец	Карта оплаты	0	0	0	0	584	2022-02-15
168	Дзержинск	Карта оплаты	0	0	0	0	584	2022-02-15
169	Правдинск	Карта оплаты	0	0	0	0	584	2022-02-15
170	ООС	Карта оплаты	1000	0	0	1000	584	2022-02-15
171	Городец	Карта оплаты	0	0	0	0	585	2022-02-16
172	Дзержинск	Карта оплаты	0	250	0	250	585	2022-02-16
173	Правдинск	Карта оплаты	0	0	0	0	585	2022-02-16
174	ООС	Карта оплаты	1000	0	250	750	585	2022-02-16
175	Городец	Карта оплаты	0	0	0	0	586	2022-02-17
176	Дзержинск	Карта оплаты	250	0	0	250	586	2022-02-17
177	Правдинск	Карта оплаты	0	0	0	0	586	2022-02-17
178	ООС	Карта оплаты	750	0	0	750	586	2022-02-17
179	Городец	Карта оплаты	0	300	0	300	587	2022-02-18
180	Дзержинск	Карта оплаты	250	0	0	250	587	2022-02-18
181	Правдинск	Карта оплаты	0	0	0	0	587	2022-02-18
182	ООС	Карта оплаты	750	0	300	950	587	2022-02-18
183	Городец	Карта оплаты	0	0	0	0	588	2022-02-16
184	Дзержинск	Карта оплаты	0	250	0	250	588	2022-02-16
185	Правдинск	Карта оплаты	0	0	0	0	588	2022-02-16
186	ООС	Карта оплаты	1000	0	250	750	588	2022-02-16
187	Городец	Карта оплаты	0	0	0	0	589	2022-02-17
188	Дзержинск	Карта оплаты	250	0	0	250	589	2022-02-17
189	Правдинск	Карта оплаты	0	0	0	0	589	2022-02-17
190	ООС	Карта оплаты	750	0	0	750	589	2022-02-17
191	Городец	Карта оплаты	0	300	0	300	590	2022-02-18
192	Дзержинск	Карта оплаты	250	0	0	250	590	2022-02-18
193	Правдинск	Карта оплаты	0	0	0	0	590	2022-02-18
194	ООС	Карта оплаты	750	0	300	450	590	2022-02-18
195	Городец	Карта оплаты	300	0	0	300	591	2022-02-19
196	Дзержинск	Карта оплаты	250	0	0	250	591	2022-02-19
197	Правдинск	Карта оплаты	0	0	0	0	591	2022-02-19
198	ООС	Карта оплаты	450	0	0	450	591	2022-02-19
199	Городец	Карта оплаты	300	0	2	298	592	2022-02-20
200	Дзержинск	Карта оплаты	250	0	0	250	592	2022-02-20
201	Правдинск	Карта оплаты	0	0	0	0	592	2022-02-20
202	ООС	Карта оплаты	450	0	0	450	592	2022-02-20
203	Городец	Карта оплаты	0	0	0	0	593	2022-02-17
204	Дзержинск	Карта оплаты	250	0	0	250	593	2022-02-17
205	Правдинск	Карта оплаты	0	100	0	100	593	2022-02-17
206	ООС	Карта оплаты	750	0	100	650	593	2022-02-17
207	Городец	Карта оплаты	0	300	0	300	594	2022-02-18
208	Дзержинск	Карта оплаты	250	0	0	250	594	2022-02-18
209	Правдинск	Карта оплаты	100	0	0	100	594	2022-02-18
210	ООС	Карта оплаты	650	0	300	350	594	2022-02-18
211	Городец	Карта оплаты	300	0	0	300	595	2022-02-19
212	Дзержинск	Карта оплаты	250	0	0	250	595	2022-02-19
213	Правдинск	Карта оплаты	100	0	0	100	595	2022-02-19
214	ООС	Карта оплаты	350	0	0	350	595	2022-02-19
215	Городец	Карта оплаты	300	0	2	298	596	2022-02-20
216	Дзержинск	Карта оплаты	250	0	0	250	596	2022-02-20
217	Правдинск	Карта оплаты	100	0	0	100	596	2022-02-20
218	ООС	Карта оплаты	350	0	0	350	596	2022-02-20
219	Городец	Карта оплаты	298	0	0	298	597	2022-02-21
220	Дзержинск	Карта оплаты	249	0	1	248	597	2022-02-21
221	Правдинск	Карта оплаты	200	0	0	200	597	2022-02-21
222	ООС	Карта оплаты	750	0	0	750	597	2022-02-21
223	Городец	Карта оплаты	346	0	0	346	598	2022-02-21
224	Дзержинск	Карта оплаты	249	0	1	248	598	2022-02-21
225	Правдинск	Карта оплаты	200	0	0	200	598	2022-02-21
226	ООС	Карта оплаты	750	0	0	750	598	2022-02-21
227	Городец	Карта оплаты	300	48	0	348	599	2022-02-19
228	Дзержинск	Карта оплаты	249	0	0	249	599	2022-02-19
229	Правдинск	Карта оплаты	200	0	0	200	599	2022-02-19
230	ООС	Карта оплаты	250	500	0	750	599	2022-02-19
\.


--
-- Data for Name: app_reports_producthistory; Type: TABLE DATA; Schema: public; Owner: postgres
--

COPY public.app_reports_producthistory (id, name, imei, category_id, supplier_id, document, shop, quantity_in, quantity_out, document_id) FROM stdin;
\.


--
-- Data for Name: app_reports_reporttemp; Type: TABLE DATA; Schema: public; Owner: postgres
--

COPY public.app_reports_reporttemp (id, end_remainder, imei, initial_remainder, name, quantity_in, quantity_out, report_id_id, existance_check) FROM stdin;
\.


--
-- Data for Name: app_reports_reporttempid; Type: TABLE DATA; Schema: public; Owner: postgres
--

COPY public.app_reports_reporttempid (id, created, existance_check) FROM stdin;
122	2022-02-02 13:15:25.031616+03	t
123	2022-02-02 13:17:24.940262+03	t
124	2022-02-02 13:17:36.100283+03	t
125	2022-02-02 13:19:23.174937+03	t
126	2022-02-02 13:20:37.029275+03	t
127	2022-02-02 13:20:49.338836+03	t
128	2022-02-02 13:21:08.820689+03	t
129	2022-02-02 13:21:28.27616+03	t
130	2022-02-02 13:22:19.818579+03	t
131	2022-02-02 13:24:00.801827+03	t
132	2022-02-02 13:24:45.037884+03	t
133	2022-02-02 13:25:15.29204+03	t
134	2022-02-02 13:25:38.977345+03	t
135	2022-02-02 13:27:09.737065+03	t
136	2022-02-02 13:28:36.549004+03	t
137	2022-02-02 13:29:00.256326+03	t
138	2022-02-02 13:29:06.719906+03	t
139	2022-02-02 13:29:19.305133+03	t
140	2022-02-02 13:29:26.855888+03	t
141	2022-02-02 13:29:59.772846+03	t
142	2022-02-02 13:30:19.075983+03	t
143	2022-02-02 13:30:41.846031+03	t
144	2022-02-02 13:30:57.592214+03	t
145	2022-02-02 13:31:16.276991+03	t
146	2022-02-02 13:33:09.376588+03	t
147	2022-02-02 13:35:22.11884+03	t
148	2022-02-02 13:35:44.744728+03	t
149	2022-02-02 13:36:18.014966+03	t
150	2022-02-02 13:38:30.74953+03	t
151	2022-02-02 13:39:51.628253+03	t
152	2022-02-02 13:40:57.248264+03	t
153	2022-02-02 13:41:05.752654+03	t
154	2022-02-02 13:41:26.196808+03	t
155	2022-02-02 13:41:41.761988+03	t
156	2022-02-02 13:42:34.647285+03	t
157	2022-02-02 13:42:54.54455+03	t
158	2022-02-02 13:43:27.757691+03	t
159	2022-02-02 13:44:22.897643+03	t
160	2022-02-02 13:44:42.700939+03	t
161	2022-02-02 13:44:57.788199+03	t
162	2022-02-02 13:45:20.203548+03	t
163	2022-02-02 13:45:32.099759+03	t
164	2022-02-02 13:46:12.312504+03	t
165	2022-02-02 13:46:44.761413+03	t
166	2022-02-02 13:46:57.923453+03	t
167	2022-02-02 13:47:09.728318+03	t
168	2022-02-02 13:47:24.379804+03	t
169	2022-02-02 13:48:01.417009+03	t
170	2022-02-02 13:48:12.59555+03	t
171	2022-02-02 13:49:17.560619+03	t
172	2022-02-02 13:49:52.814789+03	t
173	2022-02-02 13:50:05.917925+03	t
174	2022-02-02 13:50:17.37437+03	t
175	2022-02-02 13:50:29.017458+03	t
176	2022-02-02 13:51:01.025219+03	t
177	2022-02-02 13:51:55.280079+03	t
178	2022-02-02 13:52:01.561767+03	t
179	2022-02-02 13:52:09.765281+03	t
180	2022-02-02 13:52:15.445414+03	t
181	2022-02-02 13:52:21.949192+03	t
182	2022-02-02 13:52:30.515067+03	t
183	2022-02-02 13:52:37.332155+03	t
184	2022-02-02 13:53:05.554698+03	t
185	2022-02-02 13:53:48.115066+03	t
186	2022-02-02 13:55:02.213979+03	t
187	2022-02-02 13:56:35.863365+03	t
188	2022-02-02 13:57:03.93865+03	t
189	2022-02-02 13:57:53.268547+03	t
190	2022-02-02 13:58:16.567533+03	t
191	2022-02-19 18:10:50.904493+03	t
192	2022-02-19 18:11:03.792436+03	t
193	2022-02-19 18:16:26.553909+03	t
194	2022-02-19 18:22:36.768263+03	t
195	2022-02-19 18:25:53.65352+03	t
196	2022-02-19 18:26:32.847639+03	t
197	2022-02-19 18:27:30.177211+03	t
198	2022-02-19 18:27:36.06526+03	t
199	2022-02-19 18:27:54.179027+03	t
200	2022-02-19 18:28:00.434114+03	t
201	2022-02-19 18:29:00.285493+03	t
202	2022-02-19 18:29:33.736162+03	t
203	2022-02-19 18:32:35.348688+03	t
204	2022-02-19 18:33:01.381133+03	t
205	2022-02-19 18:33:09.490016+03	t
206	2022-02-19 19:39:47.494352+03	t
207	2022-02-19 19:42:29.742105+03	t
208	2022-02-19 19:44:20.463856+03	t
209	2022-02-19 19:44:49.424502+03	t
210	2022-02-20 02:07:26.100242+03	t
211	2022-02-20 02:12:21.006297+03	t
212	2022-02-20 02:12:34.667663+03	t
213	2022-02-20 02:21:03.334429+03	t
214	2022-02-20 02:25:51.578064+03	t
215	2022-02-20 02:26:48.485011+03	t
216	2022-02-20 02:28:11.495365+03	t
217	2022-02-20 02:29:30.798149+03	t
218	2022-02-20 02:29:45.26633+03	t
219	2022-02-20 02:30:09.532657+03	t
220	2022-02-20 02:30:23.465776+03	t
221	2022-02-20 02:31:46.409888+03	t
222	2022-02-20 02:37:28.882449+03	t
223	2022-02-20 11:50:45.644039+03	t
224	2022-02-20 11:52:39.506386+03	t
225	2022-02-20 11:53:19.551859+03	t
226	2022-02-20 11:53:38.828896+03	t
227	2022-02-20 12:08:35.526777+03	t
228	2022-02-20 12:13:43.719574+03	t
229	2022-02-20 12:15:21.887176+03	t
230	2022-02-20 12:15:48.701393+03	t
231	2022-02-20 12:17:56.157042+03	t
232	2022-02-20 12:18:59.448044+03	t
233	2022-02-20 12:19:21.721149+03	t
234	2022-02-20 12:22:21.213062+03	t
235	2022-02-20 12:22:25.237007+03	t
236	2022-02-20 12:22:45.067965+03	t
237	2022-02-20 12:23:50.270579+03	t
238	2022-02-20 12:27:38.293995+03	t
239	2022-02-20 12:30:15.697657+03	t
240	2022-02-20 12:32:11.710524+03	t
241	2022-02-20 13:03:09.096275+03	t
242	2022-02-20 13:03:30.350138+03	t
243	2022-02-20 13:03:57.532606+03	t
244	2022-02-20 13:04:38.37197+03	t
245	2022-02-20 13:05:24.014632+03	t
246	2022-02-20 13:10:00.241385+03	t
247	2022-02-20 13:40:07.795643+03	t
248	2022-02-20 13:42:40.291636+03	t
249	2022-02-20 13:43:12.62919+03	t
250	2022-02-20 13:43:33.699247+03	t
251	2022-02-20 13:49:32.386754+03	t
252	2022-02-20 13:50:02.309598+03	t
253	2022-02-20 13:50:44.145094+03	t
254	2022-02-20 13:52:32.530728+03	t
255	2022-02-20 13:53:25.326343+03	t
256	2022-02-20 13:53:49.807851+03	t
257	2022-02-20 13:55:26.016096+03	t
258	2022-02-20 13:55:39.251882+03	t
259	2022-02-20 13:56:28.935572+03	t
260	2022-02-20 13:56:54.23158+03	t
261	2022-02-20 13:57:21.047572+03	t
262	2022-02-20 13:58:01.987904+03	t
263	2022-02-20 13:58:08.130212+03	t
264	2022-02-20 13:58:48.024677+03	t
265	2022-02-20 14:03:23.119822+03	t
266	2022-02-20 14:03:31.014957+03	t
267	2022-02-20 14:03:51.557994+03	t
268	2022-02-20 14:04:12.309362+03	t
269	2022-02-20 14:05:08.691758+03	t
270	2022-02-20 14:13:28.947307+03	t
271	2022-02-20 14:14:02.832073+03	t
272	2022-02-20 14:14:27.546493+03	t
273	2022-02-20 14:14:39.822566+03	t
274	2022-02-20 14:14:51.202686+03	t
275	2022-02-20 14:16:57.9716+03	t
276	2022-02-20 14:17:20.403096+03	t
277	2022-02-20 14:18:12.637532+03	t
278	2022-02-20 14:19:02.729437+03	t
279	2022-02-20 14:19:40.06294+03	t
280	2022-02-20 14:20:53.25342+03	t
281	2022-02-20 14:22:19.247954+03	t
282	2022-02-20 14:24:10.056571+03	t
283	2022-02-20 14:24:37.700771+03	t
284	2022-02-20 14:26:44.478886+03	t
285	2022-02-20 14:27:08.099321+03	t
286	2022-02-20 14:28:53.163041+03	t
287	2022-02-20 14:29:10.04256+03	t
288	2022-02-20 14:30:01.935842+03	t
289	2022-02-20 14:30:11.313221+03	t
290	2022-02-20 14:30:30.877709+03	t
291	2022-02-20 14:30:38.042886+03	t
292	2022-02-20 14:30:46.238687+03	t
293	2022-02-20 14:36:59.230502+03	t
294	2022-02-20 14:37:35.254718+03	t
295	2022-02-20 14:38:04.689953+03	t
296	2022-02-20 14:38:14.288553+03	t
297	2022-02-20 14:38:33.055684+03	t
298	2022-02-20 14:38:42.51085+03	t
299	2022-02-20 14:40:19.717203+03	t
300	2022-02-20 14:40:58.268833+03	t
301	2022-02-20 14:42:18.974238+03	t
302	2022-02-20 14:43:20.815381+03	t
303	2022-02-20 14:44:32.756926+03	t
304	2022-02-20 14:45:06.832226+03	t
305	2022-02-20 14:46:25.972667+03	t
306	2022-02-20 14:47:09.894328+03	t
307	2022-02-20 14:50:10.559946+03	t
308	2022-02-20 14:50:19.327356+03	t
309	2022-02-20 14:55:12.454088+03	t
310	2022-02-20 14:55:27.385653+03	t
311	2022-02-20 14:56:40.194177+03	t
312	2022-02-20 14:59:58.271866+03	t
313	2022-02-20 15:03:58.990484+03	t
314	2022-02-20 15:04:03.125377+03	t
315	2022-02-20 15:05:45.2453+03	t
316	2022-02-20 16:13:55.995162+03	t
317	2022-02-20 16:14:16.713687+03	t
318	2022-02-20 16:14:46.204158+03	t
319	2022-02-20 16:15:40.125027+03	t
320	2022-02-20 16:16:24.478133+03	t
321	2022-02-20 16:16:36.602744+03	t
322	2022-02-20 16:16:42.855448+03	t
323	2022-02-20 16:17:28.838001+03	t
324	2022-02-20 16:17:58.274253+03	t
325	2022-02-20 16:18:15.019311+03	t
326	2022-02-20 16:18:58.822531+03	t
327	2022-02-20 16:21:11.53712+03	t
328	2022-02-20 16:21:28.213245+03	t
329	2022-02-20 16:22:30.057693+03	t
330	2022-02-20 16:23:06.971635+03	t
331	2022-02-20 16:23:27.437098+03	t
332	2022-02-20 16:23:46.393546+03	t
333	2022-02-20 16:24:30.734461+03	t
334	2022-02-20 16:26:37.906686+03	t
335	2022-02-20 17:44:16.179148+03	t
336	2022-02-20 17:44:58.35472+03	t
337	2022-02-20 17:50:09.46608+03	t
338	2022-02-20 17:51:17.427888+03	t
339	2022-02-20 17:52:33.19179+03	t
340	2022-02-20 17:52:43.017491+03	t
341	2022-02-20 17:54:20.709662+03	t
342	2022-02-20 17:54:42.839283+03	t
343	2022-02-20 17:56:02.183882+03	t
344	2022-02-20 17:56:54.306997+03	t
345	2022-02-20 17:57:11.325663+03	t
346	2022-02-20 17:58:48.328776+03	t
347	2022-02-20 18:00:49.367858+03	t
348	2022-02-20 18:03:03.226302+03	t
349	2022-02-20 18:03:51.411257+03	t
350	2022-02-20 18:04:10.842564+03	t
351	2022-02-20 18:07:39.956003+03	t
352	2022-02-20 18:08:11.932382+03	t
353	2022-02-20 18:08:53.108322+03	t
354	2022-02-20 18:14:32.951823+03	t
355	2022-02-20 18:15:15.525322+03	t
356	2022-02-20 18:15:50.761921+03	t
357	2022-02-20 18:16:25.383826+03	t
358	2022-02-20 18:17:16.20931+03	t
359	2022-02-20 18:17:43.789095+03	t
360	2022-02-20 18:18:32.334132+03	t
361	2022-02-20 18:21:07.013288+03	t
362	2022-02-20 18:21:48.651796+03	t
363	2022-02-20 18:24:26.920574+03	t
364	2022-02-20 18:25:16.980493+03	t
365	2022-02-20 18:26:10.900306+03	t
366	2022-02-20 18:33:47.09062+03	t
367	2022-02-20 18:36:20.160194+03	t
368	2022-02-20 18:36:28.027372+03	t
369	2022-02-20 18:36:34.68575+03	t
370	2022-02-20 18:36:45.270289+03	t
371	2022-02-20 18:40:13.377345+03	t
372	2022-02-20 18:42:35.769849+03	t
373	2022-02-20 18:46:22.892936+03	t
374	2022-02-20 18:47:47.693985+03	t
375	2022-02-20 18:48:15.073472+03	t
376	2022-02-20 18:49:20.905458+03	t
377	2022-02-20 18:49:45.377609+03	t
378	2022-02-20 18:50:34.349749+03	t
379	2022-02-20 18:51:22.143736+03	t
380	2022-02-20 18:53:24.278029+03	t
381	2022-02-20 18:53:43.352413+03	t
382	2022-02-20 18:54:54.110851+03	t
383	2022-02-20 18:55:51.882609+03	t
384	2022-02-20 18:56:11.495017+03	t
385	2022-02-20 18:56:36.055216+03	t
386	2022-02-20 18:56:53.887508+03	t
387	2022-02-20 18:59:58.789056+03	t
388	2022-02-20 19:01:36.53806+03	t
389	2022-02-20 19:02:07.802988+03	t
390	2022-02-20 19:06:13.742456+03	t
391	2022-02-20 19:06:41.49506+03	t
392	2022-02-20 19:06:49.110574+03	t
393	2022-02-20 19:06:55.430743+03	t
394	2022-02-20 19:08:25.7157+03	t
395	2022-02-20 19:09:22.486354+03	t
396	2022-02-20 19:09:33.593842+03	t
397	2022-02-20 19:10:21.067518+03	t
398	2022-02-20 19:10:43.309285+03	t
399	2022-02-20 19:11:21.45679+03	t
400	2022-02-20 19:12:05.871936+03	t
401	2022-02-20 19:12:33.692384+03	t
402	2022-02-20 19:12:52.368135+03	t
403	2022-02-20 19:18:46.608383+03	t
404	2022-02-20 19:18:52.633476+03	t
405	2022-02-20 19:19:00.046854+03	t
406	2022-02-20 19:19:34.480982+03	t
407	2022-02-20 19:19:53.558728+03	t
408	2022-02-20 19:23:39.412804+03	t
409	2022-02-20 19:23:47.282613+03	t
410	2022-02-20 19:24:00.747848+03	t
411	2022-02-20 19:24:42.097356+03	t
412	2022-02-20 19:26:00.273358+03	t
413	2022-02-20 19:26:29.314479+03	t
414	2022-02-20 19:26:54.577677+03	t
415	2022-02-20 19:27:16.590171+03	t
416	2022-02-20 19:27:41.918602+03	t
417	2022-02-20 19:27:52.708233+03	t
418	2022-02-20 19:27:59.965599+03	t
419	2022-02-20 19:28:30.222026+03	t
420	2022-02-20 19:29:39.685307+03	t
421	2022-02-20 19:30:56.103167+03	t
422	2022-02-20 19:32:33.68883+03	t
423	2022-02-20 19:34:10.477329+03	t
424	2022-02-20 19:42:03.510348+03	t
425	2022-02-20 19:50:52.812913+03	t
426	2022-02-20 19:51:12.938905+03	t
427	2022-02-20 19:53:43.656439+03	t
428	2022-02-20 19:54:32.435926+03	t
429	2022-02-20 19:55:51.980666+03	t
430	2022-02-20 20:02:30.714591+03	t
431	2022-02-20 20:05:32.071903+03	t
432	2022-02-20 20:05:39.940986+03	t
433	2022-02-20 20:12:26.011667+03	t
434	2022-02-20 20:14:04.637764+03	t
435	2022-02-20 20:14:52.354672+03	t
436	2022-02-20 20:15:17.929886+03	t
437	2022-02-20 20:16:00.99546+03	t
438	2022-02-20 20:16:41.405437+03	t
439	2022-02-20 20:17:33.254195+03	t
440	2022-02-20 20:17:55.986199+03	t
441	2022-02-20 20:19:39.601901+03	t
442	2022-02-20 20:20:41.264335+03	t
443	2022-02-20 20:21:49.96206+03	t
444	2022-02-20 20:22:17.152573+03	t
445	2022-02-20 20:23:37.571004+03	t
446	2022-02-20 20:24:16.587039+03	t
447	2022-02-20 20:25:45.998234+03	t
448	2022-02-20 20:26:18.36109+03	t
449	2022-02-20 20:27:13.825948+03	t
450	2022-02-20 20:27:19.236731+03	t
451	2022-02-20 20:28:02.756076+03	t
452	2022-02-20 20:28:32.460384+03	t
453	2022-02-20 20:30:23.164624+03	t
454	2022-02-20 20:43:42.27479+03	t
455	2022-02-20 20:45:13.005552+03	t
456	2022-02-20 20:48:45.367229+03	t
457	2022-02-20 20:49:19.667304+03	t
458	2022-02-20 20:51:27.193917+03	t
459	2022-02-20 21:30:43.639593+03	t
460	2022-02-20 21:31:14.704417+03	t
461	2022-02-20 21:31:26.262775+03	t
462	2022-02-20 21:33:17.250126+03	t
463	2022-02-20 21:34:41.956625+03	t
464	2022-02-20 21:35:22.630265+03	t
465	2022-02-20 21:35:54.351935+03	t
466	2022-02-20 21:37:45.389086+03	t
467	2022-02-20 21:39:45.758981+03	t
468	2022-02-20 21:40:07.653852+03	t
469	2022-02-20 21:42:42.473772+03	t
470	2022-02-20 21:43:17.130823+03	t
471	2022-02-20 21:46:10.378163+03	t
472	2022-02-20 21:46:31.495696+03	t
473	2022-02-20 21:48:55.65244+03	t
474	2022-02-20 21:54:22.469076+03	t
475	2022-02-20 21:58:50.419902+03	t
476	2022-02-20 21:59:00.25495+03	t
477	2022-02-20 21:59:15.66077+03	t
478	2022-02-20 21:59:19.735996+03	t
479	2022-02-20 21:59:22.594895+03	t
480	2022-02-20 22:02:26.470988+03	t
481	2022-02-20 22:05:44.452158+03	t
482	2022-02-20 23:07:18.638294+03	t
483	2022-02-20 23:09:13.670589+03	t
484	2022-02-20 23:10:29.570339+03	t
485	2022-02-20 23:11:44.661167+03	t
486	2022-02-20 23:12:20.15237+03	t
487	2022-02-20 23:12:24.432018+03	t
488	2022-02-20 23:13:01.659092+03	t
489	2022-02-20 23:14:52.100307+03	t
490	2022-02-20 23:15:17.949198+03	t
491	2022-02-20 23:17:18.22056+03	t
492	2022-02-20 23:18:26.578225+03	t
493	2022-02-20 23:18:44.346399+03	t
494	2022-02-20 23:19:33.420737+03	t
495	2022-02-20 23:21:16.048361+03	t
496	2022-02-20 23:22:32.792282+03	t
497	2022-02-20 23:23:17.058179+03	t
498	2022-02-20 23:24:02.090645+03	t
499	2022-02-20 23:24:51.952273+03	t
500	2022-02-20 23:25:20.681072+03	t
501	2022-02-20 23:26:04.724495+03	t
502	2022-02-20 23:26:21.545858+03	t
503	2022-02-20 23:26:46.211422+03	t
504	2022-02-20 23:27:03.434035+03	t
505	2022-02-20 23:27:10.683275+03	t
506	2022-02-20 23:27:43.065346+03	t
507	2022-02-20 23:29:10.483908+03	t
508	2022-02-20 23:29:49.580975+03	t
509	2022-02-20 23:29:58.766493+03	t
510	2022-02-20 23:30:13.033724+03	t
511	2022-02-20 23:55:35.335117+03	t
512	2022-02-21 00:18:36.210592+03	t
513	2022-02-21 00:19:20.813313+03	t
514	2022-02-21 00:31:41.08786+03	t
515	2022-02-21 00:32:15.984457+03	t
516	2022-02-21 00:33:21.682611+03	t
517	2022-02-21 00:33:31.8021+03	t
518	2022-02-21 00:53:32.479327+03	t
519	2022-02-21 00:54:06.779892+03	t
520	2022-02-21 00:54:24.7897+03	t
521	2022-02-21 00:57:28.398028+03	t
522	2022-02-21 00:58:09.172631+03	t
523	2022-02-21 00:58:32.064754+03	t
524	2022-02-21 00:59:00.074349+03	t
525	2022-02-21 00:59:27.267694+03	t
526	2022-02-21 00:59:55.589501+03	t
527	2022-02-21 01:00:14.492019+03	t
528	2022-02-21 01:00:34.998935+03	t
529	2022-02-21 01:02:50.316524+03	t
530	2022-02-21 01:04:49.176693+03	t
531	2022-02-21 01:05:08.831272+03	t
532	2022-02-21 01:05:23.469773+03	t
533	2022-02-21 01:07:24.250356+03	t
534	2022-02-21 01:08:07.493915+03	t
535	2022-02-21 01:08:56.647096+03	t
536	2022-02-21 01:09:32.497478+03	t
537	2022-02-21 01:09:50.499293+03	t
538	2022-02-21 01:10:05.782741+03	t
539	2022-02-21 01:10:28.989448+03	t
540	2022-02-21 01:11:08.120343+03	t
541	2022-02-21 01:33:46.777153+03	t
542	2022-02-21 01:34:04.622275+03	t
543	2022-02-21 01:38:46.672693+03	t
544	2022-02-21 01:39:22.9353+03	t
545	2022-02-21 01:39:59.365371+03	t
546	2022-02-21 01:41:13.418964+03	t
547	2022-02-21 01:42:04.02003+03	t
548	2022-02-21 01:42:22.401212+03	t
549	2022-02-21 01:42:24.318131+03	t
550	2022-02-21 01:42:25.691569+03	t
551	2022-02-21 01:42:29.256884+03	t
552	2022-02-21 01:42:33.119871+03	t
553	2022-02-21 01:49:47.043529+03	t
554	2022-02-21 01:50:28.030531+03	t
555	2022-02-21 01:52:44.558558+03	t
556	2022-02-21 01:55:22.146903+03	t
557	2022-02-21 01:57:51.918676+03	t
558	2022-02-21 01:58:18.317515+03	t
559	2022-02-21 01:59:20.645687+03	t
560	2022-02-21 01:59:52.105874+03	t
561	2022-02-21 02:00:10.666506+03	t
562	2022-02-21 02:00:38.661572+03	t
563	2022-02-21 02:00:52.507053+03	t
564	2022-02-21 02:04:26.581726+03	t
565	2022-02-21 02:05:52.281577+03	t
566	2022-02-21 02:07:31.47381+03	t
567	2022-02-21 02:11:09.962967+03	t
568	2022-02-21 02:11:31.244932+03	t
569	2022-02-21 02:13:05.530254+03	t
570	2022-02-21 02:13:47.169702+03	t
571	2022-02-21 02:13:54.593821+03	t
572	2022-02-21 02:14:04.135324+03	t
573	2022-02-21 02:14:12.720677+03	t
574	2022-02-21 02:14:16.392855+03	t
575	2022-02-21 02:14:20.099092+03	t
576	2022-02-21 02:28:25.281571+03	t
577	2022-02-21 02:28:35.912787+03	t
578	2022-02-21 02:31:43.262528+03	t
579	2022-02-21 02:32:10.09771+03	t
580	2022-02-21 02:36:30.206025+03	t
581	2022-02-21 02:37:43.153278+03	t
582	2022-02-21 02:38:54.813285+03	t
583	2022-02-21 02:39:02.748066+03	t
584	2022-02-21 02:39:07.290308+03	t
585	2022-02-21 02:39:13.889921+03	t
586	2022-02-21 02:39:22.519585+03	t
587	2022-02-21 02:39:27.377887+03	t
588	2022-02-21 02:41:31.93919+03	t
589	2022-02-21 02:41:37.471793+03	t
590	2022-02-21 02:41:42.466094+03	t
591	2022-02-21 02:41:53.001026+03	t
592	2022-02-21 02:42:05.532161+03	t
593	2022-02-21 02:45:28.941233+03	t
594	2022-02-21 02:45:38.028095+03	t
595	2022-02-21 02:45:48.087691+03	t
596	2022-02-21 02:45:52.322727+03	t
597	2022-02-21 11:19:18.507231+03	t
598	2022-02-21 11:21:25.741464+03	t
599	2022-02-21 11:21:45.756284+03	t
\.


--
-- Data for Name: app_reports_salereport; Type: TABLE DATA; Schema: public; Owner: postgres
--

COPY public.app_reports_salereport (id, av_sum, quantity, retail_sum, product, report_id_id, margin) FROM stdin;
1	0	0	0	5	122	0
2	0	0	0	2	122	0
3	0	0	0	3	122	0
4	0	0	0	7	122	0
5	0	0	0	1	122	0
6	0	1	870	6	122	0
7	0	1	8490	4	122	0
8	0	0	0	8	122	0
9	0	0	0	9	122	0
10	0	0	0	16	122	0
11	0	0	0	17	122	0
12	0	0	0	18	122	0
13	0	0	0	19	122	0
14	0	0	0	20	122	0
15	0	0	0	21	122	0
16	0	0	0	22	122	0
17	0	0	0	23	122	0
18	0	0	0	24	122	0
19	0	0	0	25	122	0
20	0	0	0	26	122	0
21	0	0	0	27	122	0
22	0	0	0	28	122	0
23	0	0	0	29	122	0
24	0	0	0	30	122	0
25	0	0	0	31	122	0
26	0	0	0	32	122	0
27	0	0	0	33	122	0
28	0	0	0	34	122	0
29	0	0	0	35	122	0
30	0	0	0	36	122	0
31	0	0	0	37	122	0
32	0	0	0	38	122	0
33	0	0	0	39	122	0
34	0	0	0	40	122	0
35	0	0	0	41	122	0
36	0	0	0	42	122	0
37	0	0	0	43	122	0
38	0	0	0	44	122	0
39	0	0	0	45	122	0
40	0	0	0	46	122	0
41	0	0	0	47	122	0
42	0	0	0	48	122	0
43	0	0	0	49	122	0
44	0	0	0	50	122	0
45	0	0	0	51	122	0
46	0	0	0	52	122	0
47	0	1	6999	53	122	0
48	0	0	0	54	122	0
49	0	1	5800	55	122	0
50	0	0	0	56	122	0
51	0	0	0	57	122	0
52	0	0	0	58	122	0
53	0	0	0	5	123	0
54	0	0	0	2	123	0
55	0	0	0	3	123	0
56	0	0	0	7	123	0
57	0	0	0	1	123	0
58	0	1	870	6	123	0
59	0	1	8490	4	123	0
60	0	0	0	8	123	0
61	0	0	0	9	123	0
62	0	0	0	16	123	0
63	0	0	0	17	123	0
64	0	0	0	18	123	0
65	0	0	0	19	123	0
66	0	0	0	20	123	0
67	0	0	0	21	123	0
68	0	0	0	22	123	0
69	0	0	0	23	123	0
70	0	0	0	24	123	0
71	0	0	0	25	123	0
72	0	0	0	26	123	0
73	0	0	0	27	123	0
74	0	0	0	28	123	0
75	0	0	0	29	123	0
76	0	0	0	30	123	0
77	0	0	0	31	123	0
78	0	0	0	32	123	0
79	0	0	0	33	123	0
80	0	0	0	34	123	0
81	0	0	0	35	123	0
82	0	0	0	36	123	0
83	0	0	0	37	123	0
84	0	0	0	38	123	0
85	0	0	0	39	123	0
86	0	0	0	40	123	0
87	0	0	0	41	123	0
88	0	0	0	42	123	0
89	0	0	0	43	123	0
90	0	0	0	44	123	0
91	0	0	0	45	123	0
92	0	0	0	46	123	0
93	0	0	0	47	123	0
94	0	0	0	48	123	0
95	0	0	0	49	123	0
96	0	0	0	50	123	0
97	0	0	0	51	123	0
98	0	0	0	52	123	0
99	0	1	6999	53	123	0
100	0	0	0	54	123	0
101	0	1	5800	55	123	0
102	0	0	0	56	123	0
103	0	0	0	57	123	0
104	0	0	0	58	123	0
105	0	0	0	5	124	0
106	0	0	0	2	124	0
107	0	0	0	3	124	0
108	0	0	0	7	124	0
109	0	0	0	1	124	0
110	0	1	870	6	124	0
111	0	1	8490	4	124	0
112	0	0	0	8	124	0
113	0	0	0	9	124	0
114	0	0	0	16	124	0
115	0	0	0	17	124	0
116	0	0	0	18	124	0
117	0	0	0	19	124	0
118	0	0	0	20	124	0
119	0	0	0	21	124	0
120	0	0	0	22	124	0
121	0	0	0	23	124	0
122	0	0	0	24	124	0
123	0	0	0	25	124	0
124	0	0	0	26	124	0
125	0	0	0	27	124	0
126	0	0	0	28	124	0
127	0	0	0	29	124	0
128	0	0	0	30	124	0
129	0	0	0	31	124	0
130	0	0	0	32	124	0
131	0	0	0	33	124	0
132	0	0	0	34	124	0
133	0	0	0	35	124	0
134	0	0	0	36	124	0
135	0	0	0	37	124	0
136	0	0	0	38	124	0
137	0	0	0	39	124	0
138	0	0	0	40	124	0
139	0	0	0	41	124	0
140	0	0	0	42	124	0
141	0	0	0	43	124	0
142	0	0	0	44	124	0
143	0	0	0	45	124	0
144	0	0	0	46	124	0
145	0	0	0	47	124	0
146	0	0	0	48	124	0
147	0	0	0	49	124	0
148	0	0	0	50	124	0
149	0	0	0	51	124	0
150	0	0	0	52	124	0
151	0	1	6999	53	124	0
152	0	0	0	54	124	0
153	0	1	5800	55	124	0
154	0	0	0	56	124	0
155	0	0	0	57	124	0
156	0	0	0	58	124	0
157	0	1	870	6	125	0
158	0	1	8490	4	125	0
159	0	1	6999	53	125	0
160	0	1	5800	55	125	0
161	0	1	870	6	126	0
162	0	1	8490	4	126	0
163	0	1	6999	53	126	0
164	0	1	5800	55	126	0
165	0	1	1160	6	127	0
166	0	1	8490	4	127	0
167	0	1	6999	53	127	0
168	0	1	7830	55	127	0
169	0	1	870	6	128	0
170	0	1	8490	4	128	0
171	0	1	6999	53	128	0
172	0	1	5800	55	128	0
173	0	1	870	6	129	0
174	0	1	8490	4	129	0
175	0	1	6999	53	129	0
176	0	1	5800	55	129	0
177	0	0	0	5	130	0
178	0	0	0	2	130	0
179	0	0	0	3	130	0
180	0	0	0	7	130	0
181	0	0	0	1	130	0
182	0	1	870	6	130	0
183	0	1	8490	4	130	0
184	0	0	0	8	130	0
185	0	0	0	9	130	0
186	0	0	0	16	130	0
187	0	0	0	17	130	0
188	0	0	0	18	130	0
189	0	0	0	19	130	0
190	0	0	0	20	130	0
191	0	0	0	21	130	0
192	0	0	0	22	130	0
193	0	0	0	23	130	0
194	0	0	0	24	130	0
195	0	0	0	25	130	0
196	0	0	0	26	130	0
197	0	0	0	27	130	0
198	0	0	0	28	130	0
199	0	0	0	29	130	0
200	0	0	0	30	130	0
201	0	0	0	31	130	0
202	0	0	0	32	130	0
203	0	0	0	33	130	0
204	0	0	0	34	130	0
205	0	0	0	35	130	0
206	0	0	0	36	130	0
207	0	0	0	37	130	0
208	0	0	0	38	130	0
209	0	0	0	39	130	0
210	0	0	0	40	130	0
211	0	0	0	41	130	0
212	0	0	0	42	130	0
213	0	0	0	43	130	0
214	0	0	0	44	130	0
215	0	0	0	45	130	0
216	0	0	0	46	130	0
217	0	0	0	47	130	0
218	0	0	0	48	130	0
219	0	0	0	49	130	0
220	0	0	0	50	130	0
221	0	0	0	51	130	0
222	0	0	0	52	130	0
223	0	1	6999	53	130	0
224	0	0	0	54	130	0
225	0	1	5800	55	130	0
226	0	0	0	56	130	0
227	0	0	0	57	130	0
228	0	0	0	58	130	0
229	0	3	870	6	131	0
230	0	1	8490	4	131	0
231	0	1	6999	53	131	0
232	0	20	5800	55	131	0
233	0	1	290	6	132	0
234	0	2	580	6	132	0
235	0	3	870	6	132	0
236	0	1	8490	4	132	0
237	0	1	6999	53	132	0
238	91	1	290	55	132	0
239	0	2	580	55	132	0
240	0	3	870	55	132	0
241	0	4	1160	55	132	0
242	0	5	1450	55	132	0
243	0	6	1740	55	132	0
244	0	7	2030	55	132	0
245	0	8	2320	55	132	0
246	0	9	2610	55	132	0
247	0	10	2900	55	132	0
248	0	11	3190	55	132	0
249	0	12	3480	55	132	0
250	0	13	3770	55	132	0
251	0	14	4060	55	132	0
252	0	15	4350	55	132	0
253	0	16	4640	55	132	0
254	0	17	4930	55	132	0
255	0	18	5220	55	132	0
256	0	19	5510	55	132	0
257	0	20	5800	55	132	0
258	0	0	0	5	133	0
259	0	0	0	2	133	0
260	0	0	0	3	133	0
261	0	0	0	7	133	0
262	0	0	0	1	133	0
263	0	3	870	6	133	0
264	0	1	8490	4	133	0
265	0	0	0	8	133	0
266	0	0	0	9	133	0
267	0	0	0	16	133	0
268	0	0	0	17	133	0
269	0	0	0	18	133	0
270	0	0	0	19	133	0
271	0	0	0	20	133	0
272	0	0	0	21	133	0
273	0	0	0	22	133	0
274	0	0	0	23	133	0
275	0	0	0	24	133	0
276	0	0	0	25	133	0
277	0	0	0	26	133	0
278	0	0	0	27	133	0
279	0	0	0	28	133	0
280	0	0	0	29	133	0
281	0	0	0	30	133	0
282	0	0	0	31	133	0
283	0	0	0	32	133	0
284	0	0	0	33	133	0
285	0	0	0	34	133	0
286	0	0	0	35	133	0
287	0	0	0	36	133	0
288	0	0	0	37	133	0
289	0	0	0	38	133	0
290	0	0	0	39	133	0
291	0	0	0	40	133	0
292	0	0	0	41	133	0
293	0	0	0	42	133	0
294	0	0	0	43	133	0
295	0	0	0	44	133	0
296	0	0	0	45	133	0
297	0	0	0	46	133	0
298	0	0	0	47	133	0
299	0	0	0	48	133	0
300	0	0	0	49	133	0
301	0	0	0	50	133	0
302	0	0	0	51	133	0
303	0	0	0	52	133	0
304	0	1	6999	53	133	0
305	0	0	0	54	133	0
306	0	20	5800	55	133	0
307	0	0	0	56	133	0
308	0	0	0	57	133	0
309	0	0	0	58	133	0
310	0	3	870	6	134	0
311	0	1	8490	4	134	0
312	0	1	6999	53	134	0
313	0	20	5800	55	134	0
314	0	0	0	5	135	0
315	0	0	0	2	135	0
316	0	0	0	3	135	0
317	0	0	0	7	135	0
318	0	0	0	1	135	0
319	0	3	870	6	135	0
320	0	1	8490	4	135	0
321	0	0	0	8	135	0
322	0	0	0	9	135	0
323	0	0	0	16	135	0
324	0	0	0	17	135	0
325	0	0	0	18	135	0
326	0	0	0	19	135	0
327	0	0	0	20	135	0
328	0	0	0	21	135	0
329	0	0	0	22	135	0
330	0	0	0	23	135	0
331	0	0	0	24	135	0
332	0	0	0	25	135	0
333	0	0	0	26	135	0
334	0	0	0	27	135	0
335	0	0	0	28	135	0
336	0	0	0	29	135	0
337	0	0	0	30	135	0
338	0	0	0	31	135	0
339	0	0	0	32	135	0
340	0	0	0	33	135	0
341	0	0	0	34	135	0
342	0	0	0	35	135	0
343	0	0	0	36	135	0
344	0	0	0	37	135	0
345	0	0	0	38	135	0
346	0	0	0	39	135	0
347	0	0	0	40	135	0
348	0	0	0	41	135	0
349	0	0	0	42	135	0
350	0	0	0	43	135	0
351	0	0	0	44	135	0
352	0	0	0	45	135	0
353	0	0	0	46	135	0
354	0	0	0	47	135	0
355	0	0	0	48	135	0
356	0	0	0	49	135	0
357	0	0	0	50	135	0
358	0	0	0	51	135	0
359	0	0	0	52	135	0
360	0	1	6999	53	135	0
361	0	0	0	54	135	0
362	0	20	5800	55	135	0
363	0	0	0	56	135	0
364	0	0	0	57	135	0
365	0	0	0	58	135	0
366	0	3	870	6	136	0
367	0	1	8490	4	136	0
368	0	1	6999	53	136	0
369	0	20	5800	55	136	0
370	0	3	870	6	137	0
371	0	1	8490	4	137	0
372	0	1	6999	53	137	0
373	0	20	5800	55	137	0
374	0	3	870	6	138	0
375	0	1	8490	4	138	0
376	0	1	6999	53	138	0
377	0	20	5800	55	138	0
378	0	3	870	6	139	0
379	0	1	8490	4	139	0
380	0	1	6999	53	139	0
381	0	20	5800	55	139	0
382	0	3	870	6	140	0
383	0	1	8490	4	140	0
384	0	1	6999	53	140	0
385	0	20	5800	55	140	0
386	0	3	870	6	141	0
387	0	1	8490	4	141	0
388	0	1	6999	53	141	0
389	0	20	5800	55	141	0
390	0	3	870	6	142	0
391	0	1	8490	4	142	0
392	0	1	6999	53	142	0
393	0	20	5800	55	142	0
394	0	3	870	6	143	0
395	0	1	8490	4	143	0
396	0	1	6999	53	143	0
397	0	20	5800	55	143	0
398	0	3	870	6	144	0
399	0	1	8490	4	144	0
400	0	1	6999	53	144	0
401	0	20	5800	55	144	0
402	0	3	870	6	145	0
403	0	1	8490	4	145	0
404	0	1	6999	53	145	0
405	0	20	5800	55	145	0
406	0	3	870	6	146	0
407	0	1	8490	4	146	0
408	0	1	6999	53	146	0
409	0	20	5800	55	146	0
410	0	3	870	6	147	0
411	0	1	8490	4	147	0
412	0	1	6999	53	147	0
413	0	20	5800	55	147	0
414	0	3	870	6	148	0
415	0	1	8490	4	148	0
416	0	1	6999	53	148	0
417	0	20	5800	55	148	0
418	0	3	870	6	149	0
419	0	1	8490	4	149	0
420	0	1	6999	53	149	0
421	91	20	5800	55	149	0
422	0	3	870	6	150	0
423	0	1	8490	4	150	0
424	0	1	6999	53	150	0
425	91	20	5800	55	150	0
426	0	3	870	Наушники	152	0
427	0	1	8490	Redmi 9A 2/32Gb blue	152	0
428	0	1	6999	Huawei Y5p 2/32Gb black	152	0
429	91	20	5800	Стекло Tecno 7	152	0
430	0	3	870	Наушники	153	0
431	0	1	8490	Redmi 9A 2/32Gb blue	153	0
432	0	1	6999	Huawei Y5p 2/32Gb black	153	0
433	91	20	5800	Стекло Tecno 7	153	0
434	0	3	870	Наушники	154	0
435	0	1	8490	Redmi 9A 2/32Gb blue	154	0
436	0	1	6999	Huawei Y5p 2/32Gb black	154	0
437	91	20	5800	Стекло Tecno 7	154	0
438	0	3	870	Наушники	155	0
439	0	1	8490	Redmi 9A 2/32Gb blue	155	0
440	0	1	6999	Huawei Y5p 2/32Gb black	155	0
441	91	20	5800	Стекло Tecno 7	155	0
442	0	3	870	Наушники	156	0
443	0	1	8490	Redmi 9A 2/32Gb blue	156	0
444	0	1	6999	Huawei Y5p 2/32Gb black	156	0
445	91	20	5800	Стекло Tecno 7	156	0
446	0	3	870	Наушники	157	0
447	0	1	8490	Redmi 9A 2/32Gb blue	157	0
448	0	1	6999	Huawei Y5p 2/32Gb black	157	0
449	91	20	5800	Стекло Tecno 7	157	0
450	0	3	870	Наушники	158	0
451	0	1	8490	Redmi 9A 2/32Gb blue	158	0
452	0	1	6999	Huawei Y5p 2/32Gb black	158	0
453	91	20	5800	Стекло Tecno 7	158	0
454	0	3	870	Наушники	159	0
455	0	1	8490	Redmi 9A 2/32Gb blue	159	0
456	0	1	6999	Huawei Y5p 2/32Gb black	159	0
457	91	20	5800	Стекло Tecno 7	159	0
458	0	3	870	Наушники	160	0
459	0	1	8490	Redmi 9A 2/32Gb blue	160	0
460	0	1	6999	Huawei Y5p 2/32Gb black	160	0
461	91	20	5800	Стекло Tecno 7	160	0
462	0	3	870	Наушники	161	0
463	0	1	8490	Redmi 9A 2/32Gb blue	161	0
464	0	1	6999	Huawei Y5p 2/32Gb black	161	0
465	91	20	5800	Стекло Tecno 7	161	0
466	0	3	870	Наушники	162	0
467	0	1	8490	Redmi 9A 2/32Gb blue	162	0
468	0	1	6999	Huawei Y5p 2/32Gb black	162	0
469	91	20	5800	Стекло Tecno 7	162	0
470	0	3	870	Наушники	163	0
471	0	1	8490	Redmi 9A 2/32Gb blue	163	0
472	0	1	6999	Huawei Y5p 2/32Gb black	163	0
473	91	20	5800	Стекло Tecno 7	163	0
474	0	3	870	Наушники	164	0
475	0	1	8490	Redmi 9A 2/32Gb blue	164	0
476	0	1	6999	Huawei Y5p 2/32Gb black	164	0
477	91	20	5800	Стекло Tecno 7	164	0
478	0	3	870	Наушники	165	0
479	0	1	8490	Redmi 9A 2/32Gb blue	165	0
480	0	1	6999	Huawei Y5p 2/32Gb black	165	0
481	91	20	5800	Стекло Tecno 7	165	0
482	0	3	870	Наушники	166	0
483	0	1	8490	Redmi 9A 2/32Gb blue	166	0
484	0	1	6999	Huawei Y5p 2/32Gb black	166	0
485	91	20	5800	Стекло Tecno 7	166	0
486	0	3	870	Наушники	167	0
487	0	1	8490	Redmi 9A 2/32Gb blue	167	0
488	0	1	6999	Huawei Y5p 2/32Gb black	167	0
489	91	20	5800	Стекло Tecno 7	167	0
490	0	3	870	Наушники	168	0
491	0	1	8490	Redmi 9A 2/32Gb blue	168	0
492	0	1	6999	Huawei Y5p 2/32Gb black	168	0
493	91	20	5800	Стекло Tecno 7	168	0
494	0	3	870	Наушники	169	0
495	0	1	8490	Redmi 9A 2/32Gb blue	169	0
496	0	1	6999	Huawei Y5p 2/32Gb black	169	0
497	91	20	5800	Стекло Tecno 7	169	0
498	0	3	870	Наушники	170	0
499	0	1	8490	Redmi 9A 2/32Gb blue	170	0
500	0	1	6999	Huawei Y5p 2/32Gb black	170	0
501	91	20	5800	Стекло Tecno 7	170	0
502	0	3	870	Наушники	171	0
503	0	1	8490	Redmi 9A 2/32Gb blue	171	0
504	0	1	6999	Huawei Y5p 2/32Gb black	171	0
505	91	20	5800	Стекло Tecno 7	171	0
506	0	3	870	Наушники	172	0
507	0	1	8490	Redmi 9A 2/32Gb blue	172	0
508	0	1	6999	Huawei Y5p 2/32Gb black	172	0
509	91	20	5800	Стекло Tecno 7	172	0
510	0	3	870	Наушники	173	0
511	0	1	8490	Redmi 9A 2/32Gb blue	173	0
512	0	1	6999	Huawei Y5p 2/32Gb black	173	0
513	91	20	5800	Стекло Tecno 7	173	0
514	0	3	870	Наушники	174	0
515	0	1	8490	Redmi 9A 2/32Gb blue	174	0
516	0	1	6999	Huawei Y5p 2/32Gb black	174	0
517	91	20	5800	Стекло Tecno 7	174	0
518	0	3	870	Наушники	175	0
519	0	1	8490	Redmi 9A 2/32Gb blue	175	0
520	0	1	6999	Huawei Y5p 2/32Gb black	175	0
521	91	20	5800	Стекло Tecno 7	175	0
522	0	3	870	Наушники	176	0
523	0	1	8490	Redmi 9A 2/32Gb blue	176	0
524	0	1	6999	Huawei Y5p 2/32Gb black	176	0
525	91	20	5800	Стекло Tecno 7	176	0
526	0	4	1160	Наушники	177	0
527	0	1	8490	Redmi 9A 2/32Gb blue	177	0
528	0	1	6999	Huawei Y5p 2/32Gb black	177	0
529	91	27	7830	Стекло Tecno 7	177	0
530	0	1	290	Наушники	178	0
531	0	4	1160	Стекло Tecno 7	178	0
532	0	3	870	Наушники	179	0
533	0	1	8490	Redmi 9A 2/32Gb blue	179	0
534	0	1	6999	Huawei Y5p 2/32Gb black	179	0
535	91	20	5800	Стекло Tecno 7	179	0
536	0	4	1160	Наушники	180	0
537	0	1	8490	Redmi 9A 2/32Gb blue	180	0
538	0	1	6999	Huawei Y5p 2/32Gb black	180	0
539	91	27	7830	Стекло Tecno 7	180	0
540	0	1	290	Наушники	181	0
541	0	4	1160	Стекло Tecno 7	181	0
542	0	3	870	Наушники	182	0
543	0	1	8490	Redmi 9A 2/32Gb blue	182	0
544	0	1	6999	Huawei Y5p 2/32Gb black	182	0
545	91	20	5800	Стекло Tecno 7	182	0
546	0	4	1160	Наушники	183	0
547	0	1	8490	Redmi 9A 2/32Gb blue	183	0
548	0	1	6999	Huawei Y5p 2/32Gb black	183	0
549	91	27	7830	Стекло Tecno 7	183	0
550	0	4	1160	Наушники	184	0
551	0	1	8490	Redmi 9A 2/32Gb blue	184	0
552	0	1	6999	Huawei Y5p 2/32Gb black	184	0
553	91	27	7830	Стекло Tecno 7	184	0
554	0	4	1160	Наушники	185	0
555	0	1	8490	Redmi 9A 2/32Gb blue	185	0
556	0	1	6999	Huawei Y5p 2/32Gb black	185	0
557	91	27	7830	Стекло Tecno 7	185	0
558	0	4	1160	Наушники	186	0
559	0	1	8490	Redmi 9A 2/32Gb blue	186	0
560	0	1	6999	Huawei Y5p 2/32Gb black	186	0
561	91	27	7830	Стекло Tecno 7	186	0
562	0	4	1160	Наушники	187	0
563	0	1	8490	Redmi 9A 2/32Gb blue	187	0
564	0	1	6999	Huawei Y5p 2/32Gb black	187	0
565	91	27	7830	Стекло Tecno 7	187	0
566	0	4	1160	Наушники	188	0
567	0	1	8490	Redmi 9A 2/32Gb blue	188	0
568	0	1	6999	Huawei Y5p 2/32Gb black	188	0
569	91	27	7830	Стекло Tecno 7	188	0
570	0	4	1160	Наушники	189	0
571	0	1	8490	Redmi 9A 2/32Gb blue	189	0
572	0	1	6999	Huawei Y5p 2/32Gb black	189	0
573	91	27	7830	Стекло Tecno 7	189	0
574	0	4	1160	Наушники	190	0
575	0	1	8490	Redmi 9A 2/32Gb blue	190	0
576	0	1	6999	Huawei Y5p 2/32Gb black	190	0
577	91	27	7830	Стекло Tecno 7	190	0
578	0	1	8490	Redmi 9A 2/32Gb blue	191	0
579	0	1	6999	Huawei Y5p 2/32Gb black	191	0
580	9100	4	59960	Realme C25s 4/128Gb blue	191	0
581	0	1	6999	Huawei Y5p 2/32Gb black	192	0
582	9100	4	59960	Realme C25s 4/128Gb blue	192	0
583	0	4	1160	Наушники	193	0
584	1672	54	15670	Стекло Tecno 7	193	0
585	0	4	1160	Наушники	194	0
586	1672	54	15670	Стекло Tecno 7	194	0
587	0	4	1160	Наушники	195	1160
588	1672	54	15670	Стекло Tecno 7	195	13998
589	0	4	1160	Наушники	196	1160
590	1672	54	15670	Стекло Tecno 7	196	13998
591	0	4	1160	Наушники	197	1160
592	1672	54	15670	Стекло Tecno 7	197	13998
593	0	4	1160	Наушники	198	1160
594	1672	54	15670	Стекло Tecno 7	198	13998
595	0	4	1160	Наушники	199	1160
596	1672	54	15670	Стекло Tecno 7	199	13998
597	0	4	1160	Наушники	200	1160
598	1672	54	15670	Стекло Tecno 7	200	13998
599	0	1	8490	Redmi 9A 2/32Gb blue	201	8490
600	0	1	6999	Huawei Y5p 2/32Gb black	201	6999
601	9100	4	59960	Realme C25s 4/128Gb blue	201	50860
602	0	1	8490	Redmi 9A 2/32Gb blue	202	8490
603	0	1	6999	Huawei Y5p 2/32Gb black	202	6999
604	9100	4	59960	Realme C25s 4/128Gb blue	202	50860
605	0	1	6999	Huawei Y5p 2/32Gb black	203	6999
606	9100	4	59960	Realme C25s 4/128Gb blue	203	50860
607	0	1	8490	Redmi 9A 2/32Gb blue	204	8490
608	0	1	6999	Huawei Y5p 2/32Gb black	204	6999
609	9100	4	59960	Realme C25s 4/128Gb blue	204	50860
610	0	1	8490	Redmi 9A 2/32Gb blue	205	8490
611	0	1	6999	Huawei Y5p 2/32Gb black	205	6999
612	9100	4	59960	Realme C25s 4/128Gb blue	205	50860
613	0	1	8490	Redmi 9A 2/32Gb blue	206	8490
614	0	1	6999	Huawei Y5p 2/32Gb black	206	6999
615	9100	4	59960	Realme C25s 4/128Gb blue	206	50860
616	0	1	8490	Redmi 9A 2/32Gb blue	207	8490
617	0	1	6999	Huawei Y5p 2/32Gb black	207	6999
618	9100	4	59960	Realme C25s 4/128Gb blue	207	50860
619	0	1	8490	Redmi 9A 2/32Gb blue	209	8490
620	0	1	6999	Huawei Y5p 2/32Gb black	209	6999
621	9100	4	59960	Realme C25s 4/128Gb blue	209	50860
\.


--
-- Data for Name: auth_group; Type: TABLE DATA; Schema: public; Owner: postgres
--

COPY public.auth_group (id, name) FROM stdin;
1	admin
3	manager
2	sales
\.


--
-- Data for Name: auth_group_permissions; Type: TABLE DATA; Schema: public; Owner: postgres
--

COPY public.auth_group_permissions (id, group_id, permission_id) FROM stdin;
\.


--
-- Data for Name: auth_permission; Type: TABLE DATA; Schema: public; Owner: postgres
--

COPY public.auth_permission (id, name, content_type_id, codename) FROM stdin;
1	Can add log entry	1	add_logentry
2	Can change log entry	1	change_logentry
3	Can delete log entry	1	delete_logentry
4	Can view log entry	1	view_logentry
5	Can add permission	2	add_permission
6	Can change permission	2	change_permission
7	Can delete permission	2	delete_permission
8	Can view permission	2	view_permission
9	Can add group	3	add_group
10	Can change group	3	change_group
11	Can delete group	3	delete_group
12	Can view group	3	view_group
13	Can add user	4	add_user
14	Can change user	4	change_user
15	Can delete user	4	delete_user
16	Can view user	4	view_user
17	Can add content type	5	add_contenttype
18	Can change content type	5	change_contenttype
19	Can delete content type	5	delete_contenttype
20	Can view content type	5	view_contenttype
21	Can add session	6	add_session
22	Can change session	6	change_session
23	Can delete session	6	delete_session
24	Can view session	6	view_session
25	Can add document	7	add_document
26	Can change document	7	change_document
27	Can delete document	7	delete_document
28	Can view document	7	view_document
29	Can add identifier	8	add_identifier
30	Can change identifier	8	change_identifier
31	Can delete identifier	8	delete_identifier
32	Can view identifier	8	view_identifier
33	Can add delivery	9	add_delivery
34	Can change delivery	9	change_delivery
35	Can delete delivery	9	delete_delivery
36	Can view delivery	9	view_delivery
37	Can add sale	10	add_sale
38	Can change sale	10	change_sale
39	Can delete sale	10	delete_sale
40	Can view sale	10	view_sale
41	Can add transfer	11	add_transfer
42	Can change transfer	11	change_transfer
43	Can delete transfer	11	delete_transfer
44	Can view transfer	11	view_transfer
45	Can add remainder history	12	add_remainderhistory
46	Can change remainder history	12	change_remainderhistory
47	Can delete remainder history	12	delete_remainderhistory
48	Can view remainder history	12	view_remainderhistory
49	Can add remainder current	13	add_remaindercurrent
50	Can change remainder current	13	change_remaindercurrent
51	Can delete remainder current	13	delete_remaindercurrent
52	Can view remainder current	13	view_remaindercurrent
53	Can add register	14	add_register
54	Can change register	14	change_register
55	Can delete register	14	delete_register
56	Can view register	14	view_register
57	Can add supplier	15	add_supplier
58	Can change supplier	15	change_supplier
59	Can delete supplier	15	delete_supplier
60	Can view supplier	15	view_supplier
61	Can add shop	16	add_shop
62	Can change shop	16	change_shop
63	Can delete shop	16	delete_shop
64	Can view shop	16	view_shop
65	Can add product category	17	add_productcategory
66	Can change product category	17	change_productcategory
67	Can delete product category	17	delete_productcategory
68	Can view product category	17	view_productcategory
69	Can add document type	18	add_documenttype
70	Can change document type	18	change_documenttype
71	Can delete document type	18	delete_documenttype
72	Can view document type	18	view_documenttype
73	Can add product	19	add_product
74	Can change product	19	change_product
75	Can delete product	19	delete_product
76	Can view product	19	view_product
77	Can add client	20	add_client
78	Can change client	20	change_client
79	Can delete client	20	delete_client
80	Can view client	20	view_client
81	Can add cash	21	add_cash
82	Can change cash	21	change_cash
83	Can delete cash	21	delete_cash
84	Can view cash	21	view_cash
85	Can add cash remainder	22	add_cashremainder
86	Can change cash remainder	22	change_cashremainder
87	Can delete cash remainder	22	delete_cashremainder
88	Can view cash remainder	22	view_cashremainder
89	Can add credit	23	add_credit
90	Can change credit	23	change_credit
91	Can delete credit	23	delete_credit
92	Can view credit	23	view_credit
93	Can add card	24	add_card
94	Can change card	24	change_card
95	Can delete card	24	delete_card
96	Can view card	24	view_card
97	Can add cashback	25	add_cashback
98	Can change cashback	25	change_cashback
99	Can delete cashback	25	delete_cashback
100	Can view cashback	25	view_cashback
101	Can add bonus account	26	add_bonusaccount
102	Can change bonus account	26	change_bonusaccount
103	Can delete bonus account	26	delete_bonusaccount
104	Can view bonus account	26	view_bonusaccount
105	Can add product history	27	add_producthistory
106	Can change product history	27	change_producthistory
107	Can delete product history	27	delete_producthistory
108	Can view product history	27	view_producthistory
109	Can add average price current	28	add_averagepricecurrent
110	Can change average price current	28	change_averagepricecurrent
111	Can delete average price current	28	delete_averagepricecurrent
112	Can view average price current	28	view_averagepricecurrent
113	Can add av price	29	add_avprice
114	Can change av price	29	change_avprice
115	Can delete av price	29	delete_avprice
116	Can view av price	29	view_avprice
117	Can add customer	20	add_customer
118	Can change customer	20	change_customer
119	Can delete customer	20	delete_customer
120	Can view customer	20	view_customer
121	Can add recognition	30	add_recognition
122	Can change recognition	30	change_recognition
123	Can delete recognition	30	delete_recognition
124	Can view recognition	30	view_recognition
125	Can add signoff	31	add_signoff
126	Can change signoff	31	change_signoff
127	Can delete signoff	31	delete_signoff
128	Can view signoff	31	view_signoff
129	Can add return	32	add_returning
130	Can change return	32	change_returning
131	Can delete return	32	delete_returning
132	Can view return	32	view_returning
133	Can add revaluation	33	add_revaluation
134	Can change revaluation	33	change_revaluation
135	Can delete revaluation	33	delete_revaluation
136	Can view revaluation	33	view_revaluation
137	Can add report temp	34	add_reporttemp
138	Can change report temp	34	change_reporttemp
139	Can delete report temp	34	delete_reporttemp
140	Can view report temp	34	view_reporttemp
141	Can add report temp id	35	add_reporttempid
142	Can change report temp id	35	change_reporttempid
143	Can delete report temp id	35	delete_reporttempid
144	Can view report temp id	35	view_reporttempid
145	Can add salary	36	add_salary
146	Can change salary	36	change_salary
147	Can delete salary	36	delete_salary
148	Can view salary	36	view_salary
149	Can add cash off	37	add_cashoff
150	Can change cash off	37	change_cashoff
151	Can delete cash off	37	delete_cashoff
152	Can view cash off	37	view_cashoff
153	Can add expense	38	add_expense
154	Can change expense	38	change_expense
155	Can delete expense	38	delete_expense
156	Can view expense	38	view_expense
157	Can add voucher	39	add_voucher
158	Can change voucher	39	change_voucher
159	Can delete voucher	39	delete_voucher
160	Can view voucher	39	view_voucher
161	Can add contributor	40	add_contributor
162	Can change contributor	40	change_contributor
163	Can delete contributor	40	delete_contributor
164	Can view contributor	40	view_contributor
165	Can add contributor	41	add_contributor
166	Can change contributor	41	change_contributor
167	Can delete contributor	41	delete_contributor
168	Can view contributor	41	view_contributor
169	Can add payment register	42	add_paymentregister
170	Can change payment register	42	change_paymentregister
171	Can delete payment register	42	delete_paymentregister
172	Can view payment register	42	view_paymentregister
173	Can add dail sale temp	43	add_dailsaletemp
174	Can change dail sale temp	43	change_dailsaletemp
175	Can delete dail sale temp	43	delete_dailsaletemp
176	Can view dail sale temp	43	view_dailsaletemp
177	Can add daily sale temp	43	add_dailysaletemp
178	Can change daily sale temp	43	change_dailysaletemp
179	Can delete daily sale temp	43	delete_dailysaletemp
180	Can view daily sale temp	43	view_dailysaletemp
181	Can add daily sale rep	44	add_dailysalerep
182	Can change daily sale rep	44	change_dailysalerep
183	Can delete daily sale rep	44	delete_dailysalerep
184	Can view daily sale rep	44	view_dailysalerep
185	Can add monthly bonus	45	add_monthlybonus
186	Can change monthly bonus	45	change_monthlybonus
187	Can delete monthly bonus	45	delete_monthlybonus
188	Can view monthly bonus	45	view_monthlybonus
189	Can add sale regort	46	add_saleregort
190	Can change sale regort	46	change_saleregort
191	Can delete sale regort	46	delete_saleregort
192	Can view sale regort	46	view_saleregort
193	Can add sale report	46	add_salereport
194	Can change sale report	46	change_salereport
195	Can delete sale report	46	delete_salereport
196	Can view sale report	46	view_salereport
197	Can add pay card report	47	add_paycardreport
198	Can change pay card report	47	change_paycardreport
199	Can delete pay card report	47	delete_paycardreport
200	Can view pay card report	47	view_paycardreport
201	Can add error log	48	add_errorlog
202	Can change error log	48	change_errorlog
203	Can delete error log	48	delete_errorlog
204	Can view error log	48	view_errorlog
\.


--
-- Data for Name: auth_user; Type: TABLE DATA; Schema: public; Owner: postgres
--

COPY public.auth_user (id, password, last_login, is_superuser, username, first_name, last_name, email, is_staff, is_active, date_joined) FROM stdin;
3	pbkdf2_sha256$260000$YXm6IZPSbBx6MxsoIzFruv$B6bVOM2o907WeLkkF/VN/UROoWRPhQtbaABRrOMSCS0=	2022-01-23 12:16:46+03	f	Огурцов	Олге	Огурцов		f	t	2022-01-23 12:12:30+03
2	pbkdf2_sha256$260000$Teu9ku2SH9OC6NESRMngD8$z0wa1/tpIhdFDvsUeXyOK+wsEyNW2O+cQpZLsTQrCSQ=	2022-02-27 02:06:07.958463+03	f	Иванов	Петр	Иванов		f	t	2021-07-13 10:23:01+03
1	pbkdf2_sha256$260000$VvYWqFR9PKwPm1LfiUbZtl$DO+CauJ5CY/70S2hidoP+//IqtsB3RD0YM/pCn+gDGE=	2022-02-27 02:46:23.120935+03	t	NetMaster	Сергей	Винокуров	79200711112@yandex.ru	t	t	2021-07-13 10:20:48+03
\.


--
-- Data for Name: auth_user_groups; Type: TABLE DATA; Schema: public; Owner: postgres
--

COPY public.auth_user_groups (id, user_id, group_id) FROM stdin;
1	1	1
2	2	2
3	3	2
\.


--
-- Data for Name: auth_user_user_permissions; Type: TABLE DATA; Schema: public; Owner: postgres
--

COPY public.auth_user_user_permissions (id, user_id, permission_id) FROM stdin;
\.


--
-- Data for Name: django_admin_log; Type: TABLE DATA; Schema: public; Owner: postgres
--

COPY public.django_admin_log (id, action_time, object_id, object_repr, action_flag, change_message, content_type_id, user_id) FROM stdin;
1	2021-07-13 10:21:32.234374+03	1	admin	1	[{"added": {}}]	3	1
2	2021-07-13 10:21:45.979131+03	2	sales	1	[{"added": {}}]	3	1
3	2021-07-13 10:22:03.789649+03	1	NetMaster	2	[{"changed": {"fields": ["Groups"]}}]	4	1
4	2021-07-13 10:22:14.365616+03	3	manager	1	[{"added": {}}]	3	1
5	2021-07-13 10:23:01.526971+03	2	Иванов	1	[{"added": {}}]	4	1
6	2021-07-13 10:23:19.076452+03	2	Иванов	2	[{"changed": {"fields": ["First name", "Last name", "Groups"]}}]	4	1
7	2021-07-13 10:26:05.217781+03	1	Смартфоны	1	[{"added": {}}]	17	1
8	2021-07-13 10:26:24.834202+03	2	Аксы	1	[{"added": {}}]	17	1
9	2021-07-13 10:26:49.023993+03	1	ООС	1	[{"added": {}}]	16	1
10	2021-07-13 10:26:58.387319+03	2	Правдинск	1	[{"added": {}}]	16	1
11	2021-07-13 10:27:06.299904+03	3	Дзержинск	1	[{"added": {}}]	16	1
12	2021-07-13 10:27:28.750557+03	1	ООО Центр Дистрибуции	1	[{"added": {}}]	15	1
13	2021-07-13 10:27:40.810489+03	2	ООО Т2 Мобайл	1	[{"added": {}}]	15	1
14	2021-07-13 10:28:33.500469+03	1	Чехол Itel A48	1	[{"added": {}}]	19	1
15	2021-07-13 10:28:51.424335+03	2	Чехол Samsung A12	1	[{"added": {}}]	19	1
16	2021-07-13 10:29:14.146564+03	3	Чехол Huawei Y7	1	[{"added": {}}]	19	1
17	2021-07-13 10:30:07.068563+03	3	Register object (3)	3		14	1
18	2021-07-13 10:30:07.072555+03	2	Register object (2)	3		14	1
19	2021-07-13 10:30:07.073551+03	1	Register object (1)	3		14	1
20	2021-07-13 10:30:12.969198+03	1	Identifier object (1)	3		8	1
21	2021-07-13 10:30:27.147075+03	1	Поступление ТМЦ	1	[{"added": {}}]	18	1
22	2021-07-13 11:37:40.488502+03	6	RemainderHistory object (6)	3		12	1
23	2021-07-13 11:37:40.494281+03	5	RemainderHistory object (5)	3		12	1
24	2021-07-13 11:37:40.496242+03	4	RemainderHistory object (4)	3		12	1
25	2021-07-13 11:37:40.4975+03	3	RemainderHistory object (3)	3		12	1
26	2021-07-13 11:37:40.498695+03	2	RemainderHistory object (2)	3		12	1
27	2021-07-13 11:37:40.499873+03	1	RemainderHistory object (1)	3		12	1
28	2021-07-13 11:37:40.500405+03	7	RemainderHistory object (7)	3		12	1
29	2021-07-13 11:37:40.501446+03	8	RemainderHistory object (8)	3		12	1
30	2021-07-13 11:37:49.805381+03	3	RemainderCurrent object (3)	3		13	1
31	2021-07-13 11:37:49.809076+03	2	RemainderCurrent object (2)	3		13	1
32	2021-07-13 11:37:49.810502+03	1	RemainderCurrent object (1)	3		13	1
33	2021-07-13 11:37:55.8601+03	13	Register object (13)	3		14	1
34	2021-07-13 11:37:55.866085+03	12	Register object (12)	3		14	1
35	2021-07-13 11:37:55.86708+03	11	Register object (11)	3		14	1
36	2021-07-13 11:37:55.869075+03	10	Register object (10)	3		14	1
37	2021-07-13 11:38:01.440908+03	5	Identifier object (5)	3		8	1
38	2021-07-13 11:38:01.446892+03	4	Identifier object (4)	3		8	1
39	2021-07-13 11:38:07.423568+03	6	Delivery object (6)	3		9	1
40	2021-07-13 11:38:07.431707+03	5	Delivery object (5)	3		9	1
41	2021-07-13 11:38:07.433702+03	4	Delivery object (4)	3		9	1
42	2021-07-13 11:38:07.435699+03	3	Delivery object (3)	3		9	1
43	2021-07-13 11:38:07.437057+03	2	Delivery object (2)	3		9	1
44	2021-07-13 11:38:07.437591+03	1	Delivery object (1)	3		9	1
45	2021-07-13 11:38:07.439591+03	7	Delivery object (7)	3		9	1
46	2021-07-13 11:38:07.440586+03	8	Delivery object (8)	3		9	1
47	2021-07-13 11:38:18.426619+03	2	Document object (2)	3		7	1
48	2021-07-13 11:38:18.434551+03	1	Document object (1)	3		7	1
49	2021-07-13 11:38:18.436432+03	3	Document object (3)	3		7	1
50	2021-07-13 11:38:18.438129+03	4	Document object (4)	3		7	1
51	2021-07-13 11:57:32.320229+03	14	RemainderHistory object (14)	3		12	1
52	2021-07-13 11:57:32.328102+03	10	RemainderHistory object (10)	3		12	1
53	2021-07-13 11:57:32.331093+03	15	RemainderHistory object (15)	3		12	1
54	2021-07-13 11:57:38.03928+03	6	RemainderCurrent object (6)	3		13	1
55	2021-07-13 11:57:38.047258+03	5	RemainderCurrent object (5)	3		13	1
56	2021-07-13 11:57:38.048257+03	4	RemainderCurrent object (4)	3		13	1
57	2021-07-13 11:57:47.54887+03	14	Delivery object (14)	3		9	1
58	2021-07-13 11:57:47.554868+03	13	Delivery object (13)	3		9	1
59	2021-07-13 11:57:47.556867+03	12	Delivery object (12)	3		9	1
60	2021-07-13 11:57:47.558863+03	11	Delivery object (11)	3		9	1
61	2021-07-13 11:57:47.560253+03	10	Delivery object (10)	3		9	1
62	2021-07-13 11:57:47.560791+03	9	Delivery object (9)	3		9	1
63	2021-07-13 11:57:47.56279+03	17	Delivery object (17)	3		9	1
64	2021-07-13 11:57:47.56385+03	16	Delivery object (16)	3		9	1
65	2021-07-13 11:57:47.572564+03	15	Delivery object (15)	3		9	1
66	2021-07-13 11:57:53.267753+03	6	Document object (6)	3		7	1
67	2021-07-13 11:57:53.274736+03	5	Document object (5)	3		7	1
68	2021-07-13 11:57:53.275736+03	7	Document object (7)	3		7	1
69	2021-07-13 11:58:14.997372+03	9	Identifier object (9)	3		8	1
70	2021-07-13 11:58:20.624809+03	6	Document object (6)	3		7	1
71	2021-07-13 11:58:20.632811+03	5	Document object (5)	3		7	1
72	2021-07-13 11:58:20.634084+03	7	Document object (7)	3		7	1
73	2021-07-13 11:58:36.279081+03	13	RemainderHistory object (13)	3		12	1
74	2021-07-13 11:58:36.28277+03	12	RemainderHistory object (12)	3		12	1
75	2021-07-13 11:58:36.28479+03	11	RemainderHistory object (11)	3		12	1
76	2021-07-13 11:58:36.285357+03	9	RemainderHistory object (9)	3		12	1
77	2021-07-13 11:58:36.287355+03	17	RemainderHistory object (17)	3		12	1
78	2021-07-13 11:58:36.288472+03	16	RemainderHistory object (16)	3		12	1
79	2021-07-13 11:58:41.781747+03	6	Document object (6)	3		7	1
80	2021-07-13 11:58:41.790505+03	5	Document object (5)	3		7	1
81	2021-07-13 11:58:41.792501+03	7	Document object (7)	3		7	1
82	2021-07-13 15:21:16.960208+03	23	RemainderHistory object (23)	3		12	1
83	2021-07-13 15:21:16.96964+03	22	RemainderHistory object (22)	3		12	1
84	2021-07-13 15:21:16.971184+03	21	RemainderHistory object (21)	3		12	1
85	2021-07-13 15:21:16.972434+03	20	RemainderHistory object (20)	3		12	1
86	2021-07-13 15:21:16.973694+03	19	RemainderHistory object (19)	3		12	1
87	2021-07-13 15:21:16.974985+03	18	RemainderHistory object (18)	3		12	1
88	2021-07-13 15:21:16.983749+03	24	RemainderHistory object (24)	3		12	1
89	2021-07-13 15:21:16.985135+03	25	RemainderHistory object (25)	3		12	1
90	2021-07-13 15:21:16.986245+03	28	RemainderHistory object (28)	3		12	1
91	2021-07-13 15:21:16.987311+03	27	RemainderHistory object (27)	3		12	1
92	2021-07-13 15:21:16.988381+03	26	RemainderHistory object (26)	3		12	1
93	2021-07-13 15:21:22.840783+03	9	RemainderCurrent object (9)	3		13	1
94	2021-07-13 15:21:22.851481+03	8	RemainderCurrent object (8)	3		13	1
95	2021-07-13 15:21:22.853486+03	7	RemainderCurrent object (7)	3		13	1
96	2021-07-13 15:21:36.770999+03	28	Delivery object (28)	3		9	1
97	2021-07-13 15:21:36.781099+03	27	Delivery object (27)	3		9	1
98	2021-07-13 15:21:36.79008+03	26	Delivery object (26)	3		9	1
99	2021-07-13 15:21:36.793228+03	25	Delivery object (25)	3		9	1
100	2021-07-13 15:21:36.798229+03	24	Delivery object (24)	3		9	1
101	2021-07-13 15:21:36.805216+03	20	Delivery object (20)	3		9	1
102	2021-07-13 15:21:36.808633+03	19	Delivery object (19)	3		9	1
103	2021-07-13 15:21:36.812644+03	18	Delivery object (18)	3		9	1
104	2021-07-13 15:21:36.816665+03	23	Delivery object (23)	3		9	1
105	2021-07-13 15:21:36.822613+03	22	Delivery object (22)	3		9	1
106	2021-07-13 15:21:36.827637+03	21	Delivery object (21)	3		9	1
107	2021-07-13 15:21:41.912886+03	9	Document object (9)	3		7	1
108	2021-07-13 15:21:41.922981+03	8	Document object (8)	3		7	1
109	2021-07-13 15:21:41.933208+03	10	Document object (10)	3		7	1
110	2021-07-13 15:21:41.934633+03	11	Document object (11)	3		7	1
111	2021-07-13 15:21:41.93567+03	12	Document object (12)	3		7	1
112	2021-07-13 15:27:39.918762+03	30	RemainderHistory object (30)	3		12	1
113	2021-07-13 15:27:39.927736+03	29	RemainderHistory object (29)	3		12	1
114	2021-07-13 15:27:39.928736+03	31	RemainderHistory object (31)	3		12	1
115	2021-07-13 15:27:46.514147+03	10	RemainderCurrent object (10)	3		13	1
116	2021-07-13 15:27:51.859768+03	31	Register object (31)	3		14	1
117	2021-07-13 15:27:51.867744+03	30	Register object (30)	3		14	1
118	2021-07-13 15:27:51.868739+03	29	Register object (29)	3		14	1
119	2021-07-13 15:27:57.137731+03	12	Identifier object (12)	3		8	1
120	2021-07-13 15:28:02.928821+03	14	Document object (14)	3		7	1
121	2021-07-13 15:28:02.932689+03	13	Document object (13)	3		7	1
122	2021-07-13 15:28:02.934004+03	15	Document object (15)	3		7	1
123	2021-07-13 15:28:16.04558+03	30	Delivery object (30)	3		9	1
124	2021-07-13 15:28:16.056759+03	29	Delivery object (29)	3		9	1
125	2021-07-13 15:28:16.059756+03	31	Delivery object (31)	3		9	1
126	2021-07-13 15:28:25.289608+03	14	Document object (14)	3		7	1
127	2021-07-13 15:28:25.304567+03	13	Document object (13)	3		7	1
128	2021-07-13 15:28:25.306557+03	15	Document object (15)	3		7	1
129	2021-07-13 15:43:37.724369+03	33	RemainderHistory object (33)	3		12	1
130	2021-07-13 15:43:37.73037+03	32	RemainderHistory object (32)	3		12	1
131	2021-07-13 15:43:37.731351+03	35	RemainderHistory object (35)	3		12	1
132	2021-07-13 15:43:37.732349+03	34	RemainderHistory object (34)	3		12	1
133	2021-07-13 15:43:37.734343+03	37	RemainderHistory object (37)	3		12	1
134	2021-07-13 15:43:37.73534+03	36	RemainderHistory object (36)	3		12	1
135	2021-07-13 15:43:55.253205+03	11	RemainderCurrent object (11)	3		13	1
136	2021-07-13 15:44:04.333343+03	33	Delivery object (33)	3		9	1
137	2021-07-13 15:44:04.336427+03	32	Delivery object (32)	3		9	1
138	2021-07-13 15:44:04.337414+03	35	Delivery object (35)	3		9	1
139	2021-07-13 15:44:04.339273+03	34	Delivery object (34)	3		9	1
140	2021-07-13 15:44:04.340312+03	37	Delivery object (37)	3		9	1
141	2021-07-13 15:44:04.341877+03	36	Delivery object (36)	3		9	1
142	2021-07-13 15:44:09.646709+03	17	Document object (17)	3		7	1
143	2021-07-13 15:44:09.652312+03	16	Document object (16)	3		7	1
144	2021-07-13 15:44:09.654307+03	19	Document object (19)	3		7	1
145	2021-07-13 15:44:09.655555+03	18	Document object (18)	3		7	1
146	2021-07-13 15:44:09.656769+03	21	Document object (21)	3		7	1
147	2021-07-13 15:44:09.65799+03	20	Document object (20)	3		7	1
148	2021-07-13 16:03:00.014903+03	39	RemainderHistory object (39)	3		12	1
149	2021-07-13 16:03:00.022887+03	38	RemainderHistory object (38)	3		12	1
150	2021-07-13 16:03:17.047947+03	22	Identifier object (22)	3		8	1
151	2021-07-13 16:03:22.401442+03	39	Delivery object (39)	3		9	1
152	2021-07-13 16:03:22.412514+03	38	Delivery object (38)	3		9	1
153	2021-07-13 16:03:27.968335+03	23	Document object (23)	3		7	1
154	2021-07-13 16:03:27.971345+03	22	Document object (22)	3		7	1
155	2021-07-13 16:05:52.819791+03	12	RemainderCurrent object (12)	3		13	1
156	2021-07-13 16:05:59.440345+03	48	Register object (48)	3		14	1
157	2021-07-13 16:05:59.449138+03	47	Register object (47)	3		14	1
158	2021-07-13 16:06:04.037646+03	28	Identifier object (28)	3		8	1
159	2021-07-13 16:06:04.044091+03	27	Identifier object (27)	3		8	1
160	2021-07-13 16:06:09.212778+03	43	Delivery object (43)	3		9	1
161	2021-07-13 16:06:09.225787+03	42	Delivery object (42)	3		9	1
162	2021-07-13 16:06:09.227787+03	41	Delivery object (41)	3		9	1
163	2021-07-13 16:06:09.229836+03	40	Delivery object (40)	3		9	1
164	2021-07-13 16:06:14.071972+03	27	Document object (27)	3		7	1
165	2021-07-13 16:06:14.077959+03	26	Document object (26)	3		7	1
166	2021-07-13 16:06:14.078956+03	25	Document object (25)	3		7	1
167	2021-07-13 16:06:14.08095+03	24	Document object (24)	3		7	1
168	2021-07-13 16:11:19.228464+03	40	RemainderHistory object (40)	3		12	1
169	2021-07-13 16:11:23.962079+03	13	RemainderCurrent object (13)	3		13	1
170	2021-07-13 16:11:35.23535+03	45	Delivery object (45)	3		9	1
171	2021-07-13 16:11:35.238341+03	44	Delivery object (44)	3		9	1
172	2021-07-13 16:11:42.382678+03	29	Document object (29)	3		7	1
173	2021-07-13 16:11:42.388068+03	28	Document object (28)	3		7	1
174	2021-07-13 17:31:58.125246+03	45	RemainderHistory object (45)	3		12	1
175	2021-07-13 17:31:58.138466+03	44	RemainderHistory object (44)	3		12	1
176	2021-07-13 17:31:58.139468+03	43	RemainderHistory object (43)	3		12	1
177	2021-07-13 17:32:08.096112+03	42	RemainderHistory object (42)	3		12	1
178	2021-07-13 17:32:08.103958+03	41	RemainderHistory object (41)	3		12	1
179	2021-07-13 17:32:21.357793+03	47	Delivery object (47)	3		9	1
180	2021-07-13 17:32:21.365298+03	46	Delivery object (46)	3		9	1
181	2021-07-13 17:32:21.36681+03	50	Delivery object (50)	3		9	1
182	2021-07-13 17:32:21.368174+03	49	Delivery object (49)	3		9	1
183	2021-07-13 17:32:21.368775+03	48	Delivery object (48)	3		9	1
184	2021-07-13 17:32:26.659147+03	32	Identifier object (32)	3		8	1
185	2021-07-13 17:32:40.80451+03	31	Document object (31)	3		7	1
186	2021-07-13 17:32:40.808846+03	30	Document object (30)	3		7	1
187	2021-07-13 17:32:40.810533+03	34	Document object (34)	3		7	1
188	2021-07-13 17:32:40.812531+03	33	Document object (33)	3		7	1
189	2021-07-13 17:32:40.814526+03	32	Document object (32)	3		7	1
190	2021-07-13 17:35:20.186612+03	14	RemainderCurrent object (14)	3		13	1
191	2021-07-13 17:35:28.295658+03	51	Delivery object (51)	3		9	1
192	2021-07-13 17:35:33.740626+03	35	Document object (35)	3		7	1
193	2021-07-13 17:35:51.449667+03	46	RemainderHistory object (46)	3		12	1
194	2021-07-13 17:35:58.250246+03	35	Document object (35)	3		7	1
195	2021-07-13 17:37:21.889694+03	47	RemainderHistory object (47)	3		12	1
196	2021-07-13 17:37:27.475671+03	15	RemainderCurrent object (15)	3		13	1
197	2021-07-13 17:37:37.56528+03	52	Delivery object (52)	3		9	1
198	2021-07-13 17:37:44.326511+03	36	Document object (36)	3		7	1
199	2021-07-13 17:58:15.579821+03	55	RemainderHistory object (55)	3		12	1
200	2021-07-13 17:58:15.588896+03	49	RemainderHistory object (49)	3		12	1
201	2021-07-13 17:58:15.591897+03	48	RemainderHistory object (48)	3		12	1
202	2021-07-13 17:58:15.593891+03	50	RemainderHistory object (50)	3		12	1
203	2021-07-13 17:58:15.596701+03	51	RemainderHistory object (51)	3		12	1
204	2021-07-13 17:58:15.598703+03	52	RemainderHistory object (52)	3		12	1
205	2021-07-13 17:58:15.601436+03	53	RemainderHistory object (53)	3		12	1
206	2021-07-13 17:58:15.603376+03	54	RemainderHistory object (54)	3		12	1
207	2021-07-13 17:58:15.605319+03	56	RemainderHistory object (56)	3		12	1
208	2021-07-13 17:58:21.036004+03	16	RemainderCurrent object (16)	3		13	1
209	2021-07-13 17:58:29.434823+03	60	Delivery object (60)	3		9	1
210	2021-07-13 17:58:29.43881+03	54	Delivery object (54)	3		9	1
211	2021-07-13 17:58:29.439805+03	53	Delivery object (53)	3		9	1
212	2021-07-13 17:58:29.442801+03	55	Delivery object (55)	3		9	1
213	2021-07-13 17:58:29.451801+03	56	Delivery object (56)	3		9	1
214	2021-07-13 17:58:29.452804+03	57	Delivery object (57)	3		9	1
215	2021-07-13 17:58:29.454865+03	58	Delivery object (58)	3		9	1
216	2021-07-13 17:58:29.455866+03	59	Delivery object (59)	3		9	1
217	2021-07-13 17:58:29.457861+03	61	Delivery object (61)	3		9	1
218	2021-07-13 17:58:34.939554+03	44	Document object (44)	3		7	1
219	2021-07-13 17:58:34.946533+03	38	Document object (38)	3		7	1
220	2021-07-13 17:58:34.947955+03	37	Document object (37)	3		7	1
221	2021-07-13 17:58:34.948959+03	39	Document object (39)	3		7	1
222	2021-07-13 17:58:34.949954+03	40	Document object (40)	3		7	1
223	2021-07-13 17:58:34.951253+03	41	Document object (41)	3		7	1
224	2021-07-13 17:58:34.96061+03	42	Document object (42)	3		7	1
225	2021-07-13 17:58:34.966595+03	43	Document object (43)	3		7	1
226	2021-07-13 17:58:34.96959+03	45	Document object (45)	3		7	1
227	2021-07-14 00:24:59.078725+03	58	RemainderHistory object (58)	3		12	1
228	2021-07-14 00:24:59.083711+03	57	RemainderHistory object (57)	3		12	1
229	2021-07-14 00:24:59.085708+03	59	RemainderHistory object (59)	3		12	1
230	2021-07-14 00:25:06.21596+03	17	RemainderCurrent object (17)	3		13	1
231	2021-07-14 00:25:13.632697+03	63	Delivery object (63)	3		9	1
232	2021-07-14 00:25:13.637683+03	62	Delivery object (62)	3		9	1
233	2021-07-14 00:25:13.639677+03	64	Delivery object (64)	3		9	1
234	2021-07-14 00:25:19.258563+03	47	Document object (47)	3		7	1
235	2021-07-14 00:25:19.266537+03	46	Document object (46)	3		7	1
236	2021-07-14 00:25:19.268532+03	48	Document object (48)	3		7	1
237	2021-07-14 00:32:48.546366+03	61	RemainderHistory object (61)	3		12	1
238	2021-07-14 00:32:48.550356+03	60	RemainderHistory object (60)	3		12	1
239	2021-07-14 00:32:48.559331+03	62	RemainderHistory object (62)	3		12	1
240	2021-07-14 00:32:53.573506+03	18	RemainderCurrent object (18)	3		13	1
241	2021-07-14 00:33:27.097065+03	66	Delivery object (66)	3		9	1
242	2021-07-14 00:33:27.10006+03	65	Delivery object (65)	3		9	1
243	2021-07-14 00:33:27.101672+03	67	Delivery object (67)	3		9	1
244	2021-07-14 00:33:32.385795+03	50	Document object (50)	3		7	1
245	2021-07-14 00:33:32.38935+03	49	Document object (49)	3		7	1
246	2021-07-14 00:33:32.390352+03	51	Document object (51)	3		7	1
247	2021-07-14 00:37:20.894311+03	64	RemainderHistory object (64)	3		12	1
248	2021-07-14 00:37:20.901291+03	63	RemainderHistory object (63)	3		12	1
249	2021-07-14 00:37:20.90229+03	65	RemainderHistory object (65)	3		12	1
250	2021-07-14 00:37:26.505031+03	19	RemainderCurrent object (19)	3		13	1
251	2021-07-14 00:37:36.798666+03	72	Register object (72)	3		14	1
252	2021-07-14 00:37:41.606218+03	53	Identifier object (53)	3		8	1
253	2021-07-14 00:37:47.300969+03	69	Delivery object (69)	3		9	1
254	2021-07-14 00:37:47.304431+03	68	Delivery object (68)	3		9	1
255	2021-07-14 00:37:47.305699+03	70	Delivery object (70)	3		9	1
256	2021-07-14 00:37:53.417114+03	53	Document object (53)	3		7	1
257	2021-07-14 00:37:53.421058+03	52	Document object (52)	3		7	1
258	2021-07-14 00:37:53.42206+03	54	Document object (54)	3		7	1
259	2021-07-14 09:26:22.087849+03	20	RemainderCurrent object (20)	3		13	1
260	2021-07-14 09:26:28.486699+03	67	RemainderHistory object (67)	3		12	1
261	2021-07-14 09:26:28.495755+03	66	RemainderHistory object (66)	3		12	1
262	2021-07-14 09:26:28.497751+03	69	RemainderHistory object (69)	3		12	1
263	2021-07-14 09:26:28.500747+03	68	RemainderHistory object (68)	3		12	1
264	2021-07-14 09:26:36.799156+03	72	Delivery object (72)	3		9	1
265	2021-07-14 09:26:36.802151+03	71	Delivery object (71)	3		9	1
266	2021-07-14 09:26:36.803148+03	74	Delivery object (74)	3		9	1
267	2021-07-14 09:26:36.80518+03	73	Delivery object (73)	3		9	1
268	2021-07-14 09:26:41.741426+03	56	Document object (56)	3		7	1
269	2021-07-14 09:26:41.744937+03	55	Document object (55)	3		7	1
270	2021-07-14 09:26:41.746251+03	58	Document object (58)	3		7	1
271	2021-07-14 09:26:41.747488+03	57	Document object (57)	3		7	1
272	2021-07-14 10:54:37.967512+03	21	RemainderCurrent object (21)	2	[{"changed": {"fields": ["Av price"]}}]	13	1
273	2021-07-14 12:09:48.279613+03	70	RemainderHistory object (70)	3		12	1
274	2021-07-14 12:09:48.290584+03	72	RemainderHistory object (72)	3		12	1
275	2021-07-14 12:09:53.777336+03	21	RemainderCurrent object (21)	3		13	1
276	2021-07-14 12:10:09.069171+03	75	Delivery object (75)	3		9	1
277	2021-07-14 12:10:09.073722+03	77	Delivery object (77)	3		9	1
278	2021-07-14 12:10:15.328464+03	59	Document object (59)	3		7	1
279	2021-07-14 12:10:15.3325+03	61	Document object (61)	3		7	1
280	2021-07-17 21:21:15.157711+03	76	RemainderHistory object (76)	3		12	1
281	2021-07-17 21:21:15.238522+03	74	RemainderHistory object (74)	3		12	1
282	2021-07-17 21:21:15.243475+03	78	RemainderHistory object (78)	3		12	1
283	2021-07-17 21:21:24.966472+03	22	RemainderCurrent object (22)	3		13	1
284	2021-07-17 21:21:49.629192+03	81	Delivery object (81)	3		9	1
285	2021-07-17 21:21:49.640883+03	79	Delivery object (79)	3		9	1
286	2021-07-17 21:21:49.642709+03	83	Delivery object (83)	3		9	1
287	2021-07-17 21:21:59.28717+03	65	Document object (65)	3		7	1
288	2021-07-17 21:21:59.298974+03	63	Document object (63)	3		7	1
289	2021-07-17 21:21:59.301969+03	67	Document object (67)	3		7	1
290	2021-07-18 13:09:15.375796+03	81	RemainderHistory object (81)	3		12	1
291	2021-07-18 13:09:15.405957+03	80	RemainderHistory object (80)	3		12	1
292	2021-07-18 13:09:15.40763+03	79	RemainderHistory object (79)	3		12	1
293	2021-07-18 13:09:21.284068+03	23	RemainderCurrent object (23)	3		13	1
294	2021-07-18 13:09:31.209141+03	70	Document object (70)	3		7	1
295	2021-07-18 13:09:31.214628+03	69	Document object (69)	3		7	1
296	2021-07-18 13:09:31.215992+03	68	Document object (68)	3		7	1
297	2021-07-18 13:20:30.261338+03	85	RemainderHistory object (85)	3		12	1
298	2021-07-18 13:20:35.680352+03	24	RemainderCurrent object (24)	3		13	1
299	2021-07-18 13:20:43.133199+03	90	Delivery object (90)	3		9	1
300	2021-07-18 13:20:48.894634+03	74	Document object (74)	3		7	1
301	2021-07-18 13:47:47.574322+03	96	RemainderHistory object (96)	3		12	1
302	2021-07-18 13:47:47.579545+03	95	RemainderHistory object (95)	3		12	1
303	2021-07-18 13:47:47.581538+03	94	RemainderHistory object (94)	3		12	1
304	2021-07-18 13:47:47.584528+03	93	RemainderHistory object (93)	3		12	1
305	2021-07-18 13:47:47.585527+03	90	RemainderHistory object (90)	3		12	1
306	2021-07-18 13:47:53.3154+03	27	RemainderCurrent object (27)	3		13	1
307	2021-07-18 13:47:53.321484+03	26	RemainderCurrent object (26)	3		13	1
308	2021-07-18 13:47:53.323483+03	25	RemainderCurrent object (25)	3		13	1
309	2021-07-18 13:49:20.592293+03	101	Delivery object (101)	3		9	1
310	2021-07-18 13:49:20.606474+03	100	Delivery object (100)	3		9	1
311	2021-07-18 13:49:20.612471+03	99	Delivery object (99)	3		9	1
312	2021-07-18 13:49:20.616158+03	98	Delivery object (98)	3		9	1
313	2021-07-18 13:49:20.619594+03	97	Delivery object (97)	3		9	1
314	2021-07-18 13:49:20.623593+03	96	Delivery object (96)	3		9	1
315	2021-07-18 13:49:20.627633+03	95	Delivery object (95)	3		9	1
316	2021-07-18 13:49:20.630887+03	94	Delivery object (94)	3		9	1
317	2021-07-18 13:49:20.633814+03	93	Delivery object (93)	3		9	1
318	2021-07-18 13:49:27.068985+03	79	Document object (79)	3		7	1
319	2021-07-18 13:49:27.127845+03	78	Document object (78)	3		7	1
320	2021-07-18 13:49:27.131844+03	77	Document object (77)	3		7	1
321	2021-07-18 13:49:43.189007+03	92	RemainderHistory object (92)	3		12	1
322	2021-07-18 13:49:43.197724+03	91	RemainderHistory object (91)	3		12	1
323	2021-07-18 13:49:43.199078+03	89	RemainderHistory object (89)	3		12	1
324	2021-07-18 13:49:43.200309+03	88	RemainderHistory object (88)	3		12	1
325	2021-07-18 13:49:48.223677+03	79	Document object (79)	3		7	1
326	2021-07-18 13:49:48.23273+03	78	Document object (78)	3		7	1
327	2021-07-18 13:49:48.235729+03	77	Document object (77)	3		7	1
328	2021-07-18 14:06:09.165622+03	111	RemainderHistory object (111)	3		12	1
329	2021-07-18 14:06:09.176086+03	110	RemainderHistory object (110)	3		12	1
330	2021-07-18 14:06:09.177823+03	109	RemainderHistory object (109)	3		12	1
331	2021-07-18 14:06:09.178379+03	102	RemainderHistory object (102)	3		12	1
332	2021-07-18 14:06:09.180377+03	101	RemainderHistory object (101)	3		12	1
333	2021-07-18 14:06:09.181374+03	100	RemainderHistory object (100)	3		12	1
334	2021-07-18 14:06:09.183404+03	99	RemainderHistory object (99)	3		12	1
335	2021-07-18 14:06:09.185004+03	98	RemainderHistory object (98)	3		12	1
336	2021-07-18 14:06:09.186104+03	97	RemainderHistory object (97)	3		12	1
337	2021-07-18 14:06:16.930392+03	30	RemainderCurrent object (30)	3		13	1
338	2021-07-18 14:06:16.934233+03	29	RemainderCurrent object (29)	3		13	1
339	2021-07-18 14:06:16.935291+03	28	RemainderCurrent object (28)	3		13	1
340	2021-07-18 14:06:24.332159+03	116	Delivery object (116)	3		9	1
341	2021-07-18 14:06:24.343132+03	115	Delivery object (115)	3		9	1
342	2021-07-18 14:06:24.352104+03	114	Delivery object (114)	3		9	1
343	2021-07-18 14:06:24.353103+03	107	Delivery object (107)	3		9	1
344	2021-07-18 14:06:24.355098+03	106	Delivery object (106)	3		9	1
345	2021-07-18 14:06:24.356098+03	105	Delivery object (105)	3		9	1
346	2021-07-18 14:06:24.35809+03	104	Delivery object (104)	3		9	1
347	2021-07-18 14:06:24.359087+03	103	Delivery object (103)	3		9	1
348	2021-07-18 14:06:24.360085+03	102	Delivery object (102)	3		9	1
349	2021-07-18 14:06:30.287815+03	84	Document object (84)	3		7	1
350	2021-07-18 14:06:30.302341+03	81	Document object (81)	3		7	1
351	2021-07-18 14:06:30.305395+03	80	Document object (80)	3		7	1
352	2021-07-18 17:49:12.551439+03	37	RemainderCurrent object (37)	3		13	1
353	2021-07-18 17:49:12.557637+03	36	RemainderCurrent object (36)	3		13	1
354	2021-07-18 18:07:31.663046+03	120	RemainderHistory object (120)	3		12	1
355	2021-07-18 18:07:31.669031+03	118	RemainderHistory object (118)	3		12	1
356	2021-07-18 18:07:31.671026+03	124	RemainderHistory object (124)	3		12	1
357	2021-07-18 18:07:31.67302+03	123	RemainderHistory object (123)	3		12	1
358	2021-07-18 18:07:38.046738+03	35	RemainderCurrent object (35)	3		13	1
359	2021-07-18 18:07:38.053455+03	34	RemainderCurrent object (34)	3		13	1
360	2021-07-18 18:07:38.054856+03	33	RemainderCurrent object (33)	3		13	1
361	2021-07-18 18:07:38.05542+03	32	RemainderCurrent object (32)	3		13	1
362	2021-07-18 18:07:38.057493+03	31	RemainderCurrent object (31)	3		13	1
363	2021-07-18 18:07:45.428938+03	125	Delivery object (125)	3		9	1
364	2021-07-18 18:07:45.443166+03	123	Delivery object (123)	3		9	1
365	2021-07-18 18:07:45.444608+03	121	Delivery object (121)	3		9	1
366	2021-07-18 18:07:45.445954+03	120	Delivery object (120)	3		9	1
367	2021-07-18 18:07:50.40839+03	87	Document object (87)	3		7	1
368	2021-07-18 18:07:50.415578+03	86	Document object (86)	3		7	1
369	2021-07-18 18:20:47.385264+03	130	RemainderHistory object (130)	3		12	1
370	2021-07-18 18:20:47.391752+03	129	RemainderHistory object (129)	3		12	1
371	2021-07-18 18:20:47.39375+03	128	RemainderHistory object (128)	3		12	1
372	2021-07-18 18:20:47.395792+03	127	RemainderHistory object (127)	3		12	1
373	2021-07-18 18:20:47.396919+03	140	RemainderHistory object (140)	3		12	1
374	2021-07-18 18:20:47.398118+03	139	RemainderHistory object (139)	3		12	1
375	2021-07-18 18:20:52.430186+03	43	RemainderCurrent object (43)	3		13	1
376	2021-07-18 18:20:52.438179+03	42	RemainderCurrent object (42)	3		13	1
377	2021-07-18 18:20:52.441162+03	41	RemainderCurrent object (41)	3		13	1
378	2021-07-18 18:20:52.442915+03	40	RemainderCurrent object (40)	3		13	1
379	2021-07-18 18:20:52.443957+03	39	RemainderCurrent object (39)	3		13	1
380	2021-07-18 18:20:52.446032+03	38	RemainderCurrent object (38)	3		13	1
381	2021-07-18 18:21:05.028322+03	90	Document object (90)	3		7	1
382	2021-07-18 18:21:05.040453+03	89	Document object (89)	3		7	1
383	2021-07-18 18:21:05.043443+03	88	Document object (88)	3		7	1
384	2021-07-18 18:21:18.986571+03	131	Delivery object (131)	3		9	1
385	2021-07-18 18:21:18.989842+03	130	Delivery object (130)	3		9	1
386	2021-07-18 18:21:18.99184+03	129	Delivery object (129)	3		9	1
387	2021-07-18 18:21:18.993143+03	128	Delivery object (128)	3		9	1
388	2021-07-18 18:21:18.994374+03	127	Delivery object (127)	3		9	1
389	2021-07-18 18:21:18.995569+03	126	Delivery object (126)	3		9	1
390	2021-07-18 18:21:30.710926+03	90	Document object (90)	3		7	1
391	2021-07-18 18:21:30.722334+03	89	Document object (89)	3		7	1
392	2021-07-18 18:21:30.723375+03	88	Document object (88)	3		7	1
393	2021-07-18 19:44:21.391801+03	148	RemainderHistory object (148)	3		12	1
394	2021-07-18 19:44:26.457014+03	46	RemainderCurrent object (46)	3		13	1
395	2021-07-18 19:44:26.461962+03	45	RemainderCurrent object (45)	3		13	1
396	2021-07-18 19:44:26.464954+03	44	RemainderCurrent object (44)	3		13	1
397	2021-07-18 19:44:36.397583+03	134	Delivery object (134)	3		9	1
398	2021-07-18 19:44:36.40102+03	133	Delivery object (133)	3		9	1
399	2021-07-18 19:44:36.402309+03	132	Delivery object (132)	3		9	1
400	2021-07-18 19:44:42.280443+03	93	Document object (93)	3		7	1
401	2021-07-18 19:44:42.286021+03	91	Document object (91)	3		7	1
402	2021-07-18 19:44:42.287509+03	92	Document object (92)	3		7	1
403	2021-07-18 19:49:12.967178+03	156	RemainderHistory object (156)	3		12	1
404	2021-07-18 19:49:12.97426+03	155	RemainderHistory object (155)	3		12	1
405	2021-07-18 19:49:17.927312+03	47	RemainderCurrent object (47)	3		13	1
406	2021-07-18 19:49:25.032797+03	137	Delivery object (137)	3		9	1
407	2021-07-18 19:49:25.036789+03	136	Delivery object (136)	3		9	1
408	2021-07-18 19:49:25.037783+03	135	Delivery object (135)	3		9	1
409	2021-07-18 19:49:29.949657+03	96	Document object (96)	3		7	1
410	2021-07-18 19:49:29.952753+03	95	Document object (95)	3		7	1
411	2021-07-18 19:49:29.954583+03	94	Document object (94)	3		7	1
412	2021-07-18 19:55:30.960123+03	159	RemainderHistory object (159)	3		12	1
413	2021-07-18 19:55:47.006881+03	99	Document object (99)	3		7	1
414	2021-07-18 19:55:47.026896+03	98	Document object (98)	3		7	1
415	2021-07-18 19:55:47.028425+03	97	Document object (97)	3		7	1
416	2021-07-18 19:55:56.314384+03	140	Delivery object (140)	3		9	1
417	2021-07-18 19:55:56.320191+03	139	Delivery object (139)	3		9	1
418	2021-07-18 19:55:56.322186+03	138	Delivery object (138)	3		9	1
419	2021-07-18 19:56:00.137113+03	99	Document object (99)	3		7	1
420	2021-07-18 19:56:00.142511+03	98	Document object (98)	3		7	1
421	2021-07-18 19:56:00.144507+03	97	Document object (97)	3		7	1
422	2021-07-18 19:56:06.742119+03	48	RemainderCurrent object (48)	3		13	1
423	2021-07-18 20:21:36.687347+03	161	RemainderHistory object (161)	3		12	1
424	2021-07-18 20:21:41.827355+03	50	RemainderCurrent object (50)	3		13	1
425	2021-07-18 20:21:41.830885+03	49	RemainderCurrent object (49)	3		13	1
426	2021-07-18 20:21:50.636423+03	142	Delivery object (142)	3		9	1
427	2021-07-18 20:21:50.640545+03	141	Delivery object (141)	3		9	1
428	2021-07-18 20:21:58.015061+03	101	Document object (101)	3		7	1
429	2021-07-18 20:21:58.024558+03	100	Document object (100)	3		7	1
430	2021-07-19 03:21:59.792114+03	169	RemainderHistory object (169)	3		12	1
431	2021-07-19 03:21:59.842966+03	168	RemainderHistory object (168)	3		12	1
432	2021-07-19 03:21:59.844469+03	167	RemainderHistory object (167)	3		12	1
433	2021-07-19 03:21:59.845505+03	165	RemainderHistory object (165)	3		12	1
434	2021-07-19 03:22:07.357908+03	51	RemainderCurrent object (51)	3		13	1
435	2021-07-19 03:22:17.403894+03	147	Delivery object (147)	3		9	1
436	2021-07-19 03:22:17.428836+03	149	Delivery object (149)	3		9	1
437	2021-07-19 03:22:17.43051+03	150	Delivery object (150)	3		9	1
438	2021-07-19 03:22:17.431547+03	148	Delivery object (148)	3		9	1
439	2021-07-19 03:22:17.43251+03	146	Delivery object (146)	3		9	1
440	2021-07-19 03:22:17.434503+03	144	Delivery object (144)	3		9	1
441	2021-07-19 03:22:17.437495+03	143	Delivery object (143)	3		9	1
442	2021-07-19 03:22:17.438494+03	145	Delivery object (145)	3		9	1
443	2021-07-19 03:22:23.143051+03	110	Identifier object (110)	3		8	1
444	2021-07-19 03:22:23.221731+03	106	Identifier object (106)	3		8	1
445	2021-07-19 03:22:29.935369+03	106	Document object (106)	3		7	1
446	2021-07-19 03:22:29.945946+03	108	Document object (108)	3		7	1
447	2021-07-19 03:22:29.949295+03	109	Document object (109)	3		7	1
448	2021-07-19 03:22:29.952337+03	107	Document object (107)	3		7	1
449	2021-07-19 03:22:29.954403+03	105	Document object (105)	3		7	1
450	2021-07-19 03:22:29.960603+03	102	Document object (102)	3		7	1
451	2021-07-19 03:22:29.965597+03	103	Document object (103)	3		7	1
452	2021-07-19 03:22:29.968591+03	104	Document object (104)	3		7	1
453	2021-07-19 03:25:19.736389+03	171	RemainderHistory object (171)	3		12	1
454	2021-07-19 03:25:19.740366+03	170	RemainderHistory object (170)	3		12	1
455	2021-07-19 03:25:27.395361+03	52	RemainderCurrent object (52)	3		13	1
456	2021-07-19 03:25:37.969321+03	152	Delivery object (152)	3		9	1
457	2021-07-19 03:25:37.97603+03	151	Delivery object (151)	3		9	1
458	2021-07-19 03:25:37.977031+03	153	Delivery object (153)	3		9	1
459	2021-07-19 03:25:43.387924+03	112	Document object (112)	3		7	1
460	2021-07-19 03:25:43.398067+03	111	Document object (111)	3		7	1
461	2021-07-19 03:25:43.399329+03	110	Document object (110)	3		7	1
462	2021-07-19 03:31:37.849544+03	177	RemainderHistory object (177)	2	[{"changed": {"fields": ["Category", "Pre remainder"]}}]	12	1
463	2021-07-19 03:36:37.916225+03	54	RemainderCurrent object (54)	3		13	1
464	2021-07-19 03:36:38.282049+03	53	RemainderCurrent object (53)	3		13	1
465	2021-07-19 03:36:43.810474+03	175	RemainderHistory object (175)	3		12	1
466	2021-07-19 03:36:43.814465+03	177	RemainderHistory object (177)	3		12	1
467	2021-07-19 03:36:43.815461+03	178	RemainderHistory object (178)	3		12	1
468	2021-07-19 03:36:50.363265+03	155	Delivery object (155)	3		9	1
469	2021-07-19 03:36:50.366734+03	156	Delivery object (156)	3		9	1
470	2021-07-19 03:36:50.368732+03	154	Delivery object (154)	3		9	1
471	2021-07-19 03:36:55.697409+03	114	Document object (114)	3		7	1
472	2021-07-19 03:36:55.701399+03	115	Document object (115)	3		7	1
473	2021-07-19 03:36:55.702395+03	113	Document object (113)	3		7	1
474	2021-07-19 03:43:02.773122+03	182	RemainderHistory object (182)	3		12	1
475	2021-07-19 03:43:02.78277+03	180	RemainderHistory object (180)	3		12	1
476	2021-07-19 03:43:11.501933+03	55	RemainderCurrent object (55)	3		13	1
477	2021-07-19 03:43:19.844285+03	159	Delivery object (159)	3		9	1
478	2021-07-19 03:43:19.850088+03	157	Delivery object (157)	3		9	1
479	2021-07-19 03:43:19.852083+03	158	Delivery object (158)	3		9	1
480	2021-07-19 03:43:25.403428+03	116	Document object (116)	3		7	1
481	2021-07-19 03:43:25.411405+03	118	Document object (118)	3		7	1
482	2021-07-19 03:43:25.4134+03	117	Document object (117)	3		7	1
483	2021-07-19 03:46:49.81598+03	185	RemainderHistory object (185)	3		12	1
484	2021-07-19 03:46:49.819848+03	184	RemainderHistory object (184)	3		12	1
485	2021-07-19 03:46:54.389992+03	56	RemainderCurrent object (56)	3		13	1
486	2021-07-19 03:47:01.114123+03	162	Delivery object (162)	3		9	1
487	2021-07-19 03:47:01.122696+03	160	Delivery object (160)	3		9	1
488	2021-07-19 03:47:01.123703+03	161	Delivery object (161)	3		9	1
489	2021-07-19 03:47:05.669887+03	121	Document object (121)	3		7	1
490	2021-07-19 03:47:05.678029+03	119	Document object (119)	3		7	1
491	2021-07-19 03:47:05.679087+03	120	Document object (120)	3		7	1
492	2021-07-19 03:49:22.175127+03	58	RemainderCurrent object (58)	3		13	1
493	2021-07-19 03:49:22.200952+03	57	RemainderCurrent object (57)	3		13	1
494	2021-07-19 03:49:27.078043+03	188	RemainderHistory object (188)	3		12	1
495	2021-07-19 03:49:27.09102+03	189	RemainderHistory object (189)	3		12	1
496	2021-07-19 03:49:27.095008+03	187	RemainderHistory object (187)	3		12	1
497	2021-07-19 03:49:39.152448+03	124	Document object (124)	3		7	1
498	2021-07-19 03:49:39.157375+03	122	Document object (122)	3		7	1
499	2021-07-19 03:49:39.160373+03	123	Document object (123)	3		7	1
500	2021-07-19 03:49:54.727069+03	165	Delivery object (165)	3		9	1
501	2021-07-19 03:49:54.740253+03	163	Delivery object (163)	3		9	1
502	2021-07-19 03:49:54.742253+03	164	Delivery object (164)	3		9	1
503	2021-07-19 03:49:59.872353+03	124	Document object (124)	3		7	1
504	2021-07-19 03:49:59.894326+03	122	Document object (122)	3		7	1
505	2021-07-19 03:49:59.895299+03	123	Document object (123)	3		7	1
506	2021-07-19 03:55:47.715866+03	192	RemainderHistory object (192)	3		12	1
507	2021-07-19 03:55:47.733817+03	193	RemainderHistory object (193)	3		12	1
508	2021-07-19 03:55:47.735812+03	191	RemainderHistory object (191)	3		12	1
509	2021-07-19 03:55:53.524648+03	60	RemainderCurrent object (60)	3		13	1
510	2021-07-19 03:55:53.532627+03	59	RemainderCurrent object (59)	3		13	1
511	2021-07-19 03:55:59.891923+03	168	Delivery object (168)	3		9	1
512	2021-07-19 03:55:59.896358+03	166	Delivery object (166)	3		9	1
513	2021-07-19 03:55:59.897359+03	167	Delivery object (167)	3		9	1
514	2021-07-19 03:56:09.202506+03	127	Document object (127)	3		7	1
515	2021-07-19 03:56:09.21039+03	125	Document object (125)	3		7	1
516	2021-07-19 03:56:09.211426+03	126	Document object (126)	3		7	1
517	2021-07-19 04:14:48.359698+03	197	RemainderHistory object (197)	3		12	1
518	2021-07-19 04:14:48.398276+03	198	RemainderHistory object (198)	3		12	1
519	2021-07-19 04:14:48.402272+03	195	RemainderHistory object (195)	3		12	1
520	2021-07-19 04:14:55.204675+03	62	RemainderCurrent object (62)	3		13	1
521	2021-07-19 04:14:55.208883+03	61	RemainderCurrent object (61)	3		13	1
522	2021-07-19 04:15:03.223255+03	171	Delivery object (171)	3		9	1
523	2021-07-19 04:15:03.242728+03	170	Delivery object (170)	3		9	1
524	2021-07-19 04:15:03.24373+03	169	Delivery object (169)	3		9	1
525	2021-07-19 04:15:08.551213+03	130	Document object (130)	3		7	1
526	2021-07-19 04:15:08.562957+03	129	Document object (129)	3		7	1
527	2021-07-19 04:15:08.564911+03	128	Document object (128)	3		7	1
528	2021-07-21 00:16:50.274359+03	64	RemainderCurrent object (64)	3		13	1
529	2021-07-21 00:16:50.299678+03	63	RemainderCurrent object (63)	3		13	1
530	2021-07-21 00:16:58.076742+03	174	Delivery object (174)	3		9	1
531	2021-07-21 00:16:58.084504+03	172	Delivery object (172)	3		9	1
532	2021-07-21 00:16:58.085506+03	173	Delivery object (173)	3		9	1
533	2021-07-21 00:17:04.524857+03	133	Document object (133)	3		7	1
534	2021-07-21 00:17:04.533388+03	131	Document object (131)	3		7	1
535	2021-07-21 00:17:04.535149+03	132	Document object (132)	3		7	1
536	2021-07-21 00:17:20.301957+03	201	RemainderHistory object (201)	3		12	1
537	2021-07-21 00:17:20.313216+03	202	RemainderHistory object (202)	3		12	1
538	2021-07-21 00:17:20.318217+03	200	RemainderHistory object (200)	3		12	1
539	2021-07-21 00:17:30.912089+03	133	Document object (133)	3		7	1
540	2021-07-21 00:17:30.91608+03	131	Document object (131)	3		7	1
541	2021-07-21 00:17:30.917079+03	132	Document object (132)	3		7	1
542	2021-07-21 00:36:45.037229+03	203	RemainderHistory object (203)	3		12	1
543	2021-07-21 00:36:45.044869+03	205	RemainderHistory object (205)	3		12	1
544	2021-07-21 00:36:45.055124+03	206	RemainderHistory object (206)	3		12	1
545	2021-07-21 00:36:51.660368+03	66	RemainderCurrent object (66)	3		13	1
546	2021-07-21 00:36:51.670197+03	65	RemainderCurrent object (65)	3		13	1
547	2021-07-21 00:36:57.275109+03	175	Delivery object (175)	3		9	1
548	2021-07-21 00:36:57.283106+03	177	Delivery object (177)	3		9	1
549	2021-07-21 00:36:57.285107+03	176	Delivery object (176)	3		9	1
550	2021-07-21 00:37:02.708724+03	134	Document object (134)	3		7	1
551	2021-07-21 00:37:02.716278+03	136	Document object (136)	3		7	1
552	2021-07-21 00:37:02.717322+03	135	Document object (135)	3		7	1
553	2021-07-21 00:46:08.300178+03	208	RemainderHistory object (208)	3		12	1
554	2021-07-21 00:46:08.308098+03	207	RemainderHistory object (207)	3		12	1
555	2021-07-21 00:46:08.310094+03	210	RemainderHistory object (210)	3		12	1
556	2021-07-21 00:46:13.622873+03	68	RemainderCurrent object (68)	3		13	1
557	2021-07-21 00:46:13.626227+03	67	RemainderCurrent object (67)	3		13	1
558	2021-07-21 00:46:57.758374+03	179	Delivery object (179)	3		9	1
559	2021-07-21 00:46:57.764614+03	178	Delivery object (178)	3		9	1
560	2021-07-21 00:46:57.766184+03	180	Delivery object (180)	3		9	1
561	2021-07-21 00:47:03.201979+03	138	Document object (138)	3		7	1
562	2021-07-21 00:47:03.20897+03	137	Document object (137)	3		7	1
563	2021-07-21 00:47:03.210964+03	139	Document object (139)	3		7	1
564	2021-07-21 01:37:31.642927+03	219	RemainderHistory object (219)	3		12	1
565	2021-07-21 01:37:31.678352+03	216	RemainderHistory object (216)	3		12	1
566	2021-07-21 01:37:37.709441+03	69	RemainderCurrent object (69)	3		13	1
567	2021-07-21 01:37:43.501073+03	181	Delivery object (181)	3		9	1
568	2021-07-21 01:37:43.508063+03	182	Delivery object (182)	3		9	1
569	2021-07-21 01:37:43.510415+03	183	Delivery object (183)	3		9	1
570	2021-07-21 01:37:49.466426+03	140	Document object (140)	3		7	1
571	2021-07-21 01:37:49.481343+03	141	Document object (141)	3		7	1
572	2021-07-21 01:37:49.486329+03	142	Document object (142)	3		7	1
573	2021-07-21 11:19:04.355884+03	70	RemainderCurrent object (70)	3		13	1
574	2021-07-21 11:34:22.318898+03	238	RemainderHistory object (238)	3		12	1
575	2021-07-21 11:34:22.329323+03	237	RemainderHistory object (237)	3		12	1
576	2021-07-21 11:34:22.33032+03	236	RemainderHistory object (236)	3		12	1
577	2021-07-21 11:34:22.331313+03	246	RemainderHistory object (246)	3		12	1
578	2021-07-21 11:34:22.341146+03	245	RemainderHistory object (245)	3		12	1
579	2021-07-21 11:34:22.342793+03	235	RemainderHistory object (235)	3		12	1
580	2021-07-21 11:34:22.344788+03	234	RemainderHistory object (234)	3		12	1
581	2021-07-21 11:34:27.613661+03	75	RemainderCurrent object (75)	3		13	1
582	2021-07-21 11:34:27.625275+03	74	RemainderCurrent object (74)	3		13	1
583	2021-07-21 11:34:27.626283+03	73	RemainderCurrent object (73)	3		13	1
584	2021-07-21 11:34:27.628276+03	72	RemainderCurrent object (72)	3		13	1
585	2021-07-21 11:34:27.629274+03	71	RemainderCurrent object (71)	3		13	1
586	2021-07-21 11:34:35.242566+03	192	Delivery object (192)	3		9	1
587	2021-07-21 11:34:35.248915+03	191	Delivery object (191)	3		9	1
588	2021-07-21 11:34:35.249927+03	190	Delivery object (190)	3		9	1
589	2021-07-21 11:34:35.250919+03	195	Delivery object (195)	3		9	1
590	2021-07-21 11:34:35.251916+03	194	Delivery object (194)	3		9	1
591	2021-07-21 11:34:35.252914+03	193	Delivery object (193)	3		9	1
592	2021-07-21 11:34:35.254908+03	189	Delivery object (189)	3		9	1
593	2021-07-21 11:34:35.255906+03	188	Delivery object (188)	3		9	1
594	2021-07-21 11:34:35.2579+03	187	Delivery object (187)	3		9	1
595	2021-07-21 11:34:40.59887+03	147	Document object (147)	3		7	1
596	2021-07-21 11:34:40.607143+03	148	Document object (148)	3		7	1
597	2021-07-21 11:34:40.608525+03	146	Document object (146)	3		7	1
598	2021-07-21 11:44:14.737727+03	258	RemainderHistory object (258)	3		12	1
599	2021-07-21 11:44:14.743959+03	257	RemainderHistory object (257)	3		12	1
600	2021-07-21 11:44:14.745636+03	256	RemainderHistory object (256)	3		12	1
601	2021-07-21 11:44:14.746861+03	259	RemainderHistory object (259)	3		12	1
602	2021-07-21 11:44:14.748069+03	249	RemainderHistory object (249)	3		12	1
603	2021-07-21 11:44:14.748594+03	248	RemainderHistory object (248)	3		12	1
604	2021-07-21 11:44:14.750593+03	247	RemainderHistory object (247)	3		12	1
605	2021-07-21 11:44:20.361765+03	82	RemainderCurrent object (82)	3		13	1
606	2021-07-21 11:44:20.367884+03	81	RemainderCurrent object (81)	3		13	1
607	2021-07-21 11:44:20.368942+03	80	RemainderCurrent object (80)	3		13	1
608	2021-07-21 11:44:20.369883+03	79	RemainderCurrent object (79)	3		13	1
609	2021-07-21 11:44:20.370883+03	78	RemainderCurrent object (78)	3		13	1
610	2021-07-21 11:44:20.372875+03	77	RemainderCurrent object (77)	3		13	1
611	2021-07-21 11:44:20.37487+03	76	RemainderCurrent object (76)	3		13	1
612	2021-07-21 11:44:26.725096+03	151	Document object (151)	3		7	1
613	2021-07-21 11:44:26.731551+03	150	Document object (150)	3		7	1
614	2021-07-21 11:44:26.733221+03	149	Document object (149)	3		7	1
615	2021-07-21 11:44:45.483966+03	204	Delivery object (204)	3		9	1
616	2021-07-21 11:44:45.50492+03	203	Delivery object (203)	3		9	1
617	2021-07-21 11:44:45.509896+03	202	Delivery object (202)	3		9	1
618	2021-07-21 11:44:45.516879+03	200	Delivery object (200)	3		9	1
619	2021-07-21 11:44:45.521881+03	201	Delivery object (201)	3		9	1
620	2021-07-21 11:44:45.526862+03	198	Delivery object (198)	3		9	1
621	2021-07-21 11:44:45.530849+03	197	Delivery object (197)	3		9	1
622	2021-07-21 11:44:45.535826+03	196	Delivery object (196)	3		9	1
623	2021-07-21 11:44:52.456222+03	151	Document object (151)	3		7	1
624	2021-07-21 11:44:52.464275+03	150	Document object (150)	3		7	1
625	2021-07-21 11:44:52.465814+03	149	Document object (149)	3		7	1
626	2021-07-21 11:54:39.06639+03	284	RemainderHistory object (284)	2	[{"changed": {"fields": ["Category", "Pre remainder"]}}]	12	1
627	2021-07-21 12:02:04.018001+03	286	RemainderHistory object (286)	3		12	1
628	2021-07-21 12:02:04.033185+03	285	RemainderHistory object (285)	3		12	1
629	2021-07-21 12:02:04.035615+03	284	RemainderHistory object (284)	3		12	1
630	2021-07-21 12:02:04.037156+03	298	RemainderHistory object (298)	3		12	1
631	2021-07-21 12:02:04.038158+03	297	RemainderHistory object (297)	3		12	1
632	2021-07-21 12:02:04.039154+03	296	RemainderHistory object (296)	3		12	1
633	2021-07-21 12:02:04.041097+03	295	RemainderHistory object (295)	3		12	1
634	2021-07-21 12:02:04.042098+03	294	RemainderHistory object (294)	3		12	1
635	2021-07-21 12:02:04.043095+03	293	RemainderHistory object (293)	3		12	1
636	2021-07-21 12:02:09.695467+03	91	RemainderCurrent object (91)	3		13	1
637	2021-07-21 12:02:09.709249+03	90	RemainderCurrent object (90)	3		13	1
638	2021-07-21 12:02:09.711145+03	89	RemainderCurrent object (89)	3		13	1
639	2021-07-21 12:02:09.713286+03	88	RemainderCurrent object (88)	3		13	1
640	2021-07-21 12:02:09.714935+03	87	RemainderCurrent object (87)	3		13	1
641	2021-07-21 12:02:09.716574+03	86	RemainderCurrent object (86)	3		13	1
642	2021-07-21 12:02:09.718574+03	85	RemainderCurrent object (85)	3		13	1
643	2021-07-21 12:02:09.719982+03	84	RemainderCurrent object (84)	3		13	1
644	2021-07-21 12:02:09.720984+03	83	RemainderCurrent object (83)	3		13	1
645	2021-07-21 12:02:18.110184+03	207	Delivery object (207)	3		9	1
646	2021-07-21 12:02:18.118162+03	206	Delivery object (206)	3		9	1
647	2021-07-21 12:02:18.120157+03	205	Delivery object (205)	3		9	1
648	2021-07-21 12:02:18.122154+03	210	Delivery object (210)	3		9	1
649	2021-07-21 12:02:18.125142+03	209	Delivery object (209)	3		9	1
650	2021-07-21 12:02:18.127137+03	208	Delivery object (208)	3		9	1
651	2021-07-21 12:02:18.12933+03	213	Delivery object (213)	3		9	1
652	2021-07-21 12:02:18.13114+03	212	Delivery object (212)	3		9	1
653	2021-07-21 12:02:18.133135+03	211	Delivery object (211)	3		9	1
654	2021-07-21 12:02:26.639435+03	152	Document object (152)	3		7	1
655	2021-07-21 12:02:26.646398+03	153	Document object (153)	3		7	1
656	2021-07-21 12:02:26.647399+03	154	Document object (154)	3		7	1
657	2021-07-21 12:05:01.307449+03	2	Перемещение ТМЦ	1	[{"added": {}}]	18	1
658	2021-07-21 12:05:11.792526+03	3	Продажа ТМЦ	1	[{"added": {}}]	18	1
659	2021-07-21 12:31:38.89117+03	301	RemainderHistory object (301)	3		12	1
660	2021-07-21 12:31:38.894177+03	300	RemainderHistory object (300)	3		12	1
661	2021-07-21 12:31:38.896156+03	299	RemainderHistory object (299)	3		12	1
662	2021-07-21 12:31:44.744597+03	93	RemainderCurrent object (93)	3		13	1
663	2021-07-21 12:31:44.751607+03	92	RemainderCurrent object (92)	3		13	1
664	2021-07-21 12:31:53.115028+03	220	Register object (220)	3		14	1
665	2021-07-21 12:31:58.137026+03	160	Identifier object (160)	3		8	1
666	2021-07-21 12:33:00.120714+03	214	Delivery object (214)	3		9	1
667	2021-07-21 12:33:06.748247+03	156	Document object (156)	3		7	1
668	2021-07-21 12:33:06.757997+03	155	Document object (155)	3		7	1
669	2021-07-21 12:33:21.360568+03	1	Transfer object (1)	3		11	1
670	2021-07-21 12:33:26.833683+03	156	Document object (156)	3		7	1
671	2021-07-21 12:33:26.838143+03	155	Document object (155)	3		7	1
672	2021-07-21 12:43:13.516748+03	4	Transfer object (4)	3		11	1
673	2021-07-21 12:43:13.521732+03	3	Transfer object (3)	3		11	1
674	2021-07-21 12:43:13.523727+03	2	Transfer object (2)	3		11	1
675	2021-07-21 12:43:20.253796+03	305	RemainderHistory object (305)	3		12	1
676	2021-07-21 12:43:20.258767+03	304	RemainderHistory object (304)	3		12	1
677	2021-07-21 12:43:20.260675+03	303	RemainderHistory object (303)	3		12	1
678	2021-07-21 12:43:20.261857+03	302	RemainderHistory object (302)	3		12	1
679	2021-07-21 12:43:25.308069+03	95	RemainderCurrent object (95)	3		13	1
680	2021-07-21 12:43:25.313065+03	94	RemainderCurrent object (94)	3		13	1
681	2021-07-21 12:43:32.043725+03	165	Identifier object (165)	3		8	1
682	2021-07-21 12:43:32.04751+03	163	Identifier object (163)	3		8	1
683	2021-07-21 12:43:48.726358+03	224	Register object (224)	3		14	1
684	2021-07-21 12:43:48.730464+03	223	Register object (223)	3		14	1
685	2021-07-21 12:43:53.365669+03	165	Identifier object (165)	3		8	1
686	2021-07-21 12:43:53.37265+03	163	Identifier object (163)	3		8	1
687	2021-07-21 12:43:58.986436+03	215	Delivery object (215)	3		9	1
688	2021-07-21 12:44:04.531076+03	160	Document object (160)	3		7	1
689	2021-07-21 12:44:04.537897+03	159	Document object (159)	3		7	1
690	2021-07-21 12:44:04.539551+03	158	Document object (158)	3		7	1
691	2021-07-21 12:44:04.540588+03	157	Document object (157)	3		7	1
692	2021-07-21 12:49:45.352343+03	6	Transfer object (6)	3		11	1
693	2021-07-21 12:49:45.356648+03	5	Transfer object (5)	3		11	1
694	2021-07-21 12:49:50.55446+03	308	RemainderHistory object (308)	3		12	1
695	2021-07-21 12:49:50.558177+03	307	RemainderHistory object (307)	3		12	1
696	2021-07-21 12:49:50.559215+03	306	RemainderHistory object (306)	3		12	1
697	2021-07-21 12:49:55.676397+03	97	RemainderCurrent object (97)	3		13	1
698	2021-07-21 12:49:55.680254+03	96	RemainderCurrent object (96)	3		13	1
699	2021-07-21 12:50:04.594848+03	216	Delivery object (216)	3		9	1
700	2021-07-21 12:50:09.492963+03	163	Document object (163)	3		7	1
701	2021-07-21 12:50:09.495953+03	162	Document object (162)	3		7	1
702	2021-07-21 12:50:09.497948+03	161	Document object (161)	3		7	1
703	2021-07-21 12:53:16.357687+03	8	Transfer object (8)	3		11	1
704	2021-07-21 12:53:16.360915+03	7	Transfer object (7)	3		11	1
705	2021-07-21 12:53:22.703042+03	311	RemainderHistory object (311)	3		12	1
706	2021-07-21 12:53:22.708032+03	310	RemainderHistory object (310)	3		12	1
707	2021-07-21 12:53:22.70903+03	309	RemainderHistory object (309)	3		12	1
708	2021-07-21 12:53:28.798174+03	99	RemainderCurrent object (99)	3		13	1
709	2021-07-21 12:53:28.801115+03	98	RemainderCurrent object (98)	3		13	1
710	2021-07-21 12:53:36.391505+03	217	Delivery object (217)	3		9	1
711	2021-07-21 12:53:41.37357+03	166	Document object (166)	3		7	1
712	2021-07-21 12:53:41.378263+03	165	Document object (165)	3		7	1
713	2021-07-21 12:53:41.379771+03	164	Document object (164)	3		7	1
714	2021-07-21 12:59:39.219439+03	318	RemainderHistory object (318)	3		12	1
715	2021-07-21 12:59:39.227465+03	317	RemainderHistory object (317)	3		12	1
716	2021-07-21 12:59:39.229412+03	316	RemainderHistory object (316)	3		12	1
717	2021-07-21 12:59:39.232404+03	315	RemainderHistory object (315)	3		12	1
718	2021-07-21 12:59:39.235396+03	314	RemainderHistory object (314)	3		12	1
719	2021-07-21 12:59:39.23739+03	313	RemainderHistory object (313)	3		12	1
720	2021-07-21 12:59:39.239384+03	312	RemainderHistory object (312)	3		12	1
721	2021-07-21 12:59:45.951006+03	11	Transfer object (11)	3		11	1
722	2021-07-21 12:59:45.955034+03	10	Transfer object (10)	3		11	1
723	2021-07-21 12:59:45.956033+03	9	Transfer object (9)	3		11	1
724	2021-07-21 12:59:51.267655+03	102	RemainderCurrent object (102)	3		13	1
725	2021-07-21 12:59:51.272538+03	101	RemainderCurrent object (101)	3		13	1
726	2021-07-21 12:59:51.274371+03	100	RemainderCurrent object (100)	3		13	1
727	2021-07-21 12:59:59.163797+03	230	Register object (230)	3		14	1
728	2021-07-21 13:00:04.06694+03	171	Identifier object (171)	3		8	1
729	2021-07-21 13:00:09.689875+03	218	Delivery object (218)	3		9	1
730	2021-07-21 13:00:14.832131+03	170	Document object (170)	3		7	1
731	2021-07-21 13:00:14.837117+03	169	Document object (169)	3		7	1
732	2021-07-21 13:00:14.839047+03	168	Document object (168)	3		7	1
733	2021-07-21 13:00:14.840141+03	167	Document object (167)	3		7	1
734	2021-07-21 18:06:32.212551+03	14	Transfer object (14)	3		11	1
735	2021-07-21 18:06:32.240684+03	13	Transfer object (13)	3		11	1
736	2021-07-21 18:06:32.246731+03	12	Transfer object (12)	3		11	1
737	2021-07-21 18:06:38.126005+03	337	RemainderHistory object (337)	3		12	1
738	2021-07-21 18:06:38.133969+03	336	RemainderHistory object (336)	3		12	1
739	2021-07-21 18:06:38.13497+03	323	RemainderHistory object (323)	3		12	1
740	2021-07-21 18:06:38.136962+03	333	RemainderHistory object (333)	3		12	1
741	2021-07-21 18:06:38.138957+03	320	RemainderHistory object (320)	3		12	1
742	2021-07-21 18:06:38.141951+03	327	RemainderHistory object (327)	3		12	1
743	2021-07-21 18:06:38.143943+03	326	RemainderHistory object (326)	3		12	1
744	2021-07-21 18:06:48.757534+03	105	RemainderCurrent object (105)	3		13	1
745	2021-07-21 18:06:48.763647+03	104	RemainderCurrent object (104)	3		13	1
746	2021-07-21 18:06:48.764964+03	103	RemainderCurrent object (103)	3		13	1
747	2021-07-21 18:07:01.296472+03	219	Delivery object (219)	3		9	1
748	2021-07-21 18:07:06.961829+03	174	Document object (174)	3		7	1
749	2021-07-21 18:07:06.964844+03	173	Document object (173)	3		7	1
750	2021-07-21 18:07:06.966797+03	172	Document object (172)	3		7	1
751	2021-07-21 18:07:06.968442+03	171	Document object (171)	3		7	1
752	2021-07-21 18:38:13.33992+03	15	Transfer object (15)	3		11	1
753	2021-07-21 18:38:21.359005+03	344	RemainderHistory object (344)	3		12	1
754	2021-07-21 18:38:21.367981+03	343	RemainderHistory object (343)	3		12	1
755	2021-07-21 18:38:21.369979+03	338	RemainderHistory object (338)	3		12	1
756	2021-07-21 18:38:41.806954+03	107	RemainderCurrent object (107)	3		13	1
757	2021-07-21 18:38:41.814548+03	106	RemainderCurrent object (106)	3		13	1
758	2021-07-21 18:38:49.055143+03	220	Delivery object (220)	3		9	1
759	2021-07-21 18:38:56.550305+03	176	Document object (176)	3		7	1
760	2021-07-21 18:38:56.554294+03	175	Document object (175)	3		7	1
761	2021-07-21 18:57:28.335667+03	351	RemainderHistory object (351)	3		12	1
762	2021-07-21 18:57:28.345384+03	350	RemainderHistory object (350)	3		12	1
763	2021-07-21 18:57:28.346402+03	349	RemainderHistory object (349)	3		12	1
764	2021-07-21 18:57:28.356119+03	348	RemainderHistory object (348)	3		12	1
765	2021-07-21 18:57:28.358222+03	345	RemainderHistory object (345)	3		12	1
766	2021-07-21 18:57:34.815194+03	16	Transfer object (16)	3		11	1
767	2021-07-21 18:57:40.932636+03	109	RemainderCurrent object (109)	3		13	1
768	2021-07-21 18:57:40.938626+03	108	RemainderCurrent object (108)	3		13	1
769	2021-07-21 18:57:54.44992+03	221	Delivery object (221)	3		9	1
770	2021-07-21 18:58:02.597654+03	178	Document object (178)	3		7	1
771	2021-07-21 18:58:02.605689+03	177	Document object (177)	3		7	1
772	2021-07-22 01:05:14.504423+03	17	Transfer object (17)	3		11	1
773	2021-07-22 01:05:22.500215+03	382	RemainderHistory object (382)	3		12	1
774	2021-07-22 01:05:22.513171+03	381	RemainderHistory object (381)	3		12	1
775	2021-07-22 01:05:22.520159+03	380	RemainderHistory object (380)	3		12	1
776	2021-07-22 01:05:22.523158+03	379	RemainderHistory object (379)	3		12	1
777	2021-07-22 01:05:22.529134+03	378	RemainderHistory object (378)	3		12	1
778	2021-07-22 01:05:22.533124+03	377	RemainderHistory object (377)	3		12	1
779	2021-07-22 01:05:22.53611+03	376	RemainderHistory object (376)	3		12	1
780	2021-07-22 01:05:22.54011+03	375	RemainderHistory object (375)	3		12	1
781	2021-07-22 01:05:22.5441+03	374	RemainderHistory object (374)	3		12	1
782	2021-07-22 01:05:22.547082+03	373	RemainderHistory object (373)	3		12	1
783	2021-07-22 01:05:22.550116+03	372	RemainderHistory object (372)	3		12	1
784	2021-07-22 01:05:22.552067+03	371	RemainderHistory object (371)	3		12	1
785	2021-07-22 01:05:22.555064+03	370	RemainderHistory object (370)	3		12	1
786	2021-07-22 01:05:22.557059+03	369	RemainderHistory object (369)	3		12	1
787	2021-07-22 01:05:22.560046+03	368	RemainderHistory object (368)	3		12	1
788	2021-07-22 01:05:22.562041+03	367	RemainderHistory object (367)	3		12	1
789	2021-07-22 01:05:22.564036+03	352	RemainderHistory object (352)	3		12	1
790	2021-07-22 01:05:29.138055+03	111	RemainderCurrent object (111)	3		13	1
791	2021-07-22 01:05:29.156157+03	110	RemainderCurrent object (110)	3		13	1
792	2021-07-22 01:05:37.813227+03	222	Delivery object (222)	3		9	1
793	2021-07-22 01:05:46.854633+03	180	Document object (180)	3		7	1
794	2021-07-22 01:05:46.864603+03	179	Document object (179)	3		7	1
795	2021-07-22 01:10:54.999804+03	18	Transfer object (18)	3		11	1
796	2021-07-22 01:11:01.302111+03	388	RemainderHistory object (388)	3		12	1
797	2021-07-22 01:11:01.308086+03	387	RemainderHistory object (387)	3		12	1
798	2021-07-22 01:11:01.309639+03	386	RemainderHistory object (386)	3		12	1
799	2021-07-22 01:11:01.310878+03	383	RemainderHistory object (383)	3		12	1
800	2021-07-22 01:11:16.516648+03	223	Delivery object (223)	3		9	1
801	2021-07-22 01:11:22.272725+03	182	Document object (182)	3		7	1
802	2021-07-22 01:11:22.278737+03	181	Document object (181)	3		7	1
803	2021-07-22 01:12:41.240438+03	19	Transfer object (19)	3		11	1
804	2021-07-22 01:12:49.20266+03	391	RemainderHistory object (391)	3		12	1
805	2021-07-22 01:12:49.208607+03	390	RemainderHistory object (390)	3		12	1
806	2021-07-22 01:12:49.210662+03	389	RemainderHistory object (389)	3		12	1
807	2021-07-22 01:12:54.146416+03	113	RemainderCurrent object (113)	3		13	1
808	2021-07-22 01:12:54.155673+03	112	RemainderCurrent object (112)	3		13	1
809	2021-07-22 01:13:00.983143+03	224	Delivery object (224)	3		9	1
810	2021-07-22 01:13:06.259739+03	184	Document object (184)	3		7	1
811	2021-07-22 01:13:06.268712+03	183	Document object (183)	3		7	1
812	2021-07-22 01:18:12.330709+03	20	Transfer object (20)	3		11	1
813	2021-07-22 01:18:22.01566+03	393	RemainderHistory object (393)	3		12	1
814	2021-07-22 01:18:22.022592+03	396	RemainderHistory object (396)	3		12	1
815	2021-07-22 01:18:22.024502+03	395	RemainderHistory object (395)	3		12	1
816	2021-07-22 01:18:28.318719+03	115	RemainderCurrent object (115)	3		13	1
817	2021-07-22 01:18:28.324604+03	114	RemainderCurrent object (114)	3		13	1
818	2021-07-22 01:18:36.481881+03	186	Document object (186)	3		7	1
819	2021-07-22 01:18:36.490185+03	185	Document object (185)	3		7	1
820	2021-07-22 01:18:46.741797+03	225	Delivery object (225)	3		9	1
821	2021-07-22 01:18:52.084121+03	186	Document object (186)	3		7	1
822	2021-07-22 01:18:52.089876+03	185	Document object (185)	3		7	1
823	2021-07-23 01:52:52.136567+03	21	Transfer object (21)	3		11	1
824	2021-07-23 01:52:58.372426+03	403	RemainderHistory object (403)	3		12	1
825	2021-07-23 01:52:58.37603+03	402	RemainderHistory object (402)	3		12	1
826	2021-07-23 01:52:58.377339+03	401	RemainderHistory object (401)	3		12	1
827	2021-07-23 01:52:58.378361+03	400	RemainderHistory object (400)	3		12	1
828	2021-07-23 01:52:58.379681+03	397	RemainderHistory object (397)	3		12	1
829	2021-07-23 01:53:04.071575+03	117	RemainderCurrent object (117)	3		13	1
830	2021-07-23 01:53:04.076561+03	116	RemainderCurrent object (116)	3		13	1
831	2021-07-23 01:53:12.289534+03	226	Delivery object (226)	3		9	1
832	2021-07-23 01:53:17.928804+03	188	Document object (188)	3		7	1
833	2021-07-23 01:53:17.938629+03	187	Document object (187)	3		7	1
834	2021-07-23 02:11:54.126194+03	22	Transfer object (22)	3		11	1
835	2021-07-23 02:12:00.062474+03	119	RemainderCurrent object (119)	3		13	1
836	2021-07-23 02:12:00.07354+03	118	RemainderCurrent object (118)	3		13	1
837	2021-07-23 02:12:08.146248+03	227	Delivery object (227)	3		9	1
838	2021-07-23 02:12:14.390697+03	190	Document object (190)	3		7	1
839	2021-07-23 02:12:14.407182+03	189	Document object (189)	3		7	1
840	2021-07-23 02:12:31.470509+03	410	RemainderHistory object (410)	3		12	1
841	2021-07-23 02:12:31.482925+03	409	RemainderHistory object (409)	3		12	1
842	2021-07-23 02:12:31.484945+03	408	RemainderHistory object (408)	3		12	1
843	2021-07-23 02:12:31.486246+03	407	RemainderHistory object (407)	3		12	1
844	2021-07-23 02:12:31.487697+03	404	RemainderHistory object (404)	3		12	1
845	2021-07-23 02:12:37.983994+03	190	Document object (190)	3		7	1
846	2021-07-23 02:12:38.002592+03	189	Document object (189)	3		7	1
847	2021-07-23 02:15:07.870143+03	23	Transfer object (23)	3		11	1
848	2021-07-23 02:15:32.336634+03	413	RemainderHistory object (413)	3		12	1
849	2021-07-23 02:15:32.34162+03	412	RemainderHistory object (412)	3		12	1
850	2021-07-23 02:15:32.342617+03	411	RemainderHistory object (411)	3		12	1
851	2021-07-23 02:15:40.205078+03	121	RemainderCurrent object (121)	3		13	1
852	2021-07-23 02:15:40.216977+03	120	RemainderCurrent object (120)	3		13	1
853	2021-07-23 02:15:48.012421+03	228	Delivery object (228)	3		9	1
854	2021-07-23 02:15:53.038766+03	192	Document object (192)	3		7	1
855	2021-07-23 02:15:53.050888+03	191	Document object (191)	3		7	1
856	2021-07-23 02:30:58.094298+03	444	RemainderHistory object (444)	3		12	1
857	2021-07-23 02:30:58.099568+03	443	RemainderHistory object (443)	3		12	1
858	2021-07-23 02:30:58.101205+03	442	RemainderHistory object (442)	3		12	1
859	2021-07-23 02:30:58.102698+03	441	RemainderHistory object (441)	3		12	1
860	2021-07-23 02:30:58.104208+03	440	RemainderHistory object (440)	3		12	1
861	2021-07-23 02:30:58.105687+03	439	RemainderHistory object (439)	3		12	1
862	2021-07-23 02:30:58.107686+03	438	RemainderHistory object (438)	3		12	1
863	2021-07-23 02:30:58.10968+03	437	RemainderHistory object (437)	3		12	1
864	2021-07-23 02:30:58.111685+03	436	RemainderHistory object (436)	3		12	1
865	2021-07-23 02:30:58.113669+03	435	RemainderHistory object (435)	3		12	1
866	2021-07-23 02:30:58.115323+03	434	RemainderHistory object (434)	3		12	1
867	2021-07-23 02:30:58.11671+03	433	RemainderHistory object (433)	3		12	1
868	2021-07-23 02:30:58.117356+03	432	RemainderHistory object (432)	3		12	1
869	2021-07-23 02:30:58.119355+03	431	RemainderHistory object (431)	3		12	1
870	2021-07-23 02:30:58.120632+03	430	RemainderHistory object (430)	3		12	1
871	2021-07-23 02:30:58.121749+03	429	RemainderHistory object (429)	3		12	1
872	2021-07-23 02:30:58.122752+03	414	RemainderHistory object (414)	3		12	1
873	2021-07-23 02:31:10.580199+03	123	RemainderCurrent object (123)	3		13	1
874	2021-07-23 02:31:10.585189+03	122	RemainderCurrent object (122)	3		13	1
875	2021-07-23 02:31:18.691479+03	24	Transfer object (24)	3		11	1
876	2021-07-23 02:31:40.815715+03	229	Delivery object (229)	3		9	1
877	2021-07-23 02:31:51.304759+03	194	Document object (194)	3		7	1
878	2021-07-23 02:31:51.310846+03	193	Document object (193)	3		7	1
879	2021-07-23 02:37:17.029738+03	25	Transfer object (25)	3		11	1
880	2021-07-23 02:37:25.317671+03	450	RemainderHistory object (450)	3		12	1
881	2021-07-23 02:37:25.327221+03	448	RemainderHistory object (448)	3		12	1
882	2021-07-23 02:37:25.329259+03	445	RemainderHistory object (445)	3		12	1
883	2021-07-23 02:37:32.957614+03	125	RemainderCurrent object (125)	3		13	1
884	2021-07-23 02:37:32.968267+03	124	RemainderCurrent object (124)	3		13	1
885	2021-07-23 02:37:41.974695+03	230	Delivery object (230)	3		9	1
886	2021-07-23 02:37:47.716653+03	196	Document object (196)	3		7	1
887	2021-07-23 02:37:47.721638+03	195	Document object (195)	3		7	1
888	2021-07-23 02:39:39.602271+03	455	RemainderHistory object (455)	3		12	1
889	2021-07-23 02:39:39.608254+03	454	RemainderHistory object (454)	3		12	1
890	2021-07-23 02:39:47.139469+03	198	Document object (198)	3		7	1
891	2021-07-23 02:39:57.727979+03	26	Transfer object (26)	3		11	1
892	2021-07-23 02:40:04.494584+03	198	Document object (198)	3		7	1
893	2021-07-23 02:44:00.698028+03	457	RemainderHistory object (457)	3		12	1
894	2021-07-23 02:44:00.708047+03	456	RemainderHistory object (456)	3		12	1
895	2021-07-23 02:44:00.710364+03	461	RemainderHistory object (461)	3		12	1
896	2021-07-23 02:44:00.720608+03	460	RemainderHistory object (460)	3		12	1
897	2021-07-23 02:44:00.722609+03	459	RemainderHistory object (459)	3		12	1
898	2021-07-23 02:44:00.724602+03	458	RemainderHistory object (458)	3		12	1
899	2021-07-23 02:44:10.747571+03	127	RemainderCurrent object (127)	3		13	1
900	2021-07-23 02:44:39.118143+03	126	RemainderCurrent object (126)	2	[{"changed": {"fields": ["Current remainder", "Av price", "Total av price", "Retail price"]}}]	13	1
901	2021-07-23 02:44:55.356584+03	199	Document object (199)	3		7	1
902	2021-07-23 02:45:06.132298+03	27	Transfer object (27)	3		11	1
903	2021-07-23 02:45:15.404984+03	197	Document object (197)	3		7	1
904	2021-07-23 02:49:49.357157+03	199	Document object (199)	3		7	1
905	2021-07-23 02:53:46.37915+03	28	Transfer object (28)	3		11	1
906	2021-07-23 02:54:02.914509+03	463	RemainderHistory object (463)	3		12	1
907	2021-07-23 02:54:02.917988+03	465	RemainderHistory object (465)	3		12	1
908	2021-07-23 02:54:02.919287+03	464	RemainderHistory object (464)	3		12	1
909	2021-07-23 02:54:02.920513+03	451	RemainderHistory object (451)	3		12	1
910	2021-07-23 02:54:09.989212+03	128	RemainderCurrent object (128)	3		13	1
911	2021-07-23 02:54:09.995188+03	126	RemainderCurrent object (126)	3		13	1
912	2021-07-23 02:54:18.24276+03	231	Delivery object (231)	3		9	1
913	2021-07-23 02:54:23.787769+03	200	Document object (200)	3		7	1
914	2021-07-23 02:54:23.790597+03	197	Document object (197)	3		7	1
915	2021-07-23 03:00:50.074099+03	473	RemainderHistory object (473)	3		12	1
916	2021-07-23 03:00:50.089064+03	472	RemainderHistory object (472)	3		12	1
917	2021-07-23 03:00:50.094044+03	471	RemainderHistory object (471)	3		12	1
918	2021-07-23 03:00:50.101077+03	470	RemainderHistory object (470)	3		12	1
919	2021-07-23 03:00:50.106021+03	466	RemainderHistory object (466)	3		12	1
920	2021-07-23 03:00:55.116449+03	130	RemainderCurrent object (130)	3		13	1
921	2021-07-23 03:00:55.119736+03	129	RemainderCurrent object (129)	3		13	1
922	2021-07-23 03:01:02.641345+03	29	Transfer object (29)	3		11	1
923	2021-07-23 03:01:10.193917+03	232	Delivery object (232)	3		9	1
924	2021-07-23 03:01:15.046267+03	202	Document object (202)	3		7	1
925	2021-07-23 03:01:15.056814+03	201	Document object (201)	3		7	1
926	2021-07-23 03:07:03.875115+03	480	RemainderHistory object (480)	3		12	1
927	2021-07-23 03:07:03.889969+03	479	RemainderHistory object (479)	3		12	1
928	2021-07-23 03:07:03.893957+03	478	RemainderHistory object (478)	3		12	1
929	2021-07-23 03:07:03.898947+03	477	RemainderHistory object (477)	3		12	1
930	2021-07-23 03:07:03.902953+03	474	RemainderHistory object (474)	3		12	1
931	2021-07-23 03:07:27.390086+03	30	Transfer object (30)	3		11	1
932	2021-07-23 03:07:36.795587+03	132	RemainderCurrent object (132)	3		13	1
933	2021-07-23 03:07:36.799576+03	131	RemainderCurrent object (131)	3		13	1
934	2021-07-23 03:07:46.152192+03	233	Delivery object (233)	3		9	1
935	2021-07-23 03:07:51.829983+03	204	Document object (204)	3		7	1
936	2021-07-23 03:07:51.836843+03	203	Document object (203)	3		7	1
937	2021-07-23 03:11:21.450914+03	483	RemainderHistory object (483)	3		12	1
938	2021-07-23 03:11:21.458166+03	485	RemainderHistory object (485)	3		12	1
939	2021-07-23 03:11:21.459777+03	481	RemainderHistory object (481)	3		12	1
940	2021-07-23 03:11:29.696737+03	31	Transfer object (31)	3		11	1
941	2021-07-23 03:11:37.834981+03	134	RemainderCurrent object (134)	3		13	1
942	2021-07-23 03:11:37.841308+03	133	RemainderCurrent object (133)	3		13	1
943	2021-07-23 03:11:44.894839+03	234	Delivery object (234)	3		9	1
944	2021-07-23 03:11:49.699743+03	206	Document object (206)	3		7	1
945	2021-07-23 03:11:49.711043+03	205	Document object (205)	3		7	1
946	2021-07-23 03:25:53.478007+03	32	Transfer object (32)	3		11	1
947	2021-07-23 03:26:00.221138+03	494	RemainderHistory object (494)	3		12	1
948	2021-07-23 03:26:00.228083+03	493	RemainderHistory object (493)	3		12	1
949	2021-07-23 03:26:00.229093+03	486	RemainderHistory object (486)	3		12	1
950	2021-07-23 03:26:16.41016+03	136	RemainderCurrent object (136)	3		13	1
951	2021-07-23 03:26:16.416634+03	135	RemainderCurrent object (135)	3		13	1
952	2021-07-23 03:26:23.592111+03	235	Delivery object (235)	3		9	1
953	2021-07-23 03:26:34.099974+03	207	Document object (207)	3		7	1
954	2021-07-23 03:26:34.110942+03	208	Document object (208)	3		7	1
955	2021-07-23 03:35:08.881551+03	502	RemainderHistory object (502)	3		12	1
956	2021-07-23 03:35:18.244937+03	33	Transfer object (33)	3		11	1
957	2021-07-23 03:35:26.44508+03	138	RemainderCurrent object (138)	3		13	1
958	2021-07-23 03:35:34.193073+03	210	Document object (210)	3		7	1
959	2021-07-23 03:37:57.576693+03	34	Transfer object (34)	3		11	1
960	2021-07-23 03:38:05.951352+03	507	RemainderHistory object (507)	3		12	1
961	2021-07-23 03:38:15.227715+03	139	RemainderCurrent object (139)	3		13	1
962	2021-07-23 03:38:27.273797+03	137	RemainderCurrent object (137)	2	[{"changed": {"fields": ["Current remainder", "Total av price"]}}]	13	1
963	2021-07-23 03:38:37.305572+03	211	Document object (211)	3		7	1
964	2021-07-23 03:40:03.485507+03	35	Transfer object (35)	3		11	1
965	2021-07-23 03:40:19.550784+03	511	RemainderHistory object (511)	3		12	1
966	2021-07-23 03:40:37.498677+03	212	Document object (212)	3		7	1
967	2021-07-23 03:40:46.508226+03	140	RemainderCurrent object (140)	3		13	1
968	2021-07-23 03:40:55.764518+03	137	RemainderCurrent object (137)	2	[{"changed": {"fields": ["Current remainder", "Total av price"]}}]	13	1
969	2021-07-24 11:47:16.192236+03	38	Transfer object (38)	3		11	1
970	2021-07-24 11:47:16.201862+03	37	Transfer object (37)	3		11	1
971	2021-07-24 11:47:16.204422+03	36	Transfer object (36)	3		11	1
972	2021-07-24 11:47:22.576926+03	541	RemainderHistory object (541)	3		12	1
973	2021-07-24 11:47:22.585828+03	540	RemainderHistory object (540)	3		12	1
974	2021-07-24 11:47:22.587572+03	527	RemainderHistory object (527)	3		12	1
975	2021-07-24 11:47:22.588614+03	526	RemainderHistory object (526)	3		12	1
976	2021-07-24 11:47:22.591292+03	523	RemainderHistory object (523)	3		12	1
977	2021-07-24 11:47:22.592742+03	539	RemainderHistory object (539)	3		12	1
978	2021-07-24 11:47:22.59378+03	538	RemainderHistory object (538)	3		12	1
979	2021-07-24 11:47:22.595117+03	520	RemainderHistory object (520)	3		12	1
980	2021-07-24 11:47:28.369069+03	142	RemainderCurrent object (142)	3		13	1
981	2021-07-24 11:47:28.375611+03	141	RemainderCurrent object (141)	3		13	1
982	2021-07-24 11:47:28.376609+03	137	RemainderCurrent object (137)	3		13	1
983	2021-07-24 11:47:36.495452+03	237	Delivery object (237)	3		9	1
984	2021-07-24 11:47:36.508249+03	236	Delivery object (236)	3		9	1
985	2021-07-24 11:47:41.643921+03	216	Document object (216)	3		7	1
986	2021-07-24 11:47:41.64819+03	215	Document object (215)	3		7	1
987	2021-07-24 11:47:41.64956+03	214	Document object (214)	3		7	1
988	2021-07-24 11:47:41.65082+03	213	Document object (213)	3		7	1
989	2021-07-24 11:47:41.651932+03	209	Document object (209)	3		7	1
990	2021-07-24 11:54:35.934558+03	40	Transfer object (40)	3		11	1
991	2021-07-24 11:54:35.946617+03	39	Transfer object (39)	3		11	1
992	2021-07-24 11:54:42.149496+03	546	RemainderHistory object (546)	3		12	1
993	2021-07-24 11:54:42.155479+03	545	RemainderHistory object (545)	3		12	1
994	2021-07-24 11:54:42.157474+03	548	RemainderHistory object (548)	3		12	1
995	2021-07-24 11:54:42.159469+03	547	RemainderHistory object (547)	3		12	1
996	2021-07-24 11:54:42.161463+03	542	RemainderHistory object (542)	3		12	1
997	2021-07-24 11:54:47.338315+03	145	RemainderCurrent object (145)	3		13	1
998	2021-07-24 11:54:47.348092+03	144	RemainderCurrent object (144)	3		13	1
999	2021-07-24 11:54:47.349466+03	143	RemainderCurrent object (143)	3		13	1
1000	2021-07-24 11:55:01.404247+03	238	Delivery object (238)	3		9	1
1001	2021-07-24 11:55:06.515653+03	219	Document object (219)	3		7	1
1002	2021-07-24 11:55:06.526004+03	218	Document object (218)	3		7	1
1003	2021-07-24 11:55:06.527908+03	217	Document object (217)	3		7	1
1004	2021-07-24 11:58:25.171034+03	41	Transfer object (41)	3		11	1
1005	2021-07-24 11:58:30.375602+03	553	RemainderHistory object (553)	3		12	1
1006	2021-07-24 11:58:30.379592+03	552	RemainderHistory object (552)	3		12	1
1007	2021-07-24 11:58:30.380589+03	549	RemainderHistory object (549)	3		12	1
1008	2021-07-24 11:58:35.966283+03	147	RemainderCurrent object (147)	3		13	1
1009	2021-07-24 11:58:35.971306+03	146	RemainderCurrent object (146)	3		13	1
1010	2021-07-24 11:58:42.255272+03	239	Delivery object (239)	3		9	1
1011	2021-07-24 11:58:46.646315+03	221	Document object (221)	3		7	1
1012	2021-07-24 11:58:46.657684+03	220	Document object (220)	3		7	1
1013	2021-07-25 11:27:47.025363+03	47	Transfer object (47)	3		11	1
1014	2021-07-25 11:27:47.035971+03	46	Transfer object (46)	3		11	1
1015	2021-07-25 11:27:47.037898+03	45	Transfer object (45)	3		11	1
1016	2021-07-25 11:27:47.039119+03	44	Transfer object (44)	3		11	1
1017	2021-07-25 11:27:47.040336+03	43	Transfer object (43)	3		11	1
1018	2021-07-25 11:27:47.041445+03	42	Transfer object (42)	3		11	1
1019	2021-07-25 11:27:55.010555+03	567	RemainderHistory object (567)	3		12	1
1020	2021-07-25 11:27:55.019529+03	566	RemainderHistory object (566)	3		12	1
1021	2021-07-25 11:27:55.02252+03	565	RemainderHistory object (565)	3		12	1
1022	2021-07-25 11:27:55.024517+03	564	RemainderHistory object (564)	3		12	1
1023	2021-07-25 11:27:55.026511+03	561	RemainderHistory object (561)	3		12	1
1024	2021-07-25 11:27:55.027506+03	560	RemainderHistory object (560)	3		12	1
1025	2021-07-25 11:27:55.029501+03	559	RemainderHistory object (559)	3		12	1
1026	2021-07-25 11:27:55.031496+03	558	RemainderHistory object (558)	3		12	1
1027	2021-07-25 11:27:55.033492+03	557	RemainderHistory object (557)	3		12	1
1028	2021-07-25 11:27:55.035486+03	554	RemainderHistory object (554)	3		12	1
1029	2021-07-25 11:28:18.471756+03	150	RemainderCurrent object (150)	3		13	1
1030	2021-07-25 11:28:18.484617+03	149	RemainderCurrent object (149)	3		13	1
1031	2021-07-25 11:28:18.488618+03	148	RemainderCurrent object (148)	3		13	1
1032	2021-07-25 11:28:28.937964+03	240	Delivery object (240)	3		9	1
1033	2021-07-25 11:28:34.40004+03	228	Document object (228)	3		7	1
1034	2021-07-25 11:28:34.406675+03	227	Document object (227)	3		7	1
1035	2021-07-25 11:28:34.408371+03	226	Document object (226)	3		7	1
1036	2021-07-25 11:28:34.409408+03	225	Document object (225)	3		7	1
1037	2021-07-25 11:28:34.411366+03	224	Document object (224)	3		7	1
1038	2021-07-25 11:28:34.413363+03	223	Document object (223)	3		7	1
1039	2021-07-25 11:28:34.414913+03	222	Document object (222)	3		7	1
1040	2021-07-25 11:31:17.258083+03	241	Delivery object (241)	3		9	1
1041	2021-07-25 11:31:26.41719+03	288	Register object (288)	3		14	1
1042	2021-07-25 11:31:32.44854+03	231	Identifier object (231)	3		8	1
1043	2021-07-25 11:31:32.454562+03	224	Identifier object (224)	3		8	1
1044	2021-07-25 11:31:38.349512+03	151	RemainderCurrent object (151)	3		13	1
1045	2021-07-25 11:31:43.946028+03	568	RemainderHistory object (568)	3		12	1
1046	2021-07-25 11:31:54.638848+03	229	Document object (229)	3		7	1
1047	2021-07-25 12:23:03.876211+03	48	Transfer object (48)	3		11	1
1048	2021-07-25 12:23:10.941036+03	571	RemainderHistory object (571)	3		12	1
1049	2021-07-25 12:23:10.954604+03	570	RemainderHistory object (570)	3		12	1
1050	2021-07-25 12:23:10.956522+03	580	RemainderHistory object (580)	3		12	1
1051	2021-07-25 12:23:24.634+03	153	RemainderCurrent object (153)	3		13	1
1052	2021-07-25 12:23:24.640355+03	152	RemainderCurrent object (152)	3		13	1
1053	2021-07-25 12:23:34.256591+03	242	Delivery object (242)	3		9	1
1054	2021-07-25 12:23:39.893877+03	231	Document object (231)	3		7	1
1055	2021-07-25 12:23:39.897101+03	230	Document object (230)	3		7	1
1056	2021-07-25 13:26:43.347342+03	50	Transfer object (50)	3		11	1
1057	2021-07-25 13:26:43.355319+03	49	Transfer object (49)	3		11	1
1058	2021-07-25 13:26:49.310966+03	585	RemainderHistory object (585)	3		12	1
1059	2021-07-25 13:26:49.318324+03	584	RemainderHistory object (584)	3		12	1
1060	2021-07-25 13:26:49.320359+03	592	RemainderHistory object (592)	3		12	1
1061	2021-07-25 13:26:49.32212+03	591	RemainderHistory object (591)	3		12	1
1062	2021-07-25 13:26:49.323849+03	586	RemainderHistory object (586)	3		12	1
1063	2021-07-25 13:26:54.786515+03	156	RemainderCurrent object (156)	3		13	1
1064	2021-07-25 13:26:54.79726+03	155	RemainderCurrent object (155)	3		13	1
1065	2021-07-25 13:26:54.798261+03	154	RemainderCurrent object (154)	3		13	1
1066	2021-07-25 13:27:03.593691+03	243	Delivery object (243)	3		9	1
1067	2021-07-25 13:27:09.390091+03	234	Document object (234)	3		7	1
1068	2021-07-25 13:27:09.397761+03	233	Document object (233)	3		7	1
1069	2021-07-25 13:27:09.398821+03	232	Document object (232)	3		7	1
1070	2021-07-25 13:59:17.967292+03	52	Transfer object (52)	3		11	1
1071	2021-07-25 13:59:17.974703+03	51	Transfer object (51)	3		11	1
1072	2021-07-25 13:59:23.545931+03	597	RemainderHistory object (597)	3		12	1
1073	2021-07-25 13:59:23.555005+03	596	RemainderHistory object (596)	3		12	1
1074	2021-07-25 13:59:23.555594+03	604	RemainderHistory object (604)	3		12	1
1075	2021-07-25 13:59:23.557595+03	603	RemainderHistory object (603)	3		12	1
1076	2021-07-25 13:59:23.558776+03	593	RemainderHistory object (593)	3		12	1
1077	2021-07-25 13:59:23.560028+03	602	RemainderHistory object (602)	3		12	1
1078	2021-07-25 13:59:28.912432+03	159	RemainderCurrent object (159)	3		13	1
1079	2021-07-25 13:59:28.92719+03	158	RemainderCurrent object (158)	3		13	1
1080	2021-07-25 13:59:28.929345+03	157	RemainderCurrent object (157)	3		13	1
1081	2021-07-25 13:59:36.391399+03	244	Delivery object (244)	3		9	1
1082	2021-07-25 13:59:36.399658+03	245	Delivery object (245)	3		9	1
1083	2021-07-25 13:59:42.113406+03	237	Document object (237)	3		7	1
1084	2021-07-25 13:59:42.124278+03	236	Document object (236)	3		7	1
1085	2021-07-25 13:59:42.126048+03	235	Document object (235)	3		7	1
1086	2021-07-25 13:59:42.127046+03	238	Document object (238)	3		7	1
1087	2021-07-25 14:02:15.981935+03	53	Transfer object (53)	3		11	1
1088	2021-07-25 14:02:22.816222+03	607	RemainderHistory object (607)	3		12	1
1089	2021-07-25 14:02:22.829474+03	606	RemainderHistory object (606)	3		12	1
1090	2021-07-25 14:02:22.831104+03	605	RemainderHistory object (605)	3		12	1
1091	2021-07-25 14:02:22.832112+03	609	RemainderHistory object (609)	3		12	1
1092	2021-07-25 14:02:22.834101+03	608	RemainderHistory object (608)	3		12	1
1093	2021-07-25 14:02:28.156816+03	161	RemainderCurrent object (161)	3		13	1
1094	2021-07-25 14:02:28.168782+03	160	RemainderCurrent object (160)	3		13	1
1095	2021-07-25 14:02:37.013848+03	305	Register object (305)	3		14	1
1096	2021-07-25 14:02:43.181+03	248	Identifier object (248)	3		8	1
1097	2021-07-25 14:02:50.101572+03	246	Delivery object (246)	3		9	1
1098	2021-07-25 14:02:50.112864+03	248	Delivery object (248)	3		9	1
1099	2021-07-25 14:02:50.118853+03	247	Delivery object (247)	3		9	1
1100	2021-07-25 14:02:56.707702+03	240	Document object (240)	3		7	1
1101	2021-07-25 14:02:56.717088+03	239	Document object (239)	3		7	1
1102	2021-07-25 14:02:56.718611+03	242	Document object (242)	3		7	1
1103	2021-07-25 14:02:56.720199+03	241	Document object (241)	3		7	1
1104	2021-07-25 14:04:43.045481+03	54	Transfer object (54)	3		11	1
1105	2021-07-25 14:04:48.768438+03	612	RemainderHistory object (612)	3		12	1
1106	2021-07-25 14:04:48.777385+03	611	RemainderHistory object (611)	3		12	1
1107	2021-07-25 14:04:48.779383+03	610	RemainderHistory object (610)	3		12	1
1108	2021-07-25 14:04:48.780666+03	613	RemainderHistory object (613)	3		12	1
1109	2021-07-25 14:04:53.753086+03	163	RemainderCurrent object (163)	3		13	1
1110	2021-07-25 14:04:53.76051+03	162	RemainderCurrent object (162)	3		13	1
1111	2021-07-25 14:04:59.595317+03	308	Register object (308)	3		14	1
1112	2021-07-25 14:05:05.584477+03	251	Identifier object (251)	3		8	1
1113	2021-07-25 14:05:10.255522+03	244	Document object (244)	3		7	1
1114	2021-07-25 14:05:10.258772+03	243	Document object (243)	3		7	1
1115	2021-07-25 14:05:10.260766+03	245	Document object (245)	3		7	1
1116	2021-07-25 14:05:22.937035+03	249	Delivery object (249)	3		9	1
1117	2021-07-25 14:05:22.944937+03	250	Delivery object (250)	3		9	1
1118	2021-07-25 14:05:29.098819+03	244	Document object (244)	3		7	1
1119	2021-07-25 14:05:29.108835+03	243	Document object (243)	3		7	1
1120	2021-07-25 14:05:29.109895+03	245	Document object (245)	3		7	1
1121	2021-07-25 14:07:59.357511+03	55	Transfer object (55)	3		11	1
1122	2021-07-25 14:08:04.786635+03	616	RemainderHistory object (616)	3		12	1
1123	2021-07-25 14:08:04.789646+03	615	RemainderHistory object (615)	3		12	1
1124	2021-07-25 14:08:04.791852+03	614	RemainderHistory object (614)	3		12	1
1125	2021-07-25 14:08:04.793121+03	618	RemainderHistory object (618)	3		12	1
1126	2021-07-25 14:08:04.794123+03	617	RemainderHistory object (617)	3		12	1
1127	2021-07-25 14:08:04.795156+03	620	RemainderHistory object (620)	3		12	1
1128	2021-07-25 14:08:04.797115+03	619	RemainderHistory object (619)	3		12	1
1129	2021-07-25 14:08:09.968893+03	165	RemainderCurrent object (165)	3		13	1
1130	2021-07-25 14:08:09.974903+03	164	RemainderCurrent object (164)	3		13	1
1131	2021-07-25 14:08:19.028081+03	311	Register object (311)	3		14	1
1132	2021-07-25 14:08:23.842051+03	254	Identifier object (254)	3		8	1
1133	2021-07-25 14:08:28.447889+03	247	Document object (247)	3		7	1
1134	2021-07-25 14:08:28.45916+03	246	Document object (246)	3		7	1
1135	2021-07-25 14:08:28.460902+03	249	Document object (249)	3		7	1
1136	2021-07-25 14:08:28.461906+03	248	Document object (248)	3		7	1
1137	2021-07-25 14:08:28.463482+03	251	Document object (251)	3		7	1
1138	2021-07-25 14:08:28.46452+03	250	Document object (250)	3		7	1
1139	2021-07-25 14:08:37.471108+03	251	Delivery object (251)	3		9	1
1140	2021-07-25 14:08:37.476095+03	253	Delivery object (253)	3		9	1
1141	2021-07-25 14:08:37.47809+03	252	Delivery object (252)	3		9	1
1142	2021-07-25 14:08:37.479087+03	255	Delivery object (255)	3		9	1
1143	2021-07-25 14:08:37.481082+03	254	Delivery object (254)	3		9	1
1144	2021-07-25 14:08:42.345057+03	247	Document object (247)	3		7	1
1145	2021-07-25 14:08:42.352947+03	246	Document object (246)	3		7	1
1146	2021-07-25 14:08:42.354255+03	249	Document object (249)	3		7	1
1147	2021-07-25 14:08:42.355386+03	248	Document object (248)	3		7	1
1148	2021-07-25 14:08:42.356477+03	251	Document object (251)	3		7	1
1149	2021-07-25 14:08:42.357479+03	250	Document object (250)	3		7	1
1150	2021-07-25 14:25:53.928264+03	56	Transfer object (56)	3		11	1
1151	2021-07-25 14:25:59.980353+03	626	RemainderHistory object (626)	3		12	1
1152	2021-07-25 14:25:59.986297+03	625	RemainderHistory object (625)	3		12	1
1153	2021-07-25 14:25:59.987294+03	621	RemainderHistory object (621)	3		12	1
1154	2021-07-25 14:25:59.988331+03	624	RemainderHistory object (624)	3		12	1
1155	2021-07-25 14:26:05.378351+03	167	RemainderCurrent object (167)	3		13	1
1156	2021-07-25 14:26:05.393235+03	166	RemainderCurrent object (166)	3		13	1
1157	2021-07-25 14:26:14.53481+03	253	Document object (253)	3		7	1
1158	2021-07-25 14:26:14.556971+03	252	Document object (252)	3		7	1
1159	2021-07-25 14:26:14.560967+03	254	Document object (254)	3		7	1
1160	2021-07-25 14:26:32.728746+03	256	Delivery object (256)	3		9	1
1161	2021-07-25 14:26:32.73786+03	257	Delivery object (257)	3		9	1
1162	2021-07-25 14:26:37.640726+03	253	Document object (253)	3		7	1
1163	2021-07-25 14:26:37.646238+03	252	Document object (252)	3		7	1
1164	2021-07-25 14:26:37.647902+03	254	Document object (254)	3		7	1
1165	2021-07-25 15:29:04.745606+03	634	RemainderHistory object (634)	3		12	1
1166	2021-07-25 15:29:04.758777+03	633	RemainderHistory object (633)	3		12	1
1167	2021-07-25 15:29:04.761884+03	632	RemainderHistory object (632)	3		12	1
1168	2021-07-25 15:29:04.764929+03	631	RemainderHistory object (631)	3		12	1
1169	2021-07-25 15:29:04.767876+03	627	RemainderHistory object (627)	3		12	1
1170	2021-07-25 15:29:04.770868+03	630	RemainderHistory object (630)	3		12	1
1171	2021-07-25 15:29:15.398965+03	169	RemainderCurrent object (169)	3		13	1
1172	2021-07-25 15:29:15.414923+03	168	RemainderCurrent object (168)	3		13	1
1173	2021-07-25 15:29:21.331175+03	58	Transfer object (58)	3		11	1
1174	2021-07-25 15:29:21.342151+03	57	Transfer object (57)	3		11	1
1175	2021-07-25 15:29:31.984548+03	258	Delivery object (258)	3		9	1
1176	2021-07-25 15:29:31.989939+03	259	Delivery object (259)	3		9	1
1177	2021-07-25 15:29:39.182211+03	258	Document object (258)	3		7	1
1178	2021-07-25 15:29:39.18823+03	256	Document object (256)	3		7	1
1179	2021-07-25 15:29:39.190188+03	255	Document object (255)	3		7	1
1180	2021-07-25 15:29:39.191186+03	257	Document object (257)	3		7	1
1181	2021-07-25 15:31:32.413844+03	170	RemainderCurrent object (170)	3		13	1
1182	2021-07-25 15:31:41.060779+03	320	Register object (320)	3		14	1
1183	2021-07-25 15:31:45.996034+03	263	Identifier object (263)	3		8	1
1184	2021-07-25 15:31:51.676591+03	259	Document object (259)	3		7	1
1185	2021-07-25 15:33:48.556894+03	636	RemainderHistory object (636)	3		12	1
1186	2021-07-25 15:33:48.564049+03	635	RemainderHistory object (635)	3		12	1
1187	2021-07-25 15:33:54.041303+03	171	RemainderCurrent object (171)	3		13	1
1188	2021-07-25 15:34:01.391013+03	261	Delivery object (261)	3		9	1
1189	2021-07-25 15:34:01.397801+03	260	Delivery object (260)	3		9	1
1190	2021-07-25 15:34:06.088755+03	1	AveragePriceCurrent object (1)	3		28	1
1191	2021-07-25 15:34:12.388389+03	261	Document object (261)	3		7	1
1192	2021-07-25 15:34:12.397708+03	260	Document object (260)	3		7	1
1193	2021-07-25 16:15:38.287873+03	639	RemainderHistory object (639)	3		12	1
1194	2021-07-25 16:15:38.299659+03	638	RemainderHistory object (638)	3		12	1
1195	2021-07-25 16:15:38.308677+03	637	RemainderHistory object (637)	3		12	1
1196	2021-07-25 16:15:43.640375+03	172	RemainderCurrent object (172)	3		13	1
1197	2021-07-25 16:15:50.476583+03	264	Document object (264)	3		7	1
1198	2021-07-25 16:15:50.48271+03	263	Document object (263)	3		7	1
1199	2021-07-25 16:15:50.484716+03	262	Document object (262)	3		7	1
1200	2021-07-25 16:16:01.942854+03	264	Delivery object (264)	3		9	1
1201	2021-07-25 16:16:01.946054+03	263	Delivery object (263)	3		9	1
1202	2021-07-25 16:16:01.949044+03	262	Delivery object (262)	3		9	1
1203	2021-07-25 16:16:07.73915+03	2	AveragePriceCurrent object (2)	3		28	1
1204	2021-07-25 16:16:13.013595+03	264	Document object (264)	3		7	1
1205	2021-07-25 16:16:13.019237+03	263	Document object (263)	3		7	1
1206	2021-07-25 16:16:13.021206+03	262	Document object (262)	3		7	1
1207	2021-07-25 16:17:54.864885+03	640	RemainderHistory object (640)	3		12	1
1208	2021-07-25 16:18:01.30921+03	173	RemainderCurrent object (173)	3		13	1
1209	2021-07-25 16:18:08.433292+03	266	Delivery object (266)	3		9	1
1210	2021-07-25 16:18:08.446745+03	265	Delivery object (265)	3		9	1
1211	2021-07-25 16:18:17.607692+03	266	Document object (266)	3		7	1
1212	2021-07-25 16:18:17.614711+03	265	Document object (265)	3		7	1
1213	2021-07-25 16:20:06.344005+03	641	RemainderHistory object (641)	3		12	1
1214	2021-07-25 16:20:11.16009+03	174	RemainderCurrent object (174)	3		13	1
1215	2021-07-25 16:20:23.050094+03	267	Delivery object (267)	3		9	1
1216	2021-07-25 16:20:31.238107+03	267	Document object (267)	3		7	1
1217	2021-07-25 16:23:04.303211+03	644	RemainderHistory object (644)	3		12	1
1218	2021-07-25 16:23:04.317373+03	643	RemainderHistory object (643)	3		12	1
1219	2021-07-25 16:23:04.318069+03	645	RemainderHistory object (645)	3		12	1
1220	2021-07-25 16:23:04.320067+03	642	RemainderHistory object (642)	3		12	1
1221	2021-07-25 16:23:10.084465+03	59	Transfer object (59)	3		11	1
1222	2021-07-25 16:23:20.484992+03	176	RemainderCurrent object (176)	3		13	1
1223	2021-07-25 16:23:20.494036+03	175	RemainderCurrent object (175)	3		13	1
1224	2021-07-25 16:23:28.100835+03	269	Delivery object (269)	3		9	1
1225	2021-07-25 16:23:28.106877+03	268	Delivery object (268)	3		9	1
1226	2021-07-25 16:23:34.526574+03	269	Document object (269)	3		7	1
1227	2021-07-25 16:23:34.535852+03	270	Document object (270)	3		7	1
1228	2021-07-25 16:23:34.537503+03	268	Document object (268)	3		7	1
1229	2021-07-25 16:44:11.868724+03	648	RemainderHistory object (648)	3		12	1
1230	2021-07-25 16:44:11.871717+03	647	RemainderHistory object (647)	3		12	1
1231	2021-07-25 16:44:11.873711+03	646	RemainderHistory object (646)	3		12	1
1232	2021-07-25 16:44:11.874987+03	649	RemainderHistory object (649)	3		12	1
1233	2021-07-25 16:44:19.749228+03	60	Transfer object (60)	3		11	1
1234	2021-07-25 16:44:26.008039+03	178	RemainderCurrent object (178)	3		13	1
1235	2021-07-25 16:44:26.018727+03	177	RemainderCurrent object (177)	3		13	1
1236	2021-07-25 16:44:37.63798+03	276	Identifier object (276)	3		8	1
1237	2021-07-25 16:44:48.099673+03	270	Delivery object (270)	3		9	1
1238	2021-07-25 16:44:48.115988+03	271	Delivery object (271)	3		9	1
1239	2021-07-25 16:44:57.935303+03	272	Document object (272)	3		7	1
1240	2021-07-25 16:44:57.949267+03	271	Document object (271)	3		7	1
1241	2021-07-25 16:44:57.951265+03	273	Document object (273)	3		7	1
1242	2021-07-25 16:58:24.849501+03	652	RemainderHistory object (652)	3		12	1
1243	2021-07-25 16:58:24.855801+03	651	RemainderHistory object (651)	3		12	1
1244	2021-07-25 16:58:24.85802+03	650	RemainderHistory object (650)	3		12	1
1245	2021-07-25 16:58:24.858612+03	653	RemainderHistory object (653)	3		12	1
1246	2021-07-25 16:58:30.014818+03	180	RemainderCurrent object (180)	3		13	1
1247	2021-07-25 16:58:30.018632+03	179	RemainderCurrent object (179)	3		13	1
1248	2021-07-25 16:58:36.588589+03	272	Delivery object (272)	3		9	1
1249	2021-07-25 16:58:36.600624+03	273	Delivery object (273)	3		9	1
1250	2021-07-25 16:58:43.622537+03	275	Document object (275)	3		7	1
1251	2021-07-25 16:58:43.629521+03	274	Document object (274)	3		7	1
1252	2021-07-25 16:58:43.630798+03	276	Document object (276)	3		7	1
1253	2021-07-25 16:59:05.341873+03	61	Transfer object (61)	3		11	1
1254	2021-07-25 16:59:11.589042+03	275	Document object (275)	3		7	1
1255	2021-07-25 16:59:11.595127+03	274	Document object (274)	3		7	1
1256	2021-07-25 16:59:11.596466+03	276	Document object (276)	3		7	1
1257	2021-07-25 17:04:48.582647+03	654	RemainderHistory object (654)	3		12	1
1258	2021-07-25 17:04:48.586639+03	655	RemainderHistory object (655)	3		12	1
1259	2021-07-25 17:04:54.942231+03	181	RemainderCurrent object (181)	3		13	1
1260	2021-07-25 17:05:03.651493+03	274	Delivery object (274)	3		9	1
1261	2021-07-25 17:05:03.662967+03	275	Delivery object (275)	3		9	1
1262	2021-07-25 17:05:08.824865+03	277	Document object (277)	3		7	1
1263	2021-07-25 17:05:08.831891+03	278	Document object (278)	3		7	1
1264	2021-07-25 17:09:43.216999+03	659	RemainderHistory object (659)	3		12	1
1265	2021-07-25 17:09:43.23249+03	658	RemainderHistory object (658)	3		12	1
1266	2021-07-25 17:09:43.237473+03	660	RemainderHistory object (660)	3		12	1
1267	2021-07-25 17:09:43.247476+03	656	RemainderHistory object (656)	3		12	1
1268	2021-07-25 17:09:43.25148+03	657	RemainderHistory object (657)	3		12	1
1269	2021-07-25 17:09:50.381382+03	183	RemainderCurrent object (183)	3		13	1
1270	2021-07-25 17:09:50.388068+03	182	RemainderCurrent object (182)	3		13	1
1271	2021-07-25 17:09:57.704637+03	278	Delivery object (278)	3		9	1
1272	2021-07-25 17:09:57.711134+03	276	Delivery object (276)	3		9	1
1273	2021-07-25 17:09:57.7129+03	277	Delivery object (277)	3		9	1
1274	2021-07-25 17:10:03.233837+03	62	Transfer object (62)	3		11	1
1275	2021-07-25 17:10:08.338799+03	281	Document object (281)	3		7	1
1276	2021-07-25 17:10:08.34349+03	282	Document object (282)	3		7	1
1277	2021-07-25 17:10:08.345489+03	279	Document object (279)	3		7	1
1278	2021-07-25 17:10:08.347484+03	280	Document object (280)	3		7	1
1279	2021-07-25 17:12:40.348781+03	663	RemainderHistory object (663)	3		12	1
1280	2021-07-25 17:12:40.361028+03	662	RemainderHistory object (662)	3		12	1
1281	2021-07-25 17:12:40.370365+03	661	RemainderHistory object (661)	3		12	1
1282	2021-07-25 17:12:40.372021+03	664	RemainderHistory object (664)	3		12	1
1283	2021-07-25 17:12:45.628305+03	185	RemainderCurrent object (185)	3		13	1
1284	2021-07-25 17:12:45.632293+03	184	RemainderCurrent object (184)	3		13	1
1285	2021-07-25 17:12:52.148013+03	63	Transfer object (63)	3		11	1
1286	2021-07-25 17:12:57.931024+03	279	Delivery object (279)	3		9	1
1287	2021-07-25 17:12:57.934832+03	280	Delivery object (280)	3		9	1
1288	2021-07-25 17:13:04.335939+03	284	Document object (284)	3		7	1
1289	2021-07-25 17:13:04.342245+03	283	Document object (283)	3		7	1
1290	2021-07-25 17:13:04.343942+03	285	Document object (285)	3		7	1
1291	2021-07-25 17:35:13.538879+03	281	Delivery object (281)	3		9	1
1292	2021-07-25 17:35:13.549956+03	282	Delivery object (282)	3		9	1
1293	2021-07-25 17:35:13.551951+03	283	Delivery object (283)	3		9	1
1294	2021-07-25 17:35:20.32351+03	287	Document object (287)	3		7	1
1295	2021-07-25 17:35:20.328149+03	286	Document object (286)	3		7	1
1296	2021-07-25 17:35:20.329641+03	288	Document object (288)	3		7	1
1297	2021-07-25 17:35:20.330932+03	289	Document object (289)	3		7	1
1298	2021-07-25 17:35:31.713668+03	64	Transfer object (64)	3		11	1
1299	2021-07-25 17:35:38.739329+03	667	RemainderHistory object (667)	3		12	1
1300	2021-07-25 17:35:38.745312+03	666	RemainderHistory object (666)	3		12	1
1301	2021-07-25 17:35:38.748304+03	665	RemainderHistory object (665)	3		12	1
1302	2021-07-25 17:35:38.749301+03	668	RemainderHistory object (668)	3		12	1
1303	2021-07-25 17:35:38.751299+03	669	RemainderHistory object (669)	3		12	1
1304	2021-07-25 17:35:43.554915+03	187	RemainderCurrent object (187)	3		13	1
1305	2021-07-25 17:35:43.55991+03	186	RemainderCurrent object (186)	3		13	1
1306	2021-07-25 17:35:52.784288+03	287	Document object (287)	3		7	1
1307	2021-07-25 17:35:52.790026+03	286	Document object (286)	3		7	1
1308	2021-07-25 17:35:52.791032+03	288	Document object (288)	3		7	1
1309	2021-07-25 17:35:52.792024+03	289	Document object (289)	3		7	1
1310	2021-07-25 17:37:47.63553+03	65	Transfer object (65)	3		11	1
1311	2021-07-25 17:38:17.37481+03	672	RemainderHistory object (672)	3		12	1
1312	2021-07-25 17:38:17.38676+03	671	RemainderHistory object (671)	3		12	1
1313	2021-07-25 17:38:17.388455+03	670	RemainderHistory object (670)	3		12	1
1314	2021-07-25 17:38:17.390043+03	674	RemainderHistory object (674)	3		12	1
1315	2021-07-25 17:38:24.718536+03	189	RemainderCurrent object (189)	3		13	1
1316	2021-07-25 17:38:24.723816+03	188	RemainderCurrent object (188)	3		13	1
1317	2021-07-25 17:38:31.688537+03	284	Delivery object (284)	3		9	1
1318	2021-07-25 17:38:31.698958+03	285	Delivery object (285)	3		9	1
1319	2021-07-25 17:38:36.938587+03	291	Document object (291)	3		7	1
1320	2021-07-25 17:38:36.950215+03	290	Document object (290)	3		7	1
1321	2021-07-25 17:38:36.952215+03	292	Document object (292)	3		7	1
1322	2021-07-25 18:12:56.235844+03	66	Transfer object (66)	3		11	1
1323	2021-07-25 18:13:03.407881+03	677	RemainderHistory object (677)	3		12	1
1324	2021-07-25 18:13:03.420254+03	676	RemainderHistory object (676)	3		12	1
1325	2021-07-25 18:13:03.422255+03	675	RemainderHistory object (675)	3		12	1
1326	2021-07-25 18:13:03.423393+03	678	RemainderHistory object (678)	3		12	1
1327	2021-07-25 18:13:03.424627+03	679	RemainderHistory object (679)	3		12	1
1328	2021-07-25 18:13:03.425744+03	680	RemainderHistory object (680)	3		12	1
1329	2021-07-25 18:13:03.43762+03	681	RemainderHistory object (681)	3		12	1
1330	2021-07-25 18:13:03.438618+03	682	RemainderHistory object (682)	3		12	1
1331	2021-07-25 18:13:03.439649+03	683	RemainderHistory object (683)	3		12	1
1332	2021-07-25 18:13:03.440615+03	685	RemainderHistory object (685)	3		12	1
1333	2021-07-25 18:13:03.44161+03	684	RemainderHistory object (684)	3		12	1
1334	2021-07-25 18:13:03.443639+03	690	RemainderHistory object (690)	3		12	1
1335	2021-07-25 18:13:03.444605+03	689	RemainderHistory object (689)	3		12	1
1336	2021-07-25 18:13:03.445598+03	688	RemainderHistory object (688)	3		12	1
1337	2021-07-25 18:13:03.446595+03	687	RemainderHistory object (687)	3		12	1
1338	2021-07-25 18:13:03.447593+03	686	RemainderHistory object (686)	3		12	1
1339	2021-07-25 18:13:03.44859+03	691	RemainderHistory object (691)	3		12	1
1340	2021-07-25 18:13:03.449587+03	692	RemainderHistory object (692)	3		12	1
1341	2021-07-25 18:13:03.450584+03	693	RemainderHistory object (693)	3		12	1
1342	2021-07-25 18:13:12.715552+03	191	RemainderCurrent object (191)	3		13	1
1343	2021-07-25 18:13:12.722415+03	190	RemainderCurrent object (190)	3		13	1
1344	2021-07-25 18:13:18.882768+03	363	Register object (363)	3		14	1
1345	2021-07-25 18:13:18.889454+03	362	Register object (362)	3		14	1
1346	2021-07-25 18:13:18.890877+03	361	Register object (361)	3		14	1
1347	2021-07-25 18:13:18.891877+03	360	Register object (360)	3		14	1
1348	2021-07-25 18:13:18.893872+03	355	Register object (355)	3		14	1
1349	2021-07-25 18:13:24.514668+03	307	Identifier object (307)	3		8	1
1350	2021-07-25 18:13:24.51966+03	306	Identifier object (306)	3		8	1
1351	2021-07-25 18:13:24.521656+03	305	Identifier object (305)	3		8	1
1352	2021-07-25 18:13:24.523649+03	304	Identifier object (304)	3		8	1
1353	2021-07-25 18:13:24.526676+03	299	Identifier object (299)	3		8	1
1354	2021-07-25 18:13:31.759329+03	286	Delivery object (286)	3		9	1
1355	2021-07-25 18:13:31.764028+03	287	Delivery object (287)	3		9	1
1356	2021-07-25 18:13:31.76602+03	288	Delivery object (288)	3		9	1
1357	2021-07-25 18:13:31.767271+03	289	Delivery object (289)	3		9	1
1358	2021-07-25 18:13:31.768514+03	290	Delivery object (290)	3		9	1
1359	2021-07-25 18:13:31.76971+03	291	Delivery object (291)	3		9	1
1360	2021-07-25 18:13:31.770237+03	292	Delivery object (292)	3		9	1
1361	2021-07-25 18:13:31.772237+03	294	Delivery object (294)	3		9	1
1362	2021-07-25 18:13:31.773627+03	293	Delivery object (293)	3		9	1
1363	2021-07-25 18:13:31.774628+03	299	Delivery object (299)	3		9	1
1364	2021-07-25 18:13:31.775625+03	298	Delivery object (298)	3		9	1
1365	2021-07-25 18:13:31.776623+03	297	Delivery object (297)	3		9	1
1366	2021-07-25 18:13:31.777622+03	296	Delivery object (296)	3		9	1
1367	2021-07-25 18:13:31.779616+03	295	Delivery object (295)	3		9	1
1368	2021-07-25 18:13:31.780613+03	300	Delivery object (300)	3		9	1
1369	2021-07-25 18:13:31.782607+03	301	Delivery object (301)	3		9	1
1370	2021-07-25 18:13:31.783609+03	302	Delivery object (302)	3		9	1
1371	2021-07-25 18:13:37.882448+03	294	Document object (294)	3		7	1
1372	2021-07-25 18:13:37.889116+03	293	Document object (293)	3		7	1
1373	2021-07-25 18:13:37.890826+03	295	Document object (295)	3		7	1
1374	2021-07-25 18:13:37.891375+03	296	Document object (296)	3		7	1
1375	2021-07-25 18:13:37.893372+03	297	Document object (297)	3		7	1
1376	2021-07-25 18:13:37.89441+03	298	Document object (298)	3		7	1
1377	2021-07-25 18:13:37.89637+03	299	Document object (299)	3		7	1
1378	2021-07-25 18:13:37.89836+03	300	Document object (300)	3		7	1
1379	2021-07-25 18:13:37.900357+03	302	Document object (302)	3		7	1
1380	2021-07-25 18:13:37.900884+03	301	Document object (301)	3		7	1
1381	2021-07-25 18:13:37.901886+03	307	Document object (307)	3		7	1
1382	2021-07-25 18:13:37.902883+03	306	Document object (306)	3		7	1
1383	2021-07-25 18:13:37.90388+03	305	Document object (305)	3		7	1
1384	2021-07-25 18:13:37.905875+03	304	Document object (304)	3		7	1
1385	2021-07-25 18:13:37.906873+03	303	Document object (303)	3		7	1
1386	2021-07-25 18:13:37.908346+03	308	Document object (308)	3		7	1
1387	2021-07-25 18:13:37.909426+03	309	Document object (309)	3		7	1
1388	2021-07-25 18:13:37.910427+03	310	Document object (310)	3		7	1
1389	2021-07-25 18:18:51.090048+03	67	Transfer object (67)	3		11	1
1390	2021-07-25 18:18:57.075419+03	696	RemainderHistory object (696)	3		12	1
1391	2021-07-25 18:18:57.08144+03	695	RemainderHistory object (695)	3		12	1
1392	2021-07-25 18:18:57.083398+03	694	RemainderHistory object (694)	3		12	1
1393	2021-07-25 18:18:57.085393+03	697	RemainderHistory object (697)	3		12	1
1394	2021-07-25 18:18:57.087391+03	699	RemainderHistory object (699)	3		12	1
1395	2021-07-25 18:18:57.088388+03	698	RemainderHistory object (698)	3		12	1
1396	2021-07-25 18:19:01.824123+03	193	RemainderCurrent object (193)	3		13	1
1397	2021-07-25 18:19:01.827495+03	192	RemainderCurrent object (192)	3		13	1
1398	2021-07-25 18:19:10.984832+03	303	Delivery object (303)	3		9	1
1399	2021-07-25 18:19:10.98979+03	304	Delivery object (304)	3		9	1
1400	2021-07-25 18:19:10.990787+03	306	Delivery object (306)	3		9	1
1401	2021-07-25 18:19:10.991785+03	305	Delivery object (305)	3		9	1
1402	2021-07-25 18:19:16.674945+03	312	Document object (312)	3		7	1
1403	2021-07-25 18:19:16.677938+03	311	Document object (311)	3		7	1
1404	2021-07-25 18:19:16.679933+03	313	Document object (313)	3		7	1
1405	2021-07-25 18:19:16.680929+03	315	Document object (315)	3		7	1
1406	2021-07-25 18:19:16.681925+03	314	Document object (314)	3		7	1
1407	2021-07-27 02:01:22.381445+03	68	Transfer object (68)	3		11	1
1408	2021-07-27 02:01:28.113808+03	702	RemainderHistory object (702)	3		12	1
1409	2021-07-27 02:01:28.123989+03	701	RemainderHistory object (701)	3		12	1
1410	2021-07-27 02:01:28.126347+03	700	RemainderHistory object (700)	3		12	1
1411	2021-07-27 02:01:28.127862+03	704	RemainderHistory object (704)	3		12	1
1412	2021-07-27 02:01:28.129316+03	703	RemainderHistory object (703)	3		12	1
1413	2021-07-27 02:01:33.855911+03	195	RemainderCurrent object (195)	3		13	1
1414	2021-07-27 02:01:33.863887+03	194	RemainderCurrent object (194)	3		13	1
1415	2021-07-27 02:01:41.081338+03	307	Delivery object (307)	3		9	1
1416	2021-07-27 02:01:41.094573+03	309	Delivery object (309)	3		9	1
1417	2021-07-27 02:01:41.09585+03	308	Delivery object (308)	3		9	1
1418	2021-07-27 02:01:47.381338+03	317	Document object (317)	3		7	1
1419	2021-07-27 02:01:47.39829+03	316	Document object (316)	3		7	1
1420	2021-07-27 02:01:47.402278+03	319	Document object (319)	3		7	1
1421	2021-07-27 02:01:47.406267+03	318	Document object (318)	3		7	1
1422	2021-07-27 02:09:51.406906+03	71	Transfer object (71)	3		11	1
1423	2021-07-27 02:09:51.413805+03	70	Transfer object (70)	3		11	1
1424	2021-07-27 02:09:51.416796+03	69	Transfer object (69)	3		11	1
1425	2021-07-27 02:09:59.341047+03	711	RemainderHistory object (711)	3		12	1
1426	2021-07-27 02:09:59.346115+03	713	RemainderHistory object (713)	3		12	1
1427	2021-07-27 02:09:59.347435+03	712	RemainderHistory object (712)	3		12	1
1428	2021-07-27 02:09:59.348637+03	710	RemainderHistory object (710)	3		12	1
1429	2021-07-27 02:09:59.349157+03	709	RemainderHistory object (709)	3		12	1
1430	2021-07-27 02:09:59.351155+03	708	RemainderHistory object (708)	3		12	1
1431	2021-07-27 02:09:59.352202+03	707	RemainderHistory object (707)	3		12	1
1432	2021-07-27 02:09:59.353624+03	706	RemainderHistory object (706)	3		12	1
1433	2021-07-27 02:09:59.3548+03	705	RemainderHistory object (705)	3		12	1
1434	2021-07-27 02:10:05.251164+03	198	RemainderCurrent object (198)	3		13	1
1435	2021-07-27 02:10:05.258977+03	197	RemainderCurrent object (197)	3		13	1
1436	2021-07-27 02:10:05.260507+03	196	RemainderCurrent object (196)	3		13	1
1437	2021-07-27 02:10:12.197274+03	312	Delivery object (312)	3		9	1
1438	2021-07-27 02:10:12.205979+03	311	Delivery object (311)	3		9	1
1439	2021-07-27 02:10:12.206988+03	310	Delivery object (310)	3		9	1
1440	2021-07-27 02:10:16.749607+03	324	Document object (324)	3		7	1
1441	2021-07-27 02:10:16.75659+03	325	Document object (325)	3		7	1
1442	2021-07-27 02:10:16.75755+03	323	Document object (323)	3		7	1
1443	2021-07-27 02:10:16.759543+03	322	Document object (322)	3		7	1
1444	2021-07-27 02:10:16.76054+03	321	Document object (321)	3		7	1
1445	2021-07-27 02:10:16.761538+03	320	Document object (320)	3		7	1
1446	2021-07-27 02:28:01.647523+03	74	Transfer object (74)	3		11	1
1447	2021-07-27 02:28:01.653544+03	73	Transfer object (73)	3		11	1
1448	2021-07-27 02:28:01.655499+03	72	Transfer object (72)	3		11	1
1449	2021-07-27 02:28:07.914835+03	724	RemainderHistory object (724)	3		12	1
1450	2021-07-27 02:28:07.926834+03	722	RemainderHistory object (722)	3		12	1
1451	2021-07-27 02:28:07.928794+03	721	RemainderHistory object (721)	3		12	1
1452	2021-07-27 02:28:07.929791+03	723	RemainderHistory object (723)	3		12	1
1453	2021-07-27 02:28:07.931786+03	718	RemainderHistory object (718)	3		12	1
1454	2021-07-27 02:28:07.93378+03	717	RemainderHistory object (717)	3		12	1
1455	2021-07-27 02:28:07.936772+03	716	RemainderHistory object (716)	3		12	1
1456	2021-07-27 02:28:07.944752+03	715	RemainderHistory object (715)	3		12	1
1457	2021-07-27 02:28:07.945753+03	720	RemainderHistory object (720)	3		12	1
1458	2021-07-27 02:28:07.946746+03	714	RemainderHistory object (714)	3		12	1
1459	2021-07-27 02:28:07.94874+03	719	RemainderHistory object (719)	3		12	1
1460	2021-07-27 02:28:12.867158+03	201	RemainderCurrent object (201)	3		13	1
1461	2021-07-27 02:28:12.87575+03	200	RemainderCurrent object (200)	3		13	1
1462	2021-07-27 02:28:12.877749+03	199	RemainderCurrent object (199)	3		13	1
1463	2021-07-27 02:28:19.713226+03	384	Register object (384)	3		14	1
1464	2021-07-27 02:28:24.199748+03	331	Identifier object (331)	3		8	1
1465	2021-07-27 02:28:34.935616+03	332	Document object (332)	3		7	1
1466	2021-07-27 02:28:34.939606+03	331	Document object (331)	3		7	1
1467	2021-07-27 02:28:34.940947+03	330	Document object (330)	3		7	1
1468	2021-07-27 02:28:34.942137+03	326	Document object (326)	3		7	1
1469	2021-07-27 02:28:34.943509+03	329	Document object (329)	3		7	1
1470	2021-07-27 02:28:34.944514+03	333	Document object (333)	3		7	1
1471	2021-07-27 02:28:34.94551+03	328	Document object (328)	3		7	1
1472	2021-07-27 02:28:34.947367+03	327	Document object (327)	3		7	1
1473	2021-07-27 02:28:42.912124+03	317	Delivery object (317)	3		9	1
1474	2021-07-27 02:28:42.918527+03	316	Delivery object (316)	3		9	1
1475	2021-07-27 02:28:42.919566+03	315	Delivery object (315)	3		9	1
1476	2021-07-27 02:28:42.921523+03	313	Delivery object (313)	3		9	1
1477	2021-07-27 02:28:42.922537+03	314	Delivery object (314)	3		9	1
1478	2021-07-27 02:28:49.148041+03	332	Document object (332)	3		7	1
1479	2021-07-27 02:28:49.160012+03	331	Document object (331)	3		7	1
1480	2021-07-27 02:28:49.162012+03	333	Document object (333)	3		7	1
1481	2021-07-27 02:28:49.165005+03	328	Document object (328)	3		7	1
1482	2021-07-27 02:28:49.166924+03	327	Document object (327)	3		7	1
1483	2021-07-27 02:28:49.168819+03	330	Document object (330)	3		7	1
1484	2021-07-27 02:28:49.170546+03	326	Document object (326)	3		7	1
1485	2021-07-27 02:28:49.171548+03	329	Document object (329)	3		7	1
1486	2021-07-27 02:30:09.442953+03	389	Register object (389)	3		14	1
1487	2021-07-27 02:30:15.319363+03	336	Identifier object (336)	3		8	1
1488	2021-07-27 02:40:39.864968+03	78	Transfer object (78)	3		11	1
1489	2021-07-27 02:40:39.872125+03	77	Transfer object (77)	3		11	1
1490	2021-07-27 02:40:39.874001+03	76	Transfer object (76)	3		11	1
1491	2021-07-27 02:40:39.875043+03	75	Transfer object (75)	3		11	1
1492	2021-07-27 02:40:45.934988+03	734	RemainderHistory object (734)	3		12	1
1493	2021-07-27 02:40:45.940278+03	733	RemainderHistory object (733)	3		12	1
1494	2021-07-27 02:40:45.942275+03	732	RemainderHistory object (732)	3		12	1
1495	2021-07-27 02:40:45.94327+03	731	RemainderHistory object (731)	3		12	1
1496	2021-07-27 02:40:45.945265+03	729	RemainderHistory object (729)	3		12	1
1497	2021-07-27 02:40:45.948258+03	728	RemainderHistory object (728)	3		12	1
1498	2021-07-27 02:40:45.951249+03	727	RemainderHistory object (727)	3		12	1
1499	2021-07-27 02:40:45.953244+03	726	RemainderHistory object (726)	3		12	1
1500	2021-07-27 02:40:45.955242+03	730	RemainderHistory object (730)	3		12	1
1501	2021-07-27 02:40:45.957236+03	725	RemainderHistory object (725)	3		12	1
1502	2021-07-27 02:40:51.687828+03	204	RemainderCurrent object (204)	3		13	1
1503	2021-07-27 02:40:51.699935+03	203	RemainderCurrent object (203)	3		13	1
1504	2021-07-27 02:40:51.703952+03	202	RemainderCurrent object (202)	3		13	1
1505	2021-07-27 02:41:00.859481+03	320	Delivery object (320)	3		9	1
1506	2021-07-27 02:41:00.862507+03	319	Delivery object (319)	3		9	1
1507	2021-07-27 02:41:00.865549+03	318	Delivery object (318)	3		9	1
1508	2021-07-27 02:41:06.451357+03	340	Document object (340)	3		7	1
1509	2021-07-27 02:41:06.454574+03	339	Document object (339)	3		7	1
1510	2021-07-27 02:41:06.456565+03	338	Document object (338)	3		7	1
1511	2021-07-27 02:41:06.4576+03	336	Document object (336)	3		7	1
1512	2021-07-27 02:41:06.458563+03	335	Document object (335)	3		7	1
1513	2021-07-27 02:41:06.460555+03	337	Document object (337)	3		7	1
1514	2021-07-27 02:41:06.461554+03	334	Document object (334)	3		7	1
1515	2021-07-27 03:23:27.756646+03	81	Transfer object (81)	3		11	1
1516	2021-07-27 03:23:27.763036+03	80	Transfer object (80)	3		11	1
1517	2021-07-27 03:23:27.764614+03	79	Transfer object (79)	3		11	1
1518	2021-07-27 03:23:34.28382+03	741	RemainderHistory object (741)	3		12	1
1519	2021-07-27 03:23:34.300515+03	740	RemainderHistory object (740)	3		12	1
1520	2021-07-27 03:23:34.303526+03	739	RemainderHistory object (739)	3		12	1
1521	2021-07-27 03:23:34.30551+03	738	RemainderHistory object (738)	3		12	1
1522	2021-07-27 03:23:34.307502+03	737	RemainderHistory object (737)	3		12	1
1523	2021-07-27 03:23:34.311495+03	736	RemainderHistory object (736)	3		12	1
1524	2021-07-27 03:23:34.321176+03	735	RemainderHistory object (735)	3		12	1
1525	2021-07-27 03:23:39.808008+03	206	RemainderCurrent object (206)	3		13	1
1526	2021-07-27 03:23:39.822363+03	205	RemainderCurrent object (205)	3		13	1
1527	2021-07-27 03:23:52.970381+03	322	Delivery object (322)	3		9	1
1528	2021-07-27 03:23:52.980757+03	321	Delivery object (321)	3		9	1
1529	2021-07-27 03:24:00.89567+03	345	Document object (345)	3		7	1
1530	2021-07-27 03:24:00.909178+03	344	Document object (344)	3		7	1
1531	2021-07-27 03:24:00.911178+03	343	Document object (343)	3		7	1
1532	2021-07-27 03:24:00.912652+03	342	Document object (342)	3		7	1
1533	2021-07-27 03:24:00.914162+03	341	Document object (341)	3		7	1
1534	2021-07-27 03:33:47.307542+03	83	Transfer object (83)	3		11	1
1535	2021-07-27 03:33:47.318439+03	82	Transfer object (82)	3		11	1
1536	2021-07-27 03:33:54.340203+03	747	RemainderHistory object (747)	3		12	1
1537	2021-07-27 03:33:54.346184+03	746	RemainderHistory object (746)	3		12	1
1538	2021-07-27 03:33:54.34818+03	745	RemainderHistory object (745)	3		12	1
1539	2021-07-27 03:33:54.350175+03	744	RemainderHistory object (744)	3		12	1
1540	2021-07-27 03:33:54.352168+03	743	RemainderHistory object (743)	3		12	1
1541	2021-07-27 03:33:54.353165+03	742	RemainderHistory object (742)	3		12	1
1542	2021-07-27 03:33:59.876778+03	208	RemainderCurrent object (208)	3		13	1
1543	2021-07-27 03:33:59.885755+03	207	RemainderCurrent object (207)	3		13	1
1544	2021-07-27 03:34:08.171377+03	324	Delivery object (324)	3		9	1
1545	2021-07-27 03:34:08.178379+03	323	Delivery object (323)	3		9	1
1546	2021-07-27 03:34:12.820001+03	349	Document object (349)	3		7	1
1547	2021-07-27 03:34:12.824044+03	348	Document object (348)	3		7	1
1548	2021-07-27 03:34:12.825045+03	347	Document object (347)	3		7	1
1549	2021-07-27 03:34:12.826385+03	346	Document object (346)	3		7	1
1550	2021-07-27 10:51:29.038491+03	86	Transfer object (86)	3		11	1
1551	2021-07-27 10:51:29.060649+03	85	Transfer object (85)	3		11	1
1552	2021-07-27 10:51:29.062637+03	84	Transfer object (84)	3		11	1
1553	2021-07-27 10:51:44.645916+03	755	RemainderHistory object (755)	3		12	1
1554	2021-07-27 10:51:44.655166+03	754	RemainderHistory object (754)	3		12	1
1555	2021-07-27 10:51:44.657051+03	753	RemainderHistory object (753)	3		12	1
1556	2021-07-27 10:51:44.65875+03	752	RemainderHistory object (752)	3		12	1
1557	2021-07-27 10:51:44.660516+03	751	RemainderHistory object (751)	3		12	1
1558	2021-07-27 10:51:44.662558+03	750	RemainderHistory object (750)	3		12	1
1559	2021-07-27 10:51:44.663507+03	749	RemainderHistory object (749)	3		12	1
1560	2021-07-27 10:51:44.665503+03	756	RemainderHistory object (756)	3		12	1
1561	2021-07-27 10:51:44.668022+03	748	RemainderHistory object (748)	3		12	1
1562	2021-07-27 10:51:50.028036+03	211	RemainderCurrent object (211)	3		13	1
1563	2021-07-27 10:51:50.031909+03	210	RemainderCurrent object (210)	3		13	1
1564	2021-07-27 10:51:50.033213+03	209	RemainderCurrent object (209)	3		13	1
1565	2021-07-27 10:51:59.784224+03	326	Delivery object (326)	3		9	1
1566	2021-07-27 10:51:59.794107+03	327	Delivery object (327)	3		9	1
1567	2021-07-27 10:51:59.796106+03	325	Delivery object (325)	3		9	1
1568	2021-07-27 10:52:04.764925+03	354	Document object (354)	3		7	1
1569	2021-07-27 10:52:04.767702+03	353	Document object (353)	3		7	1
1570	2021-07-27 10:52:04.7697+03	352	Document object (352)	3		7	1
1571	2021-07-27 10:52:04.770919+03	351	Document object (351)	3		7	1
1572	2021-07-27 10:52:04.772518+03	355	Document object (355)	3		7	1
1573	2021-07-27 10:52:04.773824+03	350	Document object (350)	3		7	1
1574	2021-07-27 10:54:34.150559+03	757	RemainderHistory object (757)	3		12	1
1575	2021-07-27 10:54:39.237553+03	212	RemainderCurrent object (212)	3		13	1
1576	2021-07-27 10:54:46.245277+03	328	Delivery object (328)	3		9	1
1577	2021-07-27 10:54:54.273896+03	356	Document object (356)	3		7	1
1578	2021-07-27 10:55:55.696526+03	758	RemainderHistory object (758)	3		12	1
1579	2021-07-27 10:56:00.423629+03	213	RemainderCurrent object (213)	3		13	1
1580	2021-07-27 10:56:07.79354+03	329	Delivery object (329)	3		9	1
1581	2021-07-27 10:56:13.135991+03	357	Document object (357)	3		7	1
1582	2021-07-27 11:06:01.198141+03	87	Transfer object (87)	3		11	1
1583	2021-07-27 11:06:07.25314+03	761	RemainderHistory object (761)	3		12	1
1584	2021-07-27 11:06:07.259489+03	760	RemainderHistory object (760)	3		12	1
1585	2021-07-27 11:06:07.261491+03	762	RemainderHistory object (762)	3		12	1
1586	2021-07-27 11:06:07.263485+03	759	RemainderHistory object (759)	3		12	1
1587	2021-07-27 11:06:13.663793+03	215	RemainderCurrent object (215)	3		13	1
1588	2021-07-27 11:06:13.668479+03	214	RemainderCurrent object (214)	3		13	1
1589	2021-07-27 11:06:20.718551+03	332	Delivery object (332)	3		9	1
1590	2021-07-27 11:06:20.730503+03	331	Delivery object (331)	3		9	1
1591	2021-07-27 11:06:20.731505+03	330	Delivery object (330)	3		9	1
1592	2021-07-27 11:06:25.837859+03	359	Document object (359)	3		7	1
1593	2021-07-27 11:06:25.900271+03	361	Document object (361)	3		7	1
1594	2021-07-27 11:06:25.903267+03	360	Document object (360)	3		7	1
1595	2021-07-27 11:06:25.905305+03	358	Document object (358)	3		7	1
1596	2021-07-27 11:19:10.038206+03	89	Transfer object (89)	3		11	1
1597	2021-07-27 11:19:10.050348+03	88	Transfer object (88)	3		11	1
1598	2021-07-27 11:19:16.670359+03	769	RemainderHistory object (769)	3		12	1
1599	2021-07-27 11:19:16.675385+03	768	RemainderHistory object (768)	3		12	1
1600	2021-07-27 11:19:16.676698+03	767	RemainderHistory object (767)	3		12	1
1601	2021-07-27 11:19:16.677697+03	765	RemainderHistory object (765)	3		12	1
1602	2021-07-27 11:19:16.678954+03	764	RemainderHistory object (764)	3		12	1
1603	2021-07-27 11:19:16.680062+03	770	RemainderHistory object (770)	3		12	1
1604	2021-07-27 11:19:16.681048+03	766	RemainderHistory object (766)	3		12	1
1605	2021-07-27 11:19:16.682258+03	763	RemainderHistory object (763)	3		12	1
1606	2021-07-27 11:19:23.601489+03	217	RemainderCurrent object (217)	3		13	1
1607	2021-07-27 11:19:23.609471+03	216	RemainderCurrent object (216)	3		13	1
1608	2021-07-27 11:19:32.167091+03	335	Delivery object (335)	3		9	1
1609	2021-07-27 11:19:32.172077+03	336	Delivery object (336)	3		9	1
1610	2021-07-27 11:19:32.173308+03	334	Delivery object (334)	3		9	1
1611	2021-07-27 11:19:32.174522+03	333	Delivery object (333)	3		9	1
1612	2021-07-27 11:19:43.434045+03	366	Document object (366)	3		7	1
1613	2021-07-27 11:19:43.447209+03	365	Document object (365)	3		7	1
1614	2021-07-27 11:19:43.449605+03	363	Document object (363)	3		7	1
1615	2021-07-27 11:19:43.451834+03	367	Document object (367)	3		7	1
1616	2021-07-27 11:19:43.453745+03	364	Document object (364)	3		7	1
1617	2021-07-27 11:19:43.4559+03	362	Document object (362)	3		7	1
1618	2021-07-27 11:22:21.253799+03	772	RemainderHistory object (772)	3		12	1
1619	2021-07-27 11:22:21.268091+03	773	RemainderHistory object (773)	3		12	1
1620	2021-07-27 11:22:21.269088+03	771	RemainderHistory object (771)	3		12	1
1621	2021-07-27 11:22:35.85519+03	338	Delivery object (338)	3		9	1
1622	2021-07-27 11:22:35.860831+03	339	Delivery object (339)	3		9	1
1623	2021-07-27 11:22:35.862186+03	337	Delivery object (337)	3		9	1
1624	2021-07-27 11:22:41.444283+03	369	Document object (369)	3		7	1
1625	2021-07-27 11:22:41.45671+03	370	Document object (370)	3		7	1
1626	2021-07-27 11:22:41.45808+03	368	Document object (368)	3		7	1
1627	2021-07-27 11:24:34.409439+03	774	RemainderHistory object (774)	3		12	1
1628	2021-07-27 11:24:45.667943+03	219	RemainderCurrent object (219)	3		13	1
1629	2021-07-27 11:24:45.679502+03	218	RemainderCurrent object (218)	3		13	1
1630	2021-07-27 11:24:52.330881+03	426	Register object (426)	3		14	1
1631	2021-07-27 11:24:59.483832+03	376	Identifier object (376)	3		8	1
1632	2021-07-27 11:24:59.491774+03	374	Identifier object (374)	3		8	1
1633	2021-07-27 11:25:04.822357+03	340	Delivery object (340)	3		9	1
1634	2021-07-27 11:25:10.810435+03	371	Document object (371)	3		7	1
1635	2021-07-27 11:34:54.319093+03	91	Transfer object (91)	3		11	1
1636	2021-07-27 11:34:54.325291+03	90	Transfer object (90)	3		11	1
1637	2021-07-27 11:35:00.546407+03	780	RemainderHistory object (780)	3		12	1
1638	2021-07-27 11:35:00.554387+03	779	RemainderHistory object (779)	3		12	1
1639	2021-07-27 11:35:00.555385+03	778	RemainderHistory object (778)	3		12	1
1640	2021-07-27 11:35:00.558375+03	777	RemainderHistory object (777)	3		12	1
1641	2021-07-27 11:35:00.559372+03	776	RemainderHistory object (776)	3		12	1
1642	2021-07-27 11:35:00.561367+03	781	RemainderHistory object (781)	3		12	1
1643	2021-07-27 11:35:00.562365+03	775	RemainderHistory object (775)	3		12	1
1644	2021-07-27 11:35:06.384624+03	221	RemainderCurrent object (221)	3		13	1
1645	2021-07-27 11:35:06.391405+03	220	RemainderCurrent object (220)	3		13	1
1646	2021-07-27 11:35:14.14504+03	375	Document object (375)	3		7	1
1647	2021-07-27 11:35:14.154205+03	374	Document object (374)	3		7	1
1648	2021-07-27 11:35:14.155992+03	373	Document object (373)	3		7	1
1649	2021-07-27 11:35:14.157458+03	376	Document object (376)	3		7	1
1650	2021-07-27 11:35:14.158906+03	372	Document object (372)	3		7	1
1651	2021-07-27 11:35:23.627186+03	342	Delivery object (342)	3		9	1
1652	2021-07-27 11:35:23.637157+03	343	Delivery object (343)	3		9	1
1653	2021-07-27 11:35:23.638156+03	341	Delivery object (341)	3		9	1
1654	2021-07-27 11:35:28.501232+03	375	Document object (375)	3		7	1
1655	2021-07-27 11:35:28.506219+03	374	Document object (374)	3		7	1
1656	2021-07-27 11:35:28.507216+03	373	Document object (373)	3		7	1
1657	2021-07-27 11:35:28.508213+03	376	Document object (376)	3		7	1
1658	2021-07-27 11:35:28.50995+03	372	Document object (372)	3		7	1
1659	2021-07-29 00:12:57.779667+03	93	Transfer object (93)	3		11	1
1660	2021-07-29 00:12:57.824546+03	92	Transfer object (92)	3		11	1
1661	2021-07-29 00:13:04.410575+03	787	RemainderHistory object (787)	3		12	1
1662	2021-07-29 00:13:04.416806+03	786	RemainderHistory object (786)	3		12	1
1663	2021-07-29 00:13:04.417803+03	785	RemainderHistory object (785)	3		12	1
1664	2021-07-29 00:13:04.419797+03	784	RemainderHistory object (784)	3		12	1
1665	2021-07-29 00:13:04.420795+03	783	RemainderHistory object (783)	3		12	1
1666	2021-07-29 00:13:12.529149+03	223	RemainderCurrent object (223)	3		13	1
1667	2021-07-29 00:13:12.537019+03	222	RemainderCurrent object (222)	3		13	1
1668	2021-07-29 00:13:19.77248+03	345	Delivery object (345)	3		9	1
1669	2021-07-29 00:13:24.760578+03	388	Identifier object (388)	3		8	1
1670	2021-07-29 00:13:30.361078+03	380	Document object (380)	3		7	1
1671	2021-07-29 00:13:30.368069+03	379	Document object (379)	3		7	1
1672	2021-07-29 00:13:30.369666+03	378	Document object (378)	3		7	1
1673	2021-07-29 00:50:56.131348+03	95	Transfer object (95)	3		11	1
1674	2021-07-29 00:50:56.140788+03	94	Transfer object (94)	3		11	1
1675	2021-07-29 00:51:02.506305+03	796	RemainderHistory object (796)	3		12	1
1676	2021-07-29 00:51:02.510678+03	795	RemainderHistory object (795)	3		12	1
1677	2021-07-29 00:51:02.512002+03	792	RemainderHistory object (792)	3		12	1
1678	2021-07-29 00:51:02.513084+03	791	RemainderHistory object (791)	3		12	1
1679	2021-07-29 00:51:02.514055+03	790	RemainderHistory object (790)	3		12	1
1680	2021-07-29 00:51:02.515778+03	794	RemainderHistory object (794)	3		12	1
1681	2021-07-29 00:51:02.516339+03	793	RemainderHistory object (793)	3		12	1
1682	2021-07-29 00:51:02.518276+03	798	RemainderHistory object (798)	3		12	1
1683	2021-07-29 00:51:07.095639+03	226	RemainderCurrent object (226)	3		13	1
1684	2021-07-29 00:51:07.10018+03	225	RemainderCurrent object (225)	3		13	1
1685	2021-07-29 00:51:07.101835+03	224	RemainderCurrent object (224)	3		13	1
1686	2021-07-29 00:51:12.158904+03	446	Register object (446)	3		14	1
1687	2021-07-29 00:51:17.380454+03	396	Identifier object (396)	3		8	1
1688	2021-07-29 00:51:28.336986+03	348	Delivery object (348)	3		9	1
1689	2021-07-29 00:51:28.347552+03	350	Delivery object (350)	3		9	1
1690	2021-07-29 00:51:28.34955+03	349	Delivery object (349)	3		9	1
1691	2021-07-29 00:51:28.35161+03	352	Delivery object (352)	3		9	1
1692	2021-07-29 00:51:33.218887+03	387	Document object (387)	3		7	1
1693	2021-07-29 00:51:33.22886+03	384	Document object (384)	3		7	1
1694	2021-07-29 00:51:33.230855+03	383	Document object (383)	3		7	1
1695	2021-07-29 00:51:33.23285+03	386	Document object (386)	3		7	1
1696	2021-07-29 00:51:33.247495+03	385	Document object (385)	3		7	1
1697	2021-07-29 00:51:33.249857+03	389	Document object (389)	3		7	1
1698	2021-07-31 16:25:31.318249+03	98	Transfer object (98)	3		11	1
1699	2021-07-31 16:25:31.350042+03	97	Transfer object (97)	3		11	1
1700	2021-07-31 16:25:31.351441+03	96	Transfer object (96)	3		11	1
1701	2021-07-31 16:25:37.593067+03	832	RemainderHistory object (832)	3		12	1
1702	2021-07-31 16:25:37.73964+03	831	RemainderHistory object (831)	3		12	1
1703	2021-07-31 16:25:37.744126+03	829	RemainderHistory object (829)	3		12	1
1704	2021-07-31 16:25:37.749134+03	828	RemainderHistory object (828)	3		12	1
1705	2021-07-31 16:25:37.75611+03	802	RemainderHistory object (802)	3		12	1
1706	2021-07-31 16:25:37.764087+03	801	RemainderHistory object (801)	3		12	1
1707	2021-07-31 16:25:37.772065+03	800	RemainderHistory object (800)	3		12	1
1708	2021-07-31 16:25:37.777631+03	836	RemainderHistory object (836)	3		12	1
1709	2021-07-31 16:25:42.460502+03	229	RemainderCurrent object (229)	3		13	1
1710	2021-07-31 16:25:42.466479+03	228	RemainderCurrent object (228)	3		13	1
1711	2021-07-31 16:25:42.468477+03	227	RemainderCurrent object (227)	3		13	1
1712	2021-07-31 16:25:47.355992+03	457	Register object (457)	3		14	1
1713	2021-07-31 16:25:51.769998+03	432	Identifier object (432)	3		8	1
1714	2021-07-31 16:25:51.774043+03	431	Identifier object (431)	3		8	1
1715	2021-07-31 16:25:51.775001+03	407	Identifier object (407)	3		8	1
1716	2021-07-31 16:25:56.596314+03	420	Document object (420)	3		7	1
1717	2021-07-31 16:25:56.599561+03	418	Document object (418)	3		7	1
1718	2021-07-31 16:25:56.601761+03	392	Document object (392)	3		7	1
1719	2021-07-31 16:25:56.603767+03	391	Document object (391)	3		7	1
1720	2021-07-31 16:25:56.605261+03	424	Document object (424)	3		7	1
1721	2021-07-31 16:26:07.380354+03	354	Delivery object (354)	3		9	1
1722	2021-07-31 16:26:07.386341+03	384	Delivery object (384)	3		9	1
1723	2021-07-31 16:26:12.367955+03	420	Document object (420)	3		7	1
1724	2021-07-31 16:26:20.423972+03	418	Document object (418)	3		7	1
1725	2021-07-31 16:26:20.434947+03	392	Document object (392)	3		7	1
1726	2021-07-31 16:26:20.436937+03	391	Document object (391)	3		7	1
1727	2021-07-31 16:26:20.437931+03	424	Document object (424)	3		7	1
1728	2021-07-31 16:31:59.118124+03	99	Transfer object (99)	3		11	1
1729	2021-07-31 16:32:04.301108+03	843	RemainderHistory object (843)	3		12	1
1730	2021-07-31 16:32:04.306476+03	845	RemainderHistory object (845)	3		12	1
1731	2021-07-31 16:32:04.307107+03	844	RemainderHistory object (844)	3		12	1
1732	2021-07-31 16:32:04.309118+03	842	RemainderHistory object (842)	3		12	1
1733	2021-07-31 16:32:18.96488+03	489	Register object (489)	3		14	1
1734	2021-07-31 16:32:23.377574+03	441	Identifier object (441)	3		8	1
1735	2021-07-31 16:32:30.697595+03	391	Delivery object (391)	3		9	1
1736	2021-07-31 16:32:30.705348+03	390	Delivery object (390)	3		9	1
1737	2021-07-31 16:32:36.609151+03	431	Document object (431)	3		7	1
1738	2021-07-31 16:32:36.612632+03	432	Document object (432)	3		7	1
1739	2021-07-31 16:32:36.613691+03	430	Document object (430)	3		7	1
1740	2021-07-31 16:38:10.985907+03	100	Transfer object (100)	3		11	1
1741	2021-07-31 16:44:51.298345+03	847	RemainderHistory object (847)	3		12	1
1742	2021-07-31 16:44:51.30562+03	849	RemainderHistory object (849)	3		12	1
1743	2021-07-31 16:44:51.308287+03	848	RemainderHistory object (848)	3		12	1
1744	2021-07-31 16:44:51.309558+03	846	RemainderHistory object (846)	3		12	1
1745	2021-07-31 16:44:57.494808+03	230	RemainderCurrent object (230)	3		13	1
1746	2021-07-31 16:45:11.012077+03	434	Document object (434)	3		7	1
1747	2021-07-31 16:45:11.015893+03	435	Document object (435)	3		7	1
1748	2021-07-31 16:45:11.017717+03	433	Document object (433)	3		7	1
1749	2021-07-31 16:45:19.584596+03	393	Delivery object (393)	3		9	1
1750	2021-07-31 16:45:19.594627+03	392	Delivery object (392)	3		9	1
1751	2021-07-31 16:45:24.343478+03	434	Document object (434)	3		7	1
1752	2021-07-31 16:45:24.354679+03	435	Document object (435)	3		7	1
1753	2021-07-31 16:45:24.364997+03	433	Document object (433)	3		7	1
1754	2021-07-31 17:14:11.17148+03	101	Transfer object (101)	3		11	1
1755	2021-07-31 17:14:17.01792+03	851	RemainderHistory object (851)	3		12	1
1756	2021-07-31 17:14:17.024985+03	853	RemainderHistory object (853)	3		12	1
1757	2021-07-31 17:14:17.026932+03	852	RemainderHistory object (852)	3		12	1
1758	2021-07-31 17:14:17.02924+03	850	RemainderHistory object (850)	3		12	1
1759	2021-07-31 17:14:36.236952+03	395	Delivery object (395)	3		9	1
1760	2021-07-31 17:14:36.244124+03	394	Delivery object (394)	3		9	1
1761	2021-07-31 17:14:41.438678+03	437	Document object (437)	3		7	1
1762	2021-07-31 17:14:41.44216+03	438	Document object (438)	3		7	1
1763	2021-07-31 17:14:41.443466+03	436	Document object (436)	3		7	1
1764	2021-07-31 17:18:30.71166+03	102	Transfer object (102)	3		11	1
1765	2021-07-31 17:18:35.933332+03	855	RemainderHistory object (855)	3		12	1
1766	2021-07-31 17:18:35.948521+03	857	RemainderHistory object (857)	3		12	1
1767	2021-07-31 17:18:35.950071+03	856	RemainderHistory object (856)	3		12	1
1768	2021-07-31 17:18:35.952072+03	854	RemainderHistory object (854)	3		12	1
1769	2021-07-31 17:18:40.500546+03	232	RemainderCurrent object (232)	3		13	1
1770	2021-07-31 17:18:40.507895+03	231	RemainderCurrent object (231)	3		13	1
1771	2021-07-31 17:18:47.123424+03	397	Delivery object (397)	3		9	1
1772	2021-07-31 17:18:47.13013+03	396	Delivery object (396)	3		9	1
1773	2021-07-31 17:18:51.937056+03	440	Document object (440)	3		7	1
1774	2021-07-31 17:18:51.940051+03	441	Document object (441)	3		7	1
1775	2021-07-31 17:18:51.941084+03	439	Document object (439)	3		7	1
1776	2021-07-31 17:21:43.549971+03	103	Transfer object (103)	3		11	1
1777	2021-07-31 17:21:49.232062+03	859	RemainderHistory object (859)	3		12	1
1778	2021-07-31 17:21:49.235758+03	861	RemainderHistory object (861)	3		12	1
1779	2021-07-31 17:21:49.237081+03	860	RemainderHistory object (860)	3		12	1
1780	2021-07-31 17:21:49.238293+03	858	RemainderHistory object (858)	3		12	1
1781	2021-07-31 17:22:01.313738+03	234	RemainderCurrent object (234)	3		13	1
1782	2021-07-31 17:22:01.324816+03	233	RemainderCurrent object (233)	3		13	1
1783	2021-07-31 17:22:10.31094+03	399	Delivery object (399)	3		9	1
1784	2021-07-31 17:22:10.316921+03	398	Delivery object (398)	3		9	1
1785	2021-07-31 17:22:18.643127+03	443	Document object (443)	3		7	1
1786	2021-07-31 17:22:18.657148+03	444	Document object (444)	3		7	1
1787	2021-07-31 17:22:18.660102+03	442	Document object (442)	3		7	1
1788	2021-07-31 17:28:57.83566+03	104	Transfer object (104)	3		11	1
1789	2021-07-31 17:29:03.345539+03	863	RemainderHistory object (863)	3		12	1
1790	2021-07-31 17:29:03.349734+03	865	RemainderHistory object (865)	3		12	1
1791	2021-07-31 17:29:03.350775+03	864	RemainderHistory object (864)	3		12	1
1792	2021-07-31 17:29:03.351732+03	862	RemainderHistory object (862)	3		12	1
1793	2021-07-31 17:29:08.422365+03	236	RemainderCurrent object (236)	3		13	1
1794	2021-07-31 17:29:08.433395+03	235	RemainderCurrent object (235)	3		13	1
1795	2021-07-31 17:29:17.605261+03	401	Delivery object (401)	3		9	1
1796	2021-07-31 17:29:17.6108+03	400	Delivery object (400)	3		9	1
1797	2021-07-31 17:29:23.773409+03	446	Document object (446)	3		7	1
1798	2021-07-31 17:29:23.778396+03	447	Document object (447)	3		7	1
1799	2021-07-31 17:29:23.780391+03	445	Document object (445)	3		7	1
1800	2021-07-31 17:31:38.267265+03	105	Transfer object (105)	3		11	1
1801	2021-07-31 17:31:43.85014+03	869	RemainderHistory object (869)	3		12	1
1802	2021-07-31 17:31:43.86373+03	868	RemainderHistory object (868)	3		12	1
1803	2021-07-31 17:31:43.871707+03	867	RemainderHistory object (867)	3		12	1
1804	2021-07-31 17:31:43.879687+03	866	RemainderHistory object (866)	3		12	1
1805	2021-07-31 17:31:49.250754+03	238	RemainderCurrent object (238)	3		13	1
1806	2021-07-31 17:31:49.261138+03	237	RemainderCurrent object (237)	3		13	1
1807	2021-07-31 17:31:57.633604+03	450	Document object (450)	3		7	1
1808	2021-07-31 17:31:57.641824+03	449	Document object (449)	3		7	1
1809	2021-07-31 17:31:57.642486+03	448	Document object (448)	3		7	1
1810	2021-07-31 17:32:10.917887+03	403	Delivery object (403)	3		9	1
1811	2021-07-31 17:32:10.927271+03	402	Delivery object (402)	3		9	1
1812	2021-07-31 17:32:16.049594+03	450	Document object (450)	3		7	1
1813	2021-07-31 17:32:16.054777+03	449	Document object (449)	3		7	1
1814	2021-07-31 17:32:16.056876+03	448	Document object (448)	3		7	1
1815	2021-07-31 17:42:23.682432+03	107	Transfer object (107)	3		11	1
1816	2021-07-31 17:42:23.688838+03	106	Transfer object (106)	3		11	1
1817	2021-07-31 17:42:29.351262+03	871	RemainderHistory object (871)	3		12	1
1818	2021-07-31 17:42:29.362356+03	875	RemainderHistory object (875)	3		12	1
1819	2021-07-31 17:42:29.363936+03	874	RemainderHistory object (874)	3		12	1
1820	2021-07-31 17:42:29.364978+03	873	RemainderHistory object (873)	3		12	1
1821	2021-07-31 17:42:29.365937+03	872	RemainderHistory object (872)	3		12	1
1822	2021-07-31 17:42:29.366933+03	876	RemainderHistory object (876)	3		12	1
1823	2021-07-31 17:42:29.367931+03	870	RemainderHistory object (870)	3		12	1
1824	2021-07-31 17:42:37.065683+03	240	RemainderCurrent object (240)	3		13	1
1825	2021-07-31 17:42:37.071748+03	239	RemainderCurrent object (239)	3		13	1
1826	2021-07-31 17:42:42.153705+03	512	Register object (512)	3		14	1
1827	2021-07-31 17:42:47.661065+03	465	Identifier object (465)	3		8	1
1828	2021-07-31 17:42:47.673819+03	464	Identifier object (464)	3		8	1
1829	2021-07-31 17:42:52.14621+03	405	Delivery object (405)	3		9	1
1830	2021-07-31 17:42:52.1522+03	404	Delivery object (404)	3		9	1
1831	2021-07-31 17:42:59.441458+03	452	Document object (452)	3		7	1
1832	2021-07-31 17:42:59.449011+03	454	Document object (454)	3		7	1
1833	2021-07-31 17:42:59.450622+03	453	Document object (453)	3		7	1
1834	2021-07-31 17:42:59.452913+03	455	Document object (455)	3		7	1
1835	2021-07-31 17:42:59.453951+03	451	Document object (451)	3		7	1
1836	2021-07-31 17:48:12.153012+03	108	Transfer object (108)	3		11	1
1837	2021-07-31 17:48:19.59356+03	878	RemainderHistory object (878)	3		12	1
1838	2021-07-31 17:48:19.601947+03	880	RemainderHistory object (880)	3		12	1
1839	2021-07-31 17:48:19.603591+03	879	RemainderHistory object (879)	3		12	1
1840	2021-07-31 17:48:19.604178+03	882	RemainderHistory object (882)	3		12	1
1841	2021-07-31 17:48:19.606176+03	881	RemainderHistory object (881)	3		12	1
1842	2021-07-31 17:48:19.607173+03	877	RemainderHistory object (877)	3		12	1
1843	2021-07-31 17:48:24.908698+03	242	RemainderCurrent object (242)	3		13	1
1844	2021-07-31 17:48:24.914597+03	241	RemainderCurrent object (241)	3		13	1
1845	2021-07-31 17:48:29.761644+03	516	Register object (516)	3		14	1
1846	2021-07-31 17:48:34.114287+03	469	Identifier object (469)	3		8	1
1847	2021-07-31 17:48:38.796859+03	407	Delivery object (407)	3		9	1
1848	2021-07-31 17:48:38.800848+03	406	Delivery object (406)	3		9	1
1849	2021-07-31 17:48:43.550048+03	457	Document object (457)	3		7	1
1850	2021-07-31 17:48:43.561633+03	458	Document object (458)	3		7	1
1851	2021-07-31 17:48:43.563631+03	459	Document object (459)	3		7	1
1852	2021-07-31 17:48:43.565757+03	456	Document object (456)	3		7	1
1853	2021-07-31 18:07:34.603685+03	409	Delivery object (409)	3		9	1
1854	2021-07-31 18:07:34.609594+03	408	Delivery object (408)	3		9	1
1855	2021-07-31 18:07:39.638603+03	461	Document object (461)	3		7	1
1856	2021-07-31 18:07:39.642592+03	462	Document object (462)	3		7	1
1857	2021-07-31 18:07:39.64359+03	460	Document object (460)	3		7	1
1858	2021-07-31 18:07:48.206828+03	109	Transfer object (109)	3		11	1
1859	2021-07-31 18:07:54.863454+03	884	RemainderHistory object (884)	3		12	1
1860	2021-07-31 18:07:54.871467+03	886	RemainderHistory object (886)	3		12	1
1861	2021-07-31 18:07:54.873427+03	885	RemainderHistory object (885)	3		12	1
1862	2021-07-31 18:07:54.874428+03	883	RemainderHistory object (883)	3		12	1
1863	2021-07-31 18:07:59.715281+03	244	RemainderCurrent object (244)	3		13	1
1864	2021-07-31 18:07:59.718608+03	243	RemainderCurrent object (243)	3		13	1
1865	2021-07-31 18:08:10.125844+03	461	Document object (461)	3		7	1
1866	2021-07-31 18:08:10.131828+03	462	Document object (462)	3		7	1
1867	2021-07-31 18:08:10.133833+03	460	Document object (460)	3		7	1
1868	2021-08-01 00:42:35.123027+03	111	Transfer object (111)	3		11	1
1869	2021-08-01 00:42:35.139413+03	110	Transfer object (110)	3		11	1
1870	2021-08-01 00:42:41.032701+03	888	RemainderHistory object (888)	3		12	1
1871	2021-08-01 00:42:41.036691+03	890	RemainderHistory object (890)	3		12	1
1872	2021-08-01 00:42:41.037686+03	889	RemainderHistory object (889)	3		12	1
1873	2021-08-01 00:42:41.039666+03	894	RemainderHistory object (894)	3		12	1
1874	2021-08-01 00:42:41.041443+03	893	RemainderHistory object (893)	3		12	1
1875	2021-08-01 00:42:41.042482+03	892	RemainderHistory object (892)	3		12	1
1876	2021-08-01 00:42:41.043479+03	891	RemainderHistory object (891)	3		12	1
1877	2021-08-01 00:42:41.044445+03	887	RemainderHistory object (887)	3		12	1
1878	2021-08-01 00:42:46.981885+03	246	RemainderCurrent object (246)	3		13	1
1879	2021-08-01 00:42:46.988975+03	245	RemainderCurrent object (245)	3		13	1
1880	2021-08-01 00:42:54.463677+03	411	Delivery object (411)	3		9	1
1881	2021-08-01 00:42:54.473689+03	410	Delivery object (410)	3		9	1
1882	2021-08-01 00:42:59.331756+03	464	Document object (464)	3		7	1
1883	2021-08-01 00:42:59.335263+03	465	Document object (465)	3		7	1
1884	2021-08-01 00:42:59.336843+03	468	Document object (468)	3		7	1
1885	2021-08-01 00:42:59.337424+03	467	Document object (467)	3		7	1
1886	2021-08-01 00:42:59.339423+03	466	Document object (466)	3		7	1
1887	2021-08-01 00:42:59.340607+03	463	Document object (463)	3		7	1
1888	2021-08-01 01:02:56.640347+03	114	Transfer object (114)	3		11	1
1889	2021-08-01 01:02:56.646761+03	113	Transfer object (113)	3		11	1
1890	2021-08-01 01:02:56.647639+03	112	Transfer object (112)	3		11	1
1891	2021-08-01 01:03:08.032358+03	248	RemainderCurrent object (248)	3		13	1
1892	2021-08-01 01:03:16.056875+03	413	Delivery object (413)	3		9	1
1893	2021-08-01 01:03:16.066026+03	412	Delivery object (412)	3		9	1
1894	2021-08-01 01:03:25.852744+03	247	RemainderCurrent object (247)	3		13	1
1895	2021-08-01 01:03:35.589483+03	902	RemainderHistory object (902)	3		12	1
1896	2021-08-01 01:03:35.597217+03	901	RemainderHistory object (901)	3		12	1
1897	2021-08-01 01:03:35.599215+03	900	RemainderHistory object (900)	3		12	1
1898	2021-08-01 01:03:35.600485+03	899	RemainderHistory object (899)	3		12	1
1899	2021-08-01 01:03:35.601973+03	896	RemainderHistory object (896)	3		12	1
1900	2021-08-01 01:03:35.603011+03	898	RemainderHistory object (898)	3		12	1
1901	2021-08-01 01:03:35.604971+03	897	RemainderHistory object (897)	3		12	1
1902	2021-08-01 01:03:35.605965+03	895	RemainderHistory object (895)	3		12	1
1903	2021-08-01 01:03:51.033663+03	473	Document object (473)	3		7	1
1904	2021-08-01 01:03:51.040059+03	472	Document object (472)	3		7	1
1905	2021-08-01 01:03:51.042052+03	470	Document object (470)	3		7	1
1906	2021-08-01 01:03:51.04305+03	471	Document object (471)	3		7	1
1907	2021-08-01 01:03:51.044286+03	469	Document object (469)	3		7	1
1908	2021-08-01 01:06:07.236242+03	906	RemainderHistory object (906)	3		12	1
1909	2021-08-01 01:06:07.243648+03	905	RemainderHistory object (905)	3		12	1
1910	2021-08-01 01:06:07.246063+03	904	RemainderHistory object (904)	3		12	1
1911	2021-08-01 01:06:07.247526+03	903	RemainderHistory object (903)	3		12	1
1912	2021-08-01 01:06:16.269042+03	250	RemainderCurrent object (250)	3		13	1
1913	2021-08-01 01:06:16.280055+03	249	RemainderCurrent object (249)	3		13	1
1914	2021-08-01 01:06:21.803862+03	115	Transfer object (115)	3		11	1
1915	2021-08-01 01:06:52.309711+03	415	Delivery object (415)	3		9	1
1916	2021-08-01 01:06:52.325321+03	414	Delivery object (414)	3		9	1
1917	2021-08-01 01:06:58.371338+03	476	Document object (476)	3		7	1
1918	2021-08-01 01:06:58.383998+03	475	Document object (475)	3		7	1
1919	2021-08-01 01:06:58.385744+03	474	Document object (474)	3		7	1
1920	2021-08-01 01:11:35.92796+03	117	Transfer object (117)	3		11	1
1921	2021-08-01 01:11:35.935396+03	116	Transfer object (116)	3		11	1
1922	2021-08-01 01:11:43.914744+03	912	RemainderHistory object (912)	3		12	1
1923	2021-08-01 01:11:44.016872+03	911	RemainderHistory object (911)	3		12	1
1924	2021-08-01 01:11:44.022853+03	908	RemainderHistory object (908)	3		12	1
1925	2021-08-01 01:11:44.033826+03	910	RemainderHistory object (910)	3		12	1
1926	2021-08-01 01:11:44.04779+03	909	RemainderHistory object (909)	3		12	1
1927	2021-08-01 01:11:44.058758+03	907	RemainderHistory object (907)	3		12	1
1928	2021-08-01 01:11:48.880172+03	252	RemainderCurrent object (252)	3		13	1
1929	2021-08-01 01:11:48.892966+03	251	RemainderCurrent object (251)	3		13	1
1930	2021-08-01 01:11:56.34204+03	480	Document object (480)	3		7	1
1931	2021-08-01 01:11:56.349042+03	478	Document object (478)	3		7	1
1932	2021-08-01 01:11:56.350649+03	479	Document object (479)	3		7	1
1933	2021-08-01 01:11:56.351685+03	477	Document object (477)	3		7	1
1934	2021-08-01 01:12:07.456397+03	417	Delivery object (417)	3		9	1
1935	2021-08-01 01:12:07.462549+03	416	Delivery object (416)	3		9	1
1936	2021-08-01 01:12:12.745983+03	480	Document object (480)	3		7	1
1937	2021-08-01 01:12:12.760147+03	478	Document object (478)	3		7	1
1938	2021-08-01 01:12:12.761934+03	479	Document object (479)	3		7	1
1939	2021-08-01 01:12:12.763571+03	477	Document object (477)	3		7	1
1940	2021-08-01 11:56:18.503499+03	120	Transfer object (120)	3		11	1
1941	2021-08-01 11:56:18.559842+03	119	Transfer object (119)	3		11	1
1942	2021-08-01 11:56:18.560838+03	118	Transfer object (118)	3		11	1
1943	2021-08-01 11:56:24.042198+03	918	RemainderHistory object (918)	3		12	1
1944	2021-08-01 11:56:24.046363+03	917	RemainderHistory object (917)	3		12	1
1945	2021-08-01 11:56:24.047698+03	914	RemainderHistory object (914)	3		12	1
1946	2021-08-01 11:56:24.048811+03	920	RemainderHistory object (920)	3		12	1
1947	2021-08-01 11:56:24.049812+03	919	RemainderHistory object (919)	3		12	1
1948	2021-08-01 11:56:24.051401+03	916	RemainderHistory object (916)	3		12	1
1949	2021-08-01 11:56:24.051956+03	915	RemainderHistory object (915)	3		12	1
1950	2021-08-01 11:56:24.053955+03	913	RemainderHistory object (913)	3		12	1
1951	2021-08-01 11:56:30.197844+03	254	RemainderCurrent object (254)	3		13	1
1952	2021-08-01 11:56:30.204653+03	253	RemainderCurrent object (253)	3		13	1
1953	2021-08-01 11:56:37.376168+03	419	Delivery object (419)	3		9	1
1954	2021-08-01 11:56:37.382811+03	418	Delivery object (418)	3		9	1
1955	2021-08-01 11:56:42.16718+03	484	Document object (484)	3		7	1
1956	2021-08-01 11:56:42.171495+03	482	Document object (482)	3		7	1
1957	2021-08-01 11:56:42.173627+03	485	Document object (485)	3		7	1
1958	2021-08-01 11:56:42.174921+03	483	Document object (483)	3		7	1
1959	2021-08-01 11:56:42.176155+03	481	Document object (481)	3		7	1
1960	2021-08-01 12:01:12.113409+03	122	Transfer object (122)	3		11	1
1961	2021-08-01 12:01:12.125269+03	121	Transfer object (121)	3		11	1
1962	2021-08-01 12:01:17.887551+03	924	RemainderHistory object (924)	3		12	1
1963	2021-08-01 12:01:17.891618+03	923	RemainderHistory object (923)	3		12	1
1964	2021-08-01 12:01:17.89262+03	922	RemainderHistory object (922)	3		12	1
1965	2021-08-01 12:01:17.893616+03	928	RemainderHistory object (928)	3		12	1
1966	2021-08-01 12:01:17.89561+03	927	RemainderHistory object (927)	3		12	1
1967	2021-08-01 12:01:17.896608+03	926	RemainderHistory object (926)	3		12	1
1968	2021-08-01 12:01:17.8996+03	925	RemainderHistory object (925)	3		12	1
1969	2021-08-01 12:01:17.901594+03	921	RemainderHistory object (921)	3		12	1
1970	2021-08-01 12:01:23.257246+03	256	RemainderCurrent object (256)	3		13	1
1971	2021-08-01 12:01:23.265102+03	255	RemainderCurrent object (255)	3		13	1
1972	2021-08-01 12:01:33.20763+03	421	Delivery object (421)	3		9	1
1973	2021-08-01 12:01:33.215473+03	420	Delivery object (420)	3		9	1
1974	2021-08-01 12:01:38.228841+03	488	Document object (488)	3		7	1
1975	2021-08-01 12:01:38.232402+03	487	Document object (487)	3		7	1
1976	2021-08-01 12:01:38.233404+03	490	Document object (490)	3		7	1
1977	2021-08-01 12:01:38.235437+03	489	Document object (489)	3		7	1
1978	2021-08-01 12:01:38.23727+03	486	Document object (486)	3		7	1
1979	2021-08-01 12:10:26.673932+03	124	Transfer object (124)	3		11	1
1980	2021-08-01 12:10:26.689888+03	123	Transfer object (123)	3		11	1
1981	2021-08-01 12:10:32.197323+03	932	RemainderHistory object (932)	3		12	1
1982	2021-08-01 12:10:32.206161+03	931	RemainderHistory object (931)	3		12	1
1983	2021-08-01 12:10:32.207162+03	930	RemainderHistory object (930)	3		12	1
1984	2021-08-01 12:10:32.208158+03	934	RemainderHistory object (934)	3		12	1
1985	2021-08-01 12:10:32.209157+03	933	RemainderHistory object (933)	3		12	1
1986	2021-08-01 12:10:32.211152+03	929	RemainderHistory object (929)	3		12	1
1987	2021-08-01 12:10:36.834323+03	258	RemainderCurrent object (258)	3		13	1
1988	2021-08-01 12:10:36.842595+03	257	RemainderCurrent object (257)	3		13	1
1989	2021-08-01 12:10:43.15785+03	423	Delivery object (423)	3		9	1
1990	2021-08-01 12:10:43.171389+03	422	Delivery object (422)	3		9	1
1991	2021-08-01 12:10:48.577646+03	493	Document object (493)	3		7	1
1992	2021-08-01 12:10:48.603575+03	492	Document object (492)	3		7	1
1993	2021-08-01 12:10:48.608561+03	494	Document object (494)	3		7	1
1994	2021-08-01 12:10:48.613591+03	491	Document object (491)	3		7	1
1995	2021-08-01 12:15:41.165258+03	126	Transfer object (126)	3		11	1
1996	2021-08-01 12:15:41.173566+03	125	Transfer object (125)	3		11	1
1997	2021-08-01 12:15:47.242388+03	938	RemainderHistory object (938)	3		12	1
1998	2021-08-01 12:15:47.247375+03	937	RemainderHistory object (937)	3		12	1
1999	2021-08-01 12:15:47.248658+03	936	RemainderHistory object (936)	3		12	1
2000	2021-08-01 12:15:47.249198+03	940	RemainderHistory object (940)	3		12	1
2001	2021-08-01 12:15:47.251284+03	939	RemainderHistory object (939)	3		12	1
2002	2021-08-01 12:15:47.252529+03	935	RemainderHistory object (935)	3		12	1
2003	2021-08-01 12:15:52.283075+03	260	RemainderCurrent object (260)	3		13	1
2004	2021-08-01 12:15:52.287339+03	259	RemainderCurrent object (259)	3		13	1
2005	2021-08-01 12:16:00.086423+03	425	Delivery object (425)	3		9	1
2006	2021-08-01 12:16:00.092758+03	424	Delivery object (424)	3		9	1
2007	2021-08-01 12:16:05.300566+03	497	Document object (497)	3		7	1
2008	2021-08-01 12:16:05.308571+03	496	Document object (496)	3		7	1
2009	2021-08-01 12:16:05.309573+03	498	Document object (498)	3		7	1
2010	2021-08-01 12:16:05.311019+03	495	Document object (495)	3		7	1
2011	2021-08-01 12:48:52.855296+03	128	Transfer object (128)	3		11	1
2012	2021-08-01 12:48:52.86029+03	127	Transfer object (127)	3		11	1
2013	2021-08-01 12:48:58.820749+03	944	RemainderHistory object (944)	3		12	1
2014	2021-08-01 12:48:58.824664+03	943	RemainderHistory object (943)	3		12	1
2015	2021-08-01 12:48:58.825665+03	942	RemainderHistory object (942)	3		12	1
2016	2021-08-01 12:48:58.826662+03	946	RemainderHistory object (946)	3		12	1
2017	2021-08-01 12:48:58.828657+03	945	RemainderHistory object (945)	3		12	1
2018	2021-08-01 12:48:58.829655+03	941	RemainderHistory object (941)	3		12	1
2019	2021-08-01 12:49:04.059268+03	262	RemainderCurrent object (262)	3		13	1
2020	2021-08-01 12:49:04.0623+03	261	RemainderCurrent object (261)	3		13	1
2021	2021-08-01 12:49:11.698928+03	427	Delivery object (427)	3		9	1
2022	2021-08-01 12:49:11.702651+03	426	Delivery object (426)	3		9	1
2023	2021-08-01 12:49:16.553389+03	501	Document object (501)	3		7	1
2024	2021-08-01 12:49:16.557001+03	500	Document object (500)	3		7	1
2025	2021-08-01 12:49:16.558424+03	502	Document object (502)	3		7	1
2026	2021-08-01 12:49:16.559005+03	499	Document object (499)	3		7	1
2027	2021-08-01 12:54:03.176872+03	130	Transfer object (130)	3		11	1
2028	2021-08-01 12:54:03.180918+03	129	Transfer object (129)	3		11	1
2029	2021-08-01 12:54:08.933218+03	950	RemainderHistory object (950)	3		12	1
2030	2021-08-01 12:54:08.936887+03	949	RemainderHistory object (949)	3		12	1
2031	2021-08-01 12:54:08.937925+03	948	RemainderHistory object (948)	3		12	1
2032	2021-08-01 12:54:08.939883+03	954	RemainderHistory object (954)	3		12	1
2033	2021-08-01 12:54:08.940919+03	953	RemainderHistory object (953)	3		12	1
2034	2021-08-01 12:54:08.941877+03	952	RemainderHistory object (952)	3		12	1
2035	2021-08-01 12:54:08.942875+03	951	RemainderHistory object (951)	3		12	1
2036	2021-08-01 12:54:08.944532+03	947	RemainderHistory object (947)	3		12	1
2037	2021-08-01 12:54:13.680524+03	264	RemainderCurrent object (264)	3		13	1
2038	2021-08-01 12:54:13.684143+03	263	RemainderCurrent object (263)	3		13	1
2039	2021-08-01 12:54:20.061551+03	429	Delivery object (429)	3		9	1
2040	2021-08-01 12:54:20.065539+03	428	Delivery object (428)	3		9	1
2041	2021-08-01 12:54:25.408486+03	505	Document object (505)	3		7	1
2042	2021-08-01 12:54:25.413478+03	504	Document object (504)	3		7	1
2043	2021-08-01 12:54:25.414481+03	507	Document object (507)	3		7	1
2044	2021-08-01 12:54:25.416744+03	506	Document object (506)	3		7	1
2045	2021-08-01 12:54:25.417784+03	503	Document object (503)	3		7	1
2046	2021-08-01 13:01:36.488981+03	132	Transfer object (132)	3		11	1
2047	2021-08-01 13:01:36.493114+03	131	Transfer object (131)	3		11	1
2048	2021-08-01 13:01:42.037945+03	958	RemainderHistory object (958)	3		12	1
2049	2021-08-01 13:01:42.042973+03	957	RemainderHistory object (957)	3		12	1
2050	2021-08-01 13:01:42.043566+03	956	RemainderHistory object (956)	3		12	1
2051	2021-08-01 13:01:42.045536+03	960	RemainderHistory object (960)	3		12	1
2052	2021-08-01 13:01:42.046759+03	959	RemainderHistory object (959)	3		12	1
2053	2021-08-01 13:01:42.047997+03	955	RemainderHistory object (955)	3		12	1
2054	2021-08-01 13:01:47.172503+03	266	RemainderCurrent object (266)	3		13	1
2055	2021-08-01 13:01:47.177391+03	265	RemainderCurrent object (265)	3		13	1
2056	2021-08-01 13:01:53.389376+03	431	Delivery object (431)	3		9	1
2057	2021-08-01 13:01:53.393365+03	430	Delivery object (430)	3		9	1
2058	2021-08-01 13:01:59.190473+03	510	Document object (510)	3		7	1
2059	2021-08-01 13:01:59.195337+03	509	Document object (509)	3		7	1
2060	2021-08-01 13:01:59.19594+03	511	Document object (511)	3		7	1
2061	2021-08-01 13:01:59.197939+03	508	Document object (508)	3		7	1
2062	2021-08-01 22:52:54.302591+03	134	Transfer object (134)	3		11	1
2063	2021-08-01 22:52:54.306538+03	133	Transfer object (133)	3		11	1
2064	2021-08-01 22:53:10.555774+03	967	RemainderHistory object (967)	3		12	1
2065	2021-08-01 22:53:10.566761+03	964	RemainderHistory object (964)	3		12	1
2066	2021-08-01 22:53:10.570765+03	963	RemainderHistory object (963)	3		12	1
2067	2021-08-01 22:53:10.574748+03	962	RemainderHistory object (962)	3		12	1
2068	2021-08-01 22:53:10.577786+03	966	RemainderHistory object (966)	3		12	1
2069	2021-08-01 22:53:10.580733+03	965	RemainderHistory object (965)	3		12	1
2070	2021-08-01 22:53:10.583729+03	961	RemainderHistory object (961)	3		12	1
2071	2021-08-01 22:53:10.585907+03	968	RemainderHistory object (968)	3		12	1
2072	2021-08-01 22:53:20.165077+03	268	RemainderCurrent object (268)	3		13	1
2073	2021-08-01 22:53:20.177045+03	267	RemainderCurrent object (267)	3		13	1
2074	2021-08-01 22:53:30.518622+03	434	Delivery object (434)	3		9	1
2075	2021-08-01 22:53:30.525363+03	433	Delivery object (433)	3		9	1
2076	2021-08-01 22:53:30.526019+03	432	Delivery object (432)	3		9	1
2077	2021-08-01 22:53:30.528018+03	435	Delivery object (435)	3		9	1
2078	2021-08-01 22:53:37.31266+03	516	Document object (516)	3		7	1
2079	2021-08-01 22:53:37.324585+03	514	Document object (514)	3		7	1
2080	2021-08-01 22:53:37.328151+03	513	Document object (513)	3		7	1
2081	2021-08-01 22:53:37.331542+03	515	Document object (515)	3		7	1
2082	2021-08-01 22:53:37.337538+03	512	Document object (512)	3		7	1
2083	2021-08-01 22:53:37.341532+03	517	Document object (517)	3		7	1
2084	2021-08-01 23:23:38.43625+03	4	Городец	1	[{"added": {}}]	16	1
2085	2021-08-01 23:34:43.932152+03	142	Transfer object (142)	3		11	1
2086	2021-08-01 23:34:44.005269+03	141	Transfer object (141)	3		11	1
2087	2021-08-01 23:34:44.014054+03	140	Transfer object (140)	3		11	1
2088	2021-08-01 23:34:44.019058+03	139	Transfer object (139)	3		11	1
2089	2021-08-01 23:34:44.02409+03	138	Transfer object (138)	3		11	1
2090	2021-08-01 23:34:44.031023+03	137	Transfer object (137)	3		11	1
2091	2021-08-01 23:34:44.037013+03	136	Transfer object (136)	3		11	1
2092	2021-08-01 23:34:44.040058+03	135	Transfer object (135)	3		11	1
2093	2021-08-01 23:34:50.790334+03	989	RemainderHistory object (989)	3		12	1
2094	2021-08-01 23:34:50.800776+03	988	RemainderHistory object (988)	3		12	1
2095	2021-08-01 23:34:50.801776+03	987	RemainderHistory object (987)	3		12	1
2096	2021-08-01 23:34:50.80377+03	986	RemainderHistory object (986)	3		12	1
2097	2021-08-01 23:34:50.804807+03	985	RemainderHistory object (985)	3		12	1
2098	2021-08-01 23:34:50.806194+03	984	RemainderHistory object (984)	3		12	1
2099	2021-08-01 23:34:50.807442+03	983	RemainderHistory object (983)	3		12	1
2100	2021-08-01 23:34:50.808523+03	977	RemainderHistory object (977)	3		12	1
2101	2021-08-01 23:34:50.809514+03	976	RemainderHistory object (976)	3		12	1
2102	2021-08-01 23:34:50.810834+03	974	RemainderHistory object (974)	3		12	1
2103	2021-08-01 23:34:50.811821+03	973	RemainderHistory object (973)	3		12	1
2104	2021-08-01 23:34:50.81286+03	982	RemainderHistory object (982)	3		12	1
2105	2021-08-01 23:34:50.814142+03	981	RemainderHistory object (981)	3		12	1
2106	2021-08-01 23:34:50.815143+03	972	RemainderHistory object (972)	3		12	1
2107	2021-08-01 23:34:50.816913+03	971	RemainderHistory object (971)	3		12	1
2108	2021-08-01 23:34:50.817914+03	980	RemainderHistory object (980)	3		12	1
2109	2021-08-01 23:34:50.819264+03	979	RemainderHistory object (979)	3		12	1
2110	2021-08-01 23:34:50.820379+03	970	RemainderHistory object (970)	3		12	1
2111	2021-08-01 23:34:50.821507+03	975	RemainderHistory object (975)	3		12	1
2112	2021-08-01 23:34:50.822508+03	969	RemainderHistory object (969)	3		12	1
2113	2021-08-01 23:34:56.659124+03	272	RemainderCurrent object (272)	3		13	1
2114	2021-08-01 23:34:56.668017+03	271	RemainderCurrent object (271)	3		13	1
2115	2021-08-01 23:34:56.669019+03	270	RemainderCurrent object (270)	3		13	1
2116	2021-08-01 23:34:56.671012+03	269	RemainderCurrent object (269)	3		13	1
2117	2021-08-01 23:35:05.527471+03	440	Delivery object (440)	3		9	1
2118	2021-08-01 23:35:05.535727+03	437	Delivery object (437)	3		9	1
2119	2021-08-01 23:35:05.537727+03	438	Delivery object (438)	3		9	1
2120	2021-08-01 23:35:05.540191+03	436	Delivery object (436)	3		9	1
2121	2021-08-01 23:35:16.11993+03	527	Document object (527)	3		7	1
2122	2021-08-01 23:35:16.12392+03	519	Document object (519)	3		7	1
2123	2021-08-01 23:35:16.125916+03	522	Document object (522)	3		7	1
2124	2021-08-01 23:35:16.127099+03	518	Document object (518)	3		7	1
2125	2021-08-01 23:35:16.128358+03	530	Document object (530)	3		7	1
2126	2021-08-01 23:35:16.12942+03	529	Document object (529)	3		7	1
2127	2021-08-01 23:35:16.130951+03	528	Document object (528)	3		7	1
2128	2021-08-01 23:35:16.131951+03	523	Document object (523)	3		7	1
2129	2021-08-01 23:35:16.132949+03	521	Document object (521)	3		7	1
2130	2021-08-01 23:35:16.134526+03	526	Document object (526)	3		7	1
2131	2021-08-01 23:35:16.135588+03	520	Document object (520)	3		7	1
2132	2021-08-01 23:35:16.136588+03	525	Document object (525)	3		7	1
2133	2021-08-02 12:45:35.244956+03	146	Transfer object (146)	3		11	1
2134	2021-08-02 12:45:35.299394+03	145	Transfer object (145)	3		11	1
2135	2021-08-02 12:45:35.30631+03	144	Transfer object (144)	3		11	1
2136	2021-08-02 12:45:35.313291+03	143	Transfer object (143)	3		11	1
2137	2021-08-02 12:45:42.552496+03	1000	RemainderHistory object (1000)	3		12	1
2138	2021-08-02 12:45:42.556839+03	999	RemainderHistory object (999)	3		12	1
2139	2021-08-02 12:45:42.557856+03	998	RemainderHistory object (998)	3		12	1
2140	2021-08-02 12:45:42.559921+03	997	RemainderHistory object (997)	3		12	1
2141	2021-08-02 12:45:42.561166+03	1001	RemainderHistory object (1001)	3		12	1
2142	2021-08-02 12:45:42.562354+03	996	RemainderHistory object (996)	3		12	1
2143	2021-08-02 12:45:42.563837+03	995	RemainderHistory object (995)	3		12	1
2144	2021-08-02 12:45:42.56498+03	994	RemainderHistory object (994)	3		12	1
2145	2021-08-02 12:45:42.566065+03	993	RemainderHistory object (993)	3		12	1
2146	2021-08-02 12:45:42.567142+03	992	RemainderHistory object (992)	3		12	1
2147	2021-08-02 12:45:42.568249+03	991	RemainderHistory object (991)	3		12	1
2148	2021-08-02 12:45:42.569357+03	990	RemainderHistory object (990)	3		12	1
2149	2021-08-02 12:45:47.889688+03	275	RemainderCurrent object (275)	3		13	1
2150	2021-08-02 12:45:47.893681+03	274	RemainderCurrent object (274)	3		13	1
2151	2021-08-02 12:45:47.894679+03	273	RemainderCurrent object (273)	3		13	1
2152	2021-08-02 12:45:56.228965+03	444	Delivery object (444)	3		9	1
2153	2021-08-02 12:45:56.239159+03	443	Delivery object (443)	3		9	1
2154	2021-08-02 12:45:56.241186+03	442	Delivery object (442)	3		9	1
2155	2021-08-02 12:45:56.242188+03	441	Delivery object (441)	3		9	1
2156	2021-08-02 12:46:01.815136+03	537	Document object (537)	3		7	1
2157	2021-08-02 12:46:01.82214+03	536	Document object (536)	3		7	1
2158	2021-08-02 12:46:01.823143+03	538	Document object (538)	3		7	1
2159	2021-08-02 12:46:01.825019+03	535	Document object (535)	3		7	1
2160	2021-08-02 12:46:01.826125+03	534	Document object (534)	3		7	1
2161	2021-08-02 12:46:01.828129+03	533	Document object (533)	3		7	1
2162	2021-08-02 12:46:01.830118+03	532	Document object (532)	3		7	1
2163	2021-08-02 12:46:01.831115+03	531	Document object (531)	3		7	1
2164	2021-08-02 12:51:12.758489+03	148	Transfer object (148)	3		11	1
2165	2021-08-02 12:51:12.765471+03	147	Transfer object (147)	3		11	1
2166	2021-08-02 12:51:18.487475+03	1007	RemainderHistory object (1007)	3		12	1
2167	2021-08-02 12:51:18.491467+03	1006	RemainderHistory object (1006)	3		12	1
2168	2021-08-02 12:51:18.493466+03	1005	RemainderHistory object (1005)	3		12	1
2169	2021-08-02 12:51:18.494706+03	1004	RemainderHistory object (1004)	3		12	1
2170	2021-08-02 12:51:18.496002+03	1003	RemainderHistory object (1003)	3		12	1
2171	2021-08-02 12:51:18.497218+03	1002	RemainderHistory object (1002)	3		12	1
2172	2021-08-02 12:51:18.498218+03	1009	RemainderHistory object (1009)	3		12	1
2173	2021-08-02 12:51:18.499432+03	1008	RemainderHistory object (1008)	3		12	1
2174	2021-08-02 12:51:25.63421+03	277	RemainderCurrent object (277)	3		13	1
2175	2021-08-02 12:51:25.63865+03	276	RemainderCurrent object (276)	3		13	1
2176	2021-08-02 12:51:33.029854+03	446	Delivery object (446)	3		9	1
2177	2021-08-02 12:51:33.03619+03	445	Delivery object (445)	3		9	1
2178	2021-08-02 12:51:33.037188+03	448	Delivery object (448)	3		9	1
2179	2021-08-02 12:51:33.038749+03	447	Delivery object (447)	3		9	1
2180	2021-08-02 12:51:39.21947+03	541	Identifier object (541)	3		8	1
2181	2021-08-02 12:51:47.726512+03	542	Document object (542)	3		7	1
2182	2021-08-02 12:51:47.731498+03	541	Document object (541)	3		7	1
2183	2021-08-02 12:51:47.732495+03	540	Document object (540)	3		7	1
2184	2021-08-02 12:51:47.734492+03	539	Document object (539)	3		7	1
2185	2021-08-02 12:51:47.736485+03	544	Document object (544)	3		7	1
2186	2021-08-02 12:51:47.738479+03	543	Document object (543)	3		7	1
2187	2021-08-02 13:40:12.516108+03	150	Transfer object (150)	3		11	1
2188	2021-08-02 13:40:12.520609+03	149	Transfer object (149)	3		11	1
2189	2021-08-02 13:40:21.286225+03	1014	RemainderHistory object (1014)	3		12	1
2190	2021-08-02 13:40:21.291213+03	1013	RemainderHistory object (1013)	3		12	1
2191	2021-08-02 13:40:21.293009+03	1012	RemainderHistory object (1012)	3		12	1
2192	2021-08-02 13:40:21.294588+03	1011	RemainderHistory object (1011)	3		12	1
2193	2021-08-02 13:40:21.295968+03	1010	RemainderHistory object (1010)	3		12	1
2194	2021-08-02 13:40:21.297198+03	1015	RemainderHistory object (1015)	3		12	1
2195	2021-08-02 13:40:43.062164+03	449	Delivery object (449)	3		9	1
2196	2021-08-02 13:40:43.065338+03	450	Delivery object (450)	3		9	1
2197	2021-08-02 13:40:47.421825+03	547	Document object (547)	3		7	1
2198	2021-08-02 13:40:47.425244+03	546	Document object (546)	3		7	1
2199	2021-08-02 13:40:47.426244+03	545	Document object (545)	3		7	1
2200	2021-08-02 13:40:47.427922+03	548	Document object (548)	3		7	1
2201	2021-08-02 13:55:39.477849+03	279	RemainderCurrent object (279)	3		13	1
2202	2021-08-02 13:55:39.481008+03	278	RemainderCurrent object (278)	3		13	1
2203	2021-08-02 13:55:45.419388+03	1016	RemainderHistory object (1016)	3		12	1
2204	2021-08-02 13:55:55.215566+03	1	AvPrice object (1)	3		29	1
2205	2021-08-02 13:56:02.918544+03	451	Delivery object (451)	3		9	1
2206	2021-08-02 13:56:08.004503+03	549	Document object (549)	3		7	1
2207	2021-08-02 14:56:00.64374+03	159	Transfer object (159)	3		11	1
2208	2021-08-02 14:56:00.648008+03	158	Transfer object (158)	3		11	1
2209	2021-08-02 14:56:00.649872+03	157	Transfer object (157)	3		11	1
2210	2021-08-02 14:56:00.651152+03	156	Transfer object (156)	3		11	1
2211	2021-08-02 14:56:00.652379+03	155	Transfer object (155)	3		11	1
2212	2021-08-02 14:56:00.652909+03	154	Transfer object (154)	3		11	1
2213	2021-08-02 14:56:00.654908+03	153	Transfer object (153)	3		11	1
2214	2021-08-02 14:56:00.655905+03	152	Transfer object (152)	3		11	1
2215	2021-08-02 14:56:00.656902+03	151	Transfer object (151)	3		11	1
2216	2021-08-02 14:56:07.436164+03	1038	RemainderHistory object (1038)	3		12	1
2217	2021-08-02 14:56:07.439962+03	1037	RemainderHistory object (1037)	3		12	1
2218	2021-08-02 14:56:07.441286+03	1026	RemainderHistory object (1026)	3		12	1
2219	2021-08-02 14:56:07.442484+03	1025	RemainderHistory object (1025)	3		12	1
2220	2021-08-02 14:56:07.443695+03	1022	RemainderHistory object (1022)	3		12	1
2221	2021-08-02 14:56:07.444737+03	1021	RemainderHistory object (1021)	3		12	1
2222	2021-08-02 14:56:07.445734+03	1032	RemainderHistory object (1032)	3		12	1
2223	2021-08-02 14:56:07.446691+03	1020	RemainderHistory object (1020)	3		12	1
2224	2021-08-02 14:56:07.448301+03	1019	RemainderHistory object (1019)	3		12	1
2225	2021-08-02 14:56:07.449269+03	1030	RemainderHistory object (1030)	3		12	1
2226	2021-08-02 14:56:07.450173+03	1029	RemainderHistory object (1029)	3		12	1
2227	2021-08-02 14:56:07.452173+03	1018	RemainderHistory object (1018)	3		12	1
2228	2021-08-02 14:56:07.453386+03	1028	RemainderHistory object (1028)	3		12	1
2229	2021-08-02 14:56:07.454504+03	1027	RemainderHistory object (1027)	3		12	1
2230	2021-08-02 14:56:07.455006+03	1024	RemainderHistory object (1024)	3		12	1
2231	2021-08-02 14:56:07.456047+03	1023	RemainderHistory object (1023)	3		12	1
2232	2021-08-02 14:56:07.457866+03	1017	RemainderHistory object (1017)	3		12	1
2233	2021-08-02 14:56:07.458962+03	1036	RemainderHistory object (1036)	3		12	1
2234	2021-08-02 14:56:07.460038+03	1035	RemainderHistory object (1035)	3		12	1
2235	2021-08-02 14:56:07.461102+03	1034	RemainderHistory object (1034)	3		12	1
2236	2021-08-02 14:56:07.462102+03	1033	RemainderHistory object (1033)	3		12	1
2237	2021-08-02 14:56:07.4631+03	1040	RemainderHistory object (1040)	3		12	1
2238	2021-08-02 14:56:07.464097+03	1039	RemainderHistory object (1039)	3		12	1
2239	2021-08-02 14:56:14.665394+03	283	RemainderCurrent object (283)	3		13	1
2240	2021-08-02 14:56:14.668384+03	282	RemainderCurrent object (282)	3		13	1
2241	2021-08-02 14:56:14.669382+03	281	RemainderCurrent object (281)	3		13	1
2242	2021-08-02 14:56:14.67115+03	280	RemainderCurrent object (280)	3		13	1
2243	2021-08-02 14:56:21.456639+03	570	Identifier object (570)	3		8	1
2244	2021-08-02 14:56:28.461977+03	562	Document object (562)	3		7	1
2245	2021-08-02 14:56:28.46597+03	555	Document object (555)	3		7	1
2246	2021-08-02 14:56:28.467004+03	553	Document object (553)	3		7	1
2247	2021-08-02 14:56:28.468963+03	559	Document object (559)	3		7	1
2248	2021-08-02 14:56:28.47053+03	552	Document object (552)	3		7	1
2249	2021-08-02 14:56:28.479536+03	557	Document object (557)	3		7	1
2250	2021-08-02 14:56:28.481777+03	551	Document object (551)	3		7	1
2251	2021-08-02 14:56:28.483531+03	556	Document object (556)	3		7	1
2252	2021-08-02 14:56:28.484528+03	554	Document object (554)	3		7	1
2253	2021-08-02 14:56:28.485524+03	550	Document object (550)	3		7	1
2254	2021-08-02 14:56:28.486522+03	561	Document object (561)	3		7	1
2255	2021-08-02 14:56:28.488516+03	560	Document object (560)	3		7	1
2256	2021-08-02 14:56:28.490615+03	564	Document object (564)	3		7	1
2257	2021-08-02 14:56:28.491971+03	563	Document object (563)	3		7	1
2258	2021-08-02 14:56:39.356925+03	455	Delivery object (455)	3		9	1
2259	2021-08-02 14:56:39.364982+03	453	Delivery object (453)	3		9	1
2260	2021-08-02 14:56:39.367234+03	452	Delivery object (452)	3		9	1
2261	2021-08-02 14:56:39.368237+03	457	Delivery object (457)	3		9	1
2262	2021-08-02 14:56:39.37023+03	456	Delivery object (456)	3		9	1
2263	2021-08-02 14:56:44.528338+03	2	AvPrice object (2)	3		29	1
2264	2021-08-02 14:56:55.105678+03	562	Document object (562)	3		7	1
2265	2021-08-02 14:56:55.110668+03	555	Document object (555)	3		7	1
2266	2021-08-02 14:56:55.111702+03	553	Document object (553)	3		7	1
2267	2021-08-02 14:56:55.112703+03	559	Document object (559)	3		7	1
2268	2021-08-02 14:56:55.114698+03	552	Document object (552)	3		7	1
2269	2021-08-02 14:56:55.116751+03	557	Document object (557)	3		7	1
2270	2021-08-02 14:56:55.11794+03	551	Document object (551)	3		7	1
2271	2021-08-02 14:56:55.118941+03	556	Document object (556)	3		7	1
2272	2021-08-02 14:56:55.119939+03	554	Document object (554)	3		7	1
2273	2021-08-02 14:56:55.120935+03	550	Document object (550)	3		7	1
2274	2021-08-02 14:56:55.12242+03	561	Document object (561)	3		7	1
2275	2021-08-02 14:56:55.123421+03	560	Document object (560)	3		7	1
2276	2021-08-02 14:56:55.124418+03	564	Document object (564)	3		7	1
2277	2021-08-02 14:56:55.124921+03	563	Document object (563)	3		7	1
2278	2021-08-02 15:31:16.444787+03	163	Transfer object (163)	3		11	1
2279	2021-08-02 15:31:16.46477+03	162	Transfer object (162)	3		11	1
2280	2021-08-02 15:31:16.515281+03	160	Transfer object (160)	3		11	1
2281	2021-08-02 15:31:23.503164+03	1050	RemainderHistory object (1050)	3		12	1
2282	2021-08-02 15:31:23.507157+03	1049	RemainderHistory object (1049)	3		12	1
2283	2021-08-02 15:31:23.51015+03	1048	RemainderHistory object (1048)	3		12	1
2284	2021-08-02 15:31:23.514441+03	1047	RemainderHistory object (1047)	3		12	1
2285	2021-08-02 15:31:23.517442+03	1044	RemainderHistory object (1044)	3		12	1
2286	2021-08-02 15:31:23.521391+03	1043	RemainderHistory object (1043)	3		12	1
2287	2021-08-02 15:31:23.523391+03	1041	RemainderHistory object (1041)	3		12	1
2288	2021-08-02 15:31:29.147206+03	287	RemainderCurrent object (287)	3		13	1
2289	2021-08-02 15:31:29.154364+03	286	RemainderCurrent object (286)	3		13	1
2290	2021-08-02 15:31:29.165214+03	285	RemainderCurrent object (285)	3		13	1
2291	2021-08-02 15:31:29.167216+03	284	RemainderCurrent object (284)	3		13	1
2292	2021-08-02 15:31:39.907715+03	3	AvPrice object (3)	3		29	1
2293	2021-08-02 15:31:46.467976+03	458	Delivery object (458)	3		9	1
2294	2021-08-02 15:31:56.801122+03	570	Document object (570)	3		7	1
2295	2021-08-02 15:31:56.805939+03	569	Document object (569)	3		7	1
2296	2021-08-02 15:31:56.82298+03	567	Document object (567)	3		7	1
2297	2021-08-02 15:31:56.832323+03	565	Document object (565)	3		7	1
2298	2021-08-03 10:08:50.87492+03	1	Client object (1)	2	[{"changed": {"fields": ["Phone"]}}]	20	1
2299	2021-08-04 13:27:36.370408+03	5	Client object (5)	1	[{"added": {}}]	20	1
2300	2021-08-04 13:38:31.090018+03	5	Client object (5)	2	[]	20	1
2301	2021-08-04 14:33:12.31308+03	4	ПКО	1	[{"added": {}}]	18	1
2302	2021-08-04 14:33:21.830608+03	5	РКО	1	[{"added": {}}]	18	1
2303	2021-08-04 14:33:33.444595+03	6	Возврат ТМЦ	1	[{"added": {}}]	18	1
2304	2021-08-04 14:33:44.091248+03	7	Списание ТМЦ	1	[{"added": {}}]	18	1
2305	2021-08-04 14:33:56.196082+03	8	Оприходование ТМЦ	1	[{"added": {}}]	18	1
2306	2021-08-04 14:34:07.455418+03	9	Переоценка ТМЦ	1	[{"added": {}}]	18	1
2307	2021-08-04 14:38:28.25818+03	2	Client object (2)	2	[{"changed": {"fields": ["Accum cashback"]}}]	20	1
2308	2021-08-04 15:31:15.148662+03	168	Transfer object (168)	3		11	1
2309	2021-08-04 15:31:15.152652+03	167	Transfer object (167)	3		11	1
2310	2021-08-04 15:31:15.154648+03	166	Transfer object (166)	3		11	1
2311	2021-08-04 15:31:15.156643+03	165	Transfer object (165)	3		11	1
2312	2021-08-04 15:31:20.868178+03	1	Sale object (1)	3		10	1
2313	2021-08-04 15:31:26.780225+03	1063	RemainderHistory object (1063)	3		12	1
2314	2021-08-04 15:31:26.786211+03	1062	RemainderHistory object (1062)	3		12	1
2315	2021-08-04 15:31:26.78721+03	1061	RemainderHistory object (1061)	3		12	1
2316	2021-08-04 15:31:26.788241+03	1060	RemainderHistory object (1060)	3		12	1
2317	2021-08-04 15:31:26.789243+03	1059	RemainderHistory object (1059)	3		12	1
2318	2021-08-04 15:31:26.791196+03	1058	RemainderHistory object (1058)	3		12	1
2319	2021-08-04 15:31:26.799174+03	1057	RemainderHistory object (1057)	3		12	1
2320	2021-08-04 15:31:26.80117+03	1056	RemainderHistory object (1056)	3		12	1
2321	2021-08-04 15:31:26.803165+03	1055	RemainderHistory object (1055)	3		12	1
2322	2021-08-04 15:31:26.804161+03	1054	RemainderHistory object (1054)	3		12	1
2323	2021-08-04 15:31:26.80516+03	1051	RemainderHistory object (1051)	3		12	1
2324	2021-08-04 15:31:31.499804+03	290	RemainderCurrent object (290)	3		13	1
2325	2021-08-04 15:31:31.510134+03	289	RemainderCurrent object (289)	3		13	1
2326	2021-08-04 15:31:31.514128+03	288	RemainderCurrent object (288)	3		13	1
2327	2021-08-04 15:31:38.470356+03	657	Register object (657)	3		14	1
2328	2021-08-04 15:31:38.481149+03	656	Register object (656)	3		14	1
2329	2021-08-04 15:31:38.482597+03	647	Register object (647)	3		14	1
2330	2021-08-04 15:31:38.483864+03	643	Register object (643)	3		14	1
2331	2021-08-04 15:31:38.485205+03	639	Register object (639)	3		14	1
2332	2021-08-04 15:31:38.486519+03	638	Register object (638)	3		14	1
2333	2021-08-04 15:31:38.496357+03	633	Register object (633)	3		14	1
2334	2021-08-04 15:31:38.497956+03	631	Register object (631)	3		14	1
2335	2021-08-04 15:31:47.244909+03	628	Identifier object (628)	3		8	1
2336	2021-08-04 15:31:47.251366+03	627	Identifier object (627)	3		8	1
2337	2021-08-04 15:31:47.253284+03	616	Identifier object (616)	3		8	1
2338	2021-08-04 15:31:47.256719+03	613	Identifier object (613)	3		8	1
2339	2021-08-04 15:31:47.257988+03	607	Identifier object (607)	3		8	1
2340	2021-08-04 15:31:47.259199+03	606	Identifier object (606)	3		8	1
2341	2021-08-04 15:31:47.260423+03	604	Identifier object (604)	3		8	1
2342	2021-08-04 15:31:47.261529+03	603	Identifier object (603)	3		8	1
2343	2021-08-04 15:31:47.262561+03	602	Identifier object (602)	3		8	1
2344	2021-08-04 15:31:47.263563+03	601	Identifier object (601)	3		8	1
2345	2021-08-04 15:31:47.264597+03	600	Identifier object (600)	3		8	1
2346	2021-08-04 15:31:47.265596+03	599	Identifier object (599)	3		8	1
2347	2021-08-04 15:31:47.266593+03	598	Identifier object (598)	3		8	1
2348	2021-08-04 15:31:47.267862+03	595	Identifier object (595)	3		8	1
2349	2021-08-04 15:31:47.268395+03	593	Identifier object (593)	3		8	1
2350	2021-08-04 15:31:47.270394+03	592	Identifier object (592)	3		8	1
2351	2021-08-04 15:31:47.272387+03	591	Identifier object (591)	3		8	1
2352	2021-08-04 15:31:47.273391+03	588	Identifier object (588)	3		8	1
2353	2021-08-04 15:31:54.620225+03	4	AvPrice object (4)	3		29	1
2354	2021-08-04 15:31:59.606686+03	461	Delivery object (461)	3		9	1
2355	2021-08-04 15:31:59.613351+03	460	Delivery object (460)	3		9	1
2356	2021-08-04 15:32:04.667122+03	578	Document object (578)	3		7	1
2357	2021-08-04 15:32:04.680253+03	577	Document object (577)	3		7	1
2358	2021-08-04 15:32:04.681881+03	576	Document object (576)	3		7	1
2359	2021-08-04 15:32:04.68291+03	575	Document object (575)	3		7	1
2360	2021-08-04 15:32:04.684242+03	574	Document object (574)	3		7	1
2361	2021-08-04 15:32:04.685354+03	573	Document object (573)	3		7	1
2362	2021-08-04 15:32:04.694673+03	571	Document object (571)	3		7	1
2363	2021-08-04 16:03:26.784645+03	4	Cash object (4)	3		21	1
2364	2021-08-04 16:03:26.788321+03	3	Cash object (3)	3		21	1
2365	2021-08-04 16:03:26.789846+03	2	Cash object (2)	3		21	1
2366	2021-08-04 16:03:26.790401+03	1	Cash object (1)	3		21	1
2367	2021-08-04 16:03:33.671124+03	7	Sale object (7)	3		10	1
2368	2021-08-04 16:03:33.677261+03	6	Sale object (6)	3		10	1
2369	2021-08-04 16:03:33.679155+03	5	Sale object (5)	3		10	1
2370	2021-08-04 16:03:33.680157+03	4	Sale object (4)	3		10	1
2371	2021-08-04 16:03:33.682151+03	3	Sale object (3)	3		10	1
2372	2021-08-04 16:03:33.684059+03	2	Sale object (2)	3		10	1
2373	2021-08-04 16:04:34.567395+03	1	CashRemainder object (1)	3		22	1
2374	2021-08-04 16:04:39.708618+03	5	Cash object (5)	3		21	1
2375	2021-08-04 16:07:02.430016+03	7	Cash object (7)	3		21	1
2376	2021-08-04 16:07:02.44235+03	6	Cash object (6)	3		21	1
2377	2021-08-04 16:07:09.419824+03	2	CashRemainder object (2)	3		22	1
2378	2021-08-04 16:12:00.341949+03	3	CashRemainder object (3)	3		22	1
2379	2021-08-04 16:12:06.2363+03	9	Cash object (9)	3		21	1
2380	2021-08-04 16:12:06.239559+03	8	Cash object (8)	3		21	1
2381	2021-08-04 21:10:03.377114+03	1	Credit object (1)	3		23	1
2382	2021-08-04 21:10:09.531148+03	11	Cash object (11)	3		21	1
2383	2021-08-04 21:10:09.535763+03	10	Cash object (10)	3		21	1
2384	2021-08-05 08:28:03.598838+03	3	Credit object (3)	3		23	1
2385	2021-08-05 08:28:03.635753+03	2	Credit object (2)	3		23	1
2386	2021-08-05 08:28:08.955711+03	16	Cash object (16)	3		21	1
2387	2021-08-05 08:28:08.959671+03	15	Cash object (15)	3		21	1
2388	2021-08-05 08:28:08.960673+03	14	Cash object (14)	3		21	1
2389	2021-08-05 08:28:08.962663+03	13	Cash object (13)	3		21	1
2390	2021-08-05 08:28:08.963659+03	12	Cash object (12)	3		21	1
2391	2021-08-05 08:28:13.807207+03	4	CashRemainder object (4)	3		22	1
2392	2021-08-05 08:28:18.960309+03	5	Card object (5)	3		24	1
2393	2021-08-05 08:28:18.96828+03	4	Card object (4)	3		24	1
2394	2021-08-05 08:28:18.972019+03	3	Card object (3)	3		24	1
2395	2021-08-05 08:28:18.974423+03	2	Card object (2)	3		24	1
2396	2021-08-05 08:28:18.976064+03	1	Card object (1)	3		24	1
2397	2021-08-06 09:44:42.57021+03	1	Cashback object (1)	1	[{"added": {}}]	25	1
2398	2021-08-06 10:05:16.943859+03	5	Client object (5)	2	[{"changed": {"fields": ["Accum cashback"]}}]	20	1
2399	2021-08-06 10:16:06.106834+03	2	Client object (2)	2	[{"changed": {"fields": ["Accum cashback"]}}]	20	1
2432	2021-08-06 17:45:05.838418+03	1	Cashback object (1)	2	[]	25	1
2433	2021-08-06 17:45:21.75594+03	2	Cashback object (2)	1	[{"added": {}}]	25	1
2434	2021-08-07 01:15:50.946173+03	2	Cashback object (2)	2	[{"changed": {"fields": ["Size"]}}]	25	1
2435	2021-08-07 01:15:58.61072+03	1	Cashback object (1)	2	[{"changed": {"fields": ["Size"]}}]	25	1
2436	2021-08-08 15:37:59.430803+03	2	Client object (2)	2	[{"changed": {"fields": ["Accum cashback"]}}]	20	1
2437	2021-08-08 22:46:11.176075+03	2	Customer object (2)	2	[{"changed": {"fields": ["Accum cashback"]}}]	20	1
2438	2021-08-16 11:31:23.294654+03	175	Transfer object (175)	3		11	1
2439	2021-08-16 11:31:23.31068+03	174	Transfer object (174)	3		11	1
2440	2021-08-16 11:31:23.312875+03	173	Transfer object (173)	3		11	1
2441	2021-08-16 11:31:23.315251+03	172	Transfer object (172)	3		11	1
2442	2021-08-16 11:31:23.317251+03	171	Transfer object (171)	3		11	1
2443	2021-08-16 11:31:23.320243+03	170	Transfer object (170)	3		11	1
2444	2021-08-16 11:31:31.010987+03	106	Sale object (106)	3		10	1
2445	2021-08-16 11:31:31.014614+03	105	Sale object (105)	3		10	1
2446	2021-08-16 11:31:31.016011+03	104	Sale object (104)	3		10	1
2447	2021-08-16 11:31:31.017398+03	103	Sale object (103)	3		10	1
2448	2021-08-16 11:31:31.018391+03	102	Sale object (102)	3		10	1
2449	2021-08-16 11:31:31.019435+03	101	Sale object (101)	3		10	1
2450	2021-08-16 11:31:31.021387+03	100	Sale object (100)	3		10	1
2451	2021-08-16 11:31:31.022383+03	99	Sale object (99)	3		10	1
2452	2021-08-16 11:31:31.023665+03	98	Sale object (98)	3		10	1
2453	2021-08-16 11:31:31.02483+03	97	Sale object (97)	3		10	1
2454	2021-08-16 11:31:31.025939+03	96	Sale object (96)	3		10	1
2455	2021-08-16 11:31:31.026996+03	95	Sale object (95)	3		10	1
2456	2021-08-16 11:31:31.028116+03	94	Sale object (94)	3		10	1
2457	2021-08-16 11:31:31.028665+03	93	Sale object (93)	3		10	1
2458	2021-08-16 11:31:31.030666+03	60	Sale object (60)	3		10	1
2459	2021-08-16 11:31:31.03166+03	59	Sale object (59)	3		10	1
2460	2021-08-16 11:31:31.032768+03	58	Sale object (58)	3		10	1
2461	2021-08-16 11:31:31.033866+03	57	Sale object (57)	3		10	1
2462	2021-08-16 11:31:31.034387+03	56	Sale object (56)	3		10	1
2463	2021-08-16 11:31:31.035426+03	55	Sale object (55)	3		10	1
2464	2021-08-16 11:31:31.037384+03	54	Sale object (54)	3		10	1
2465	2021-08-16 11:31:31.038651+03	53	Sale object (53)	3		10	1
2466	2021-08-16 11:31:31.039756+03	52	Sale object (52)	3		10	1
2467	2021-08-16 11:31:31.040822+03	51	Sale object (51)	3		10	1
2468	2021-08-16 11:31:31.041866+03	50	Sale object (50)	3		10	1
2469	2021-08-16 11:31:31.0429+03	49	Sale object (49)	3		10	1
2470	2021-08-16 11:31:31.043977+03	48	Sale object (48)	3		10	1
2471	2021-08-16 11:31:31.044977+03	47	Sale object (47)	3		10	1
2472	2021-08-16 11:31:31.046059+03	46	Sale object (46)	3		10	1
2473	2021-08-16 11:31:31.04706+03	45	Sale object (45)	3		10	1
2474	2021-08-16 11:31:31.04785+03	44	Sale object (44)	3		10	1
2475	2021-08-16 11:31:31.048851+03	43	Sale object (43)	3		10	1
2476	2021-08-16 11:31:31.050845+03	42	Sale object (42)	3		10	1
2477	2021-08-16 11:31:31.051843+03	41	Sale object (41)	3		10	1
2478	2021-08-16 11:31:31.053838+03	40	Sale object (40)	3		10	1
2479	2021-08-16 11:31:31.056705+03	39	Sale object (39)	3		10	1
2480	2021-08-16 11:31:31.057706+03	38	Sale object (38)	3		10	1
2481	2021-08-16 11:31:31.059993+03	37	Sale object (37)	3		10	1
2482	2021-08-16 11:31:31.060994+03	36	Sale object (36)	3		10	1
2483	2021-08-16 11:31:31.062706+03	35	Sale object (35)	3		10	1
2484	2021-08-16 11:31:31.063705+03	34	Sale object (34)	3		10	1
2485	2021-08-16 11:31:31.064704+03	33	Sale object (33)	3		10	1
2486	2021-08-16 11:31:31.065702+03	32	Sale object (32)	3		10	1
2487	2021-08-16 11:31:31.066697+03	31	Sale object (31)	3		10	1
2488	2021-08-16 11:31:31.067695+03	30	Sale object (30)	3		10	1
2489	2021-08-16 11:31:31.069728+03	29	Sale object (29)	3		10	1
2490	2021-08-16 11:31:31.070914+03	28	Sale object (28)	3		10	1
2491	2021-08-16 11:31:31.072001+03	27	Sale object (27)	3		10	1
2492	2021-08-16 11:31:31.073151+03	26	Sale object (26)	3		10	1
2493	2021-08-16 11:31:31.074286+03	25	Sale object (25)	3		10	1
2494	2021-08-16 11:31:31.075397+03	24	Sale object (24)	3		10	1
2495	2021-08-16 11:31:31.07649+03	23	Sale object (23)	3		10	1
2496	2021-08-16 11:31:31.077752+03	22	Sale object (22)	3		10	1
2497	2021-08-16 11:31:31.078756+03	21	Sale object (21)	3		10	1
2498	2021-08-16 11:31:31.079754+03	20	Sale object (20)	3		10	1
2499	2021-08-16 11:31:31.08075+03	19	Sale object (19)	3		10	1
2500	2021-08-16 11:31:31.081745+03	18	Sale object (18)	3		10	1
2501	2021-08-16 11:31:31.082743+03	17	Sale object (17)	3		10	1
2502	2021-08-16 11:31:31.084737+03	16	Sale object (16)	3		10	1
2503	2021-08-16 11:31:31.085736+03	15	Sale object (15)	3		10	1
2504	2021-08-16 11:31:31.088729+03	14	Sale object (14)	3		10	1
2505	2021-08-16 11:31:31.090861+03	13	Sale object (13)	3		10	1
2506	2021-08-16 11:31:31.091993+03	12	Sale object (12)	3		10	1
2507	2021-08-16 11:31:31.092523+03	11	Sale object (11)	3		10	1
2508	2021-08-16 11:31:31.094357+03	10	Sale object (10)	3		10	1
2509	2021-08-16 11:31:31.095492+03	9	Sale object (9)	3		10	1
2510	2021-08-16 11:31:31.096493+03	8	Sale object (8)	3		10	1
2511	2021-08-16 11:31:39.642139+03	1172	RemainderHistory object (1172)	3		12	1
2512	2021-08-16 11:31:39.646133+03	1171	RemainderHistory object (1171)	3		12	1
2513	2021-08-16 11:31:39.648126+03	1170	RemainderHistory object (1170)	3		12	1
2514	2021-08-16 11:31:39.649124+03	1169	RemainderHistory object (1169)	3		12	1
2515	2021-08-16 11:31:39.65012+03	1168	RemainderHistory object (1168)	3		12	1
2516	2021-08-16 11:31:39.651118+03	1167	RemainderHistory object (1167)	3		12	1
2517	2021-08-16 11:31:39.652113+03	1166	RemainderHistory object (1166)	3		12	1
2518	2021-08-16 11:31:39.654108+03	1165	RemainderHistory object (1165)	3		12	1
2519	2021-08-16 11:31:39.655107+03	1164	RemainderHistory object (1164)	3		12	1
2520	2021-08-16 11:31:39.656102+03	1163	RemainderHistory object (1163)	3		12	1
2521	2021-08-16 11:31:39.6571+03	1130	RemainderHistory object (1130)	3		12	1
2522	2021-08-16 11:31:39.658096+03	1129	RemainderHistory object (1129)	3		12	1
2523	2021-08-16 11:31:39.659094+03	1128	RemainderHistory object (1128)	3		12	1
2524	2021-08-16 11:31:39.660093+03	1127	RemainderHistory object (1127)	3		12	1
2525	2021-08-16 11:31:39.66109+03	1126	RemainderHistory object (1126)	3		12	1
2526	2021-08-16 11:31:39.662087+03	1125	RemainderHistory object (1125)	3		12	1
2527	2021-08-16 11:31:39.663084+03	1124	RemainderHistory object (1124)	3		12	1
2528	2021-08-16 11:31:39.664084+03	1123	RemainderHistory object (1123)	3		12	1
2529	2021-08-16 11:31:39.665081+03	1122	RemainderHistory object (1122)	3		12	1
2530	2021-08-16 11:31:39.66608+03	1121	RemainderHistory object (1121)	3		12	1
2531	2021-08-16 11:31:39.667075+03	1120	RemainderHistory object (1120)	3		12	1
2532	2021-08-16 11:31:39.668108+03	1119	RemainderHistory object (1119)	3		12	1
2533	2021-08-16 11:31:39.67007+03	1118	RemainderHistory object (1118)	3		12	1
2534	2021-08-16 11:31:39.671063+03	1117	RemainderHistory object (1117)	3		12	1
2535	2021-08-16 11:31:39.673059+03	1116	RemainderHistory object (1116)	3		12	1
2536	2021-08-16 11:31:39.674054+03	1115	RemainderHistory object (1115)	3		12	1
2537	2021-08-16 11:31:39.675051+03	1114	RemainderHistory object (1114)	3		12	1
2538	2021-08-16 11:31:39.67605+03	1113	RemainderHistory object (1113)	3		12	1
2539	2021-08-16 11:31:39.677046+03	1112	RemainderHistory object (1112)	3		12	1
2540	2021-08-16 11:31:39.67808+03	1111	RemainderHistory object (1111)	3		12	1
2541	2021-08-16 11:31:39.680042+03	1110	RemainderHistory object (1110)	3		12	1
2542	2021-08-16 11:31:39.681038+03	1109	RemainderHistory object (1109)	3		12	1
2543	2021-08-16 11:31:39.682035+03	1108	RemainderHistory object (1108)	3		12	1
2544	2021-08-16 11:31:39.683032+03	1107	RemainderHistory object (1107)	3		12	1
2545	2021-08-16 11:31:39.68403+03	1106	RemainderHistory object (1106)	3		12	1
2546	2021-08-16 11:31:39.685025+03	1105	RemainderHistory object (1105)	3		12	1
2547	2021-08-16 11:31:39.686023+03	1104	RemainderHistory object (1104)	3		12	1
2548	2021-08-16 11:31:39.68702+03	1103	RemainderHistory object (1103)	3		12	1
2549	2021-08-16 11:31:39.688053+03	1102	RemainderHistory object (1102)	3		12	1
2550	2021-08-16 11:31:39.689807+03	1101	RemainderHistory object (1101)	3		12	1
2551	2021-08-16 11:31:39.690937+03	1100	RemainderHistory object (1100)	3		12	1
2552	2021-08-16 11:31:39.692026+03	1099	RemainderHistory object (1099)	3		12	1
2553	2021-08-16 11:31:39.693028+03	1098	RemainderHistory object (1098)	3		12	1
2554	2021-08-16 11:31:39.694065+03	1097	RemainderHistory object (1097)	3		12	1
2555	2021-08-16 11:31:39.696061+03	1096	RemainderHistory object (1096)	3		12	1
2556	2021-08-16 11:31:39.697292+03	1095	RemainderHistory object (1095)	3		12	1
2557	2021-08-16 11:31:39.698272+03	1094	RemainderHistory object (1094)	3		12	1
2558	2021-08-16 11:31:39.699282+03	1092	RemainderHistory object (1092)	3		12	1
2559	2021-08-16 11:31:39.700301+03	1091	RemainderHistory object (1091)	3		12	1
2560	2021-08-16 11:31:39.701301+03	1090	RemainderHistory object (1090)	3		12	1
2561	2021-08-16 11:31:39.702864+03	1089	RemainderHistory object (1089)	3		12	1
2562	2021-08-16 11:31:39.703864+03	1088	RemainderHistory object (1088)	3		12	1
2563	2021-08-16 11:31:39.704861+03	1087	RemainderHistory object (1087)	3		12	1
2564	2021-08-16 11:31:39.705305+03	1093	RemainderHistory object (1093)	3		12	1
2565	2021-08-16 11:31:39.707035+03	1085	RemainderHistory object (1085)	3		12	1
2566	2021-08-16 11:31:39.708174+03	1084	RemainderHistory object (1084)	3		12	1
2567	2021-08-16 11:31:39.709174+03	1083	RemainderHistory object (1083)	3		12	1
2568	2021-08-16 11:31:39.710172+03	1082	RemainderHistory object (1082)	3		12	1
2569	2021-08-16 11:31:39.711169+03	1081	RemainderHistory object (1081)	3		12	1
2570	2021-08-16 11:31:39.712166+03	1080	RemainderHistory object (1080)	3		12	1
2571	2021-08-16 11:31:39.713673+03	1079	RemainderHistory object (1079)	3		12	1
2572	2021-08-16 11:31:39.714767+03	1078	RemainderHistory object (1078)	3		12	1
2573	2021-08-16 11:31:39.715902+03	1077	RemainderHistory object (1077)	3		12	1
2574	2021-08-16 11:31:39.716422+03	1076	RemainderHistory object (1076)	3		12	1
2575	2021-08-16 11:31:39.718154+03	1075	RemainderHistory object (1075)	3		12	1
2576	2021-08-16 11:31:39.71929+03	1074	RemainderHistory object (1074)	3		12	1
2577	2021-08-16 11:31:39.720345+03	1073	RemainderHistory object (1073)	3		12	1
2578	2021-08-16 11:31:39.721394+03	1072	RemainderHistory object (1072)	3		12	1
2579	2021-08-16 11:31:39.722396+03	1071	RemainderHistory object (1071)	3		12	1
2580	2021-08-16 11:31:39.723392+03	1070	RemainderHistory object (1070)	3		12	1
2581	2021-08-16 11:31:39.72439+03	1069	RemainderHistory object (1069)	3		12	1
2582	2021-08-16 11:31:39.726384+03	1086	RemainderHistory object (1086)	3		12	1
2583	2021-08-16 11:31:39.72773+03	1068	RemainderHistory object (1068)	3		12	1
2584	2021-08-16 11:31:39.728873+03	1067	RemainderHistory object (1067)	3		12	1
2585	2021-08-16 11:31:39.729393+03	1064	RemainderHistory object (1064)	3		12	1
2586	2021-08-16 11:31:46.523564+03	294	RemainderCurrent object (294)	3		13	1
2587	2021-08-16 11:31:46.527893+03	293	RemainderCurrent object (293)	3		13	1
2588	2021-08-16 11:31:46.530083+03	292	RemainderCurrent object (292)	3		13	1
2589	2021-08-16 11:31:46.532081+03	291	RemainderCurrent object (291)	3		13	1
2590	2021-08-16 11:31:54.978562+03	818	Register object (818)	3		14	1
2591	2021-08-16 11:31:54.982681+03	817	Register object (817)	3		14	1
2592	2021-08-16 11:31:54.984004+03	812	Register object (812)	3		14	1
2593	2021-08-16 11:31:54.985241+03	811	Register object (811)	3		14	1
2594	2021-08-16 11:31:54.986488+03	810	Register object (810)	3		14	1
2595	2021-08-16 11:31:54.987032+03	809	Register object (809)	3		14	1
2596	2021-08-16 11:31:54.98893+03	806	Register object (806)	3		14	1
2597	2021-08-16 11:31:54.990056+03	804	Register object (804)	3		14	1
2598	2021-08-16 11:31:54.991171+03	803	Register object (803)	3		14	1
2599	2021-08-16 11:31:54.992284+03	802	Register object (802)	3		14	1
2600	2021-08-16 11:31:54.993285+03	797	Register object (797)	3		14	1
2601	2021-08-16 11:31:54.994322+03	796	Register object (796)	3		14	1
2602	2021-08-16 11:31:54.995359+03	795	Register object (795)	3		14	1
2603	2021-08-16 11:31:54.99632+03	787	Register object (787)	3		14	1
2604	2021-08-16 11:31:54.997318+03	786	Register object (786)	3		14	1
2605	2021-08-16 11:31:54.999008+03	784	Register object (784)	3		14	1
2606	2021-08-16 11:31:55.00016+03	774	Register object (774)	3		14	1
2607	2021-08-16 11:31:55.001236+03	773	Register object (773)	3		14	1
2608	2021-08-16 11:31:55.002334+03	772	Register object (772)	3		14	1
2609	2021-08-16 11:31:55.003404+03	766	Register object (766)	3		14	1
2610	2021-08-16 11:31:55.004522+03	753	Register object (753)	3		14	1
2611	2021-08-16 11:31:55.00566+03	752	Register object (752)	3		14	1
2612	2021-08-16 11:31:55.006202+03	717	Register object (717)	3		14	1
2613	2021-08-16 11:31:55.007242+03	715	Register object (715)	3		14	1
2614	2021-08-16 11:31:55.009068+03	704	Register object (704)	3		14	1
2615	2021-08-16 11:31:55.01021+03	700	Register object (700)	3		14	1
2616	2021-08-16 11:31:55.011211+03	699	Register object (699)	3		14	1
2617	2021-08-16 11:31:55.012208+03	696	Register object (696)	3		14	1
2618	2021-08-16 11:31:55.013207+03	691	Register object (691)	3		14	1
2619	2021-08-16 11:31:55.015228+03	689	Register object (689)	3		14	1
2620	2021-08-16 11:31:55.016568+03	682	Register object (682)	3		14	1
2621	2021-08-16 11:31:55.017694+03	669	Register object (669)	3		14	1
2622	2021-08-16 11:32:03.480232+03	815	Identifier object (815)	3		8	1
2623	2021-08-16 11:32:03.487245+03	814	Identifier object (814)	3		8	1
2624	2021-08-16 11:32:03.488206+03	809	Identifier object (809)	3		8	1
2625	2021-08-16 11:32:03.490203+03	808	Identifier object (808)	3		8	1
2626	2021-08-16 11:32:03.492196+03	807	Identifier object (807)	3		8	1
2627	2021-08-16 11:32:03.493194+03	806	Identifier object (806)	3		8	1
2628	2021-08-16 11:32:03.49519+03	804	Identifier object (804)	3		8	1
2629	2021-08-16 11:32:03.496185+03	802	Identifier object (802)	3		8	1
2630	2021-08-16 11:32:03.497183+03	800	Identifier object (800)	3		8	1
2631	2021-08-16 11:32:03.49818+03	799	Identifier object (799)	3		8	1
2632	2021-08-16 11:32:03.499177+03	798	Identifier object (798)	3		8	1
2633	2021-08-16 11:32:03.500175+03	793	Identifier object (793)	3		8	1
2634	2021-08-16 11:32:03.502171+03	792	Identifier object (792)	3		8	1
2635	2021-08-16 11:32:03.503168+03	791	Identifier object (791)	3		8	1
2636	2021-08-16 11:32:03.504165+03	783	Identifier object (783)	3		8	1
2637	2021-08-16 11:32:03.505164+03	782	Identifier object (782)	3		8	1
2638	2021-08-16 11:32:03.506161+03	781	Identifier object (781)	3		8	1
2639	2021-08-16 11:32:03.507158+03	779	Identifier object (779)	3		8	1
2640	2021-08-16 11:32:03.509153+03	769	Identifier object (769)	3		8	1
2641	2021-08-16 11:32:03.510348+03	768	Identifier object (768)	3		8	1
2642	2021-08-16 11:32:03.511485+03	767	Identifier object (767)	3		8	1
2643	2021-08-16 11:32:03.512543+03	757	Identifier object (757)	3		8	1
2644	2021-08-16 11:32:03.513765+03	744	Identifier object (744)	3		8	1
2645	2021-08-16 11:32:03.514866+03	740	Identifier object (740)	3		8	1
2646	2021-08-16 11:32:03.515916+03	739	Identifier object (739)	3		8	1
2647	2021-08-16 11:32:03.516431+03	704	Identifier object (704)	3		8	1
2648	2021-08-16 11:32:03.518138+03	703	Identifier object (703)	3		8	1
2649	2021-08-16 11:32:03.519271+03	696	Identifier object (696)	3		8	1
2650	2021-08-16 11:32:03.519806+03	695	Identifier object (695)	3		8	1
2651	2021-08-16 11:32:03.521804+03	694	Identifier object (694)	3		8	1
2652	2021-08-16 11:32:03.523163+03	692	Identifier object (692)	3		8	1
2653	2021-08-16 11:32:03.523749+03	691	Identifier object (691)	3		8	1
2654	2021-08-16 11:32:03.524749+03	682	Identifier object (682)	3		8	1
2655	2021-08-16 11:32:03.526744+03	680	Identifier object (680)	3		8	1
2656	2021-08-16 11:32:03.52774+03	677	Identifier object (677)	3		8	1
2657	2021-08-16 11:32:03.528739+03	676	Identifier object (676)	3		8	1
2658	2021-08-16 11:32:03.529739+03	671	Identifier object (671)	3		8	1
2659	2021-08-16 11:32:03.530733+03	665	Identifier object (665)	3		8	1
2660	2021-08-16 11:32:03.532728+03	663	Identifier object (663)	3		8	1
2661	2021-08-16 11:32:03.533728+03	655	Identifier object (655)	3		8	1
2662	2021-08-16 11:32:03.53572+03	641	Identifier object (641)	3		8	1
2663	2021-08-16 11:32:12.828241+03	693	Document object (693)	3		7	1
2664	2021-08-16 11:32:12.841039+03	692	Document object (692)	3		7	1
2665	2021-08-16 11:32:12.842375+03	691	Document object (691)	3		7	1
2666	2021-08-16 11:32:12.843473+03	690	Document object (690)	3		7	1
2667	2021-08-16 11:32:12.845471+03	689	Document object (689)	3		7	1
2668	2021-08-16 11:32:12.854448+03	688	Document object (688)	3		7	1
2669	2021-08-16 11:32:12.855448+03	687	Document object (687)	3		7	1
2670	2021-08-16 11:32:12.856484+03	686	Document object (686)	3		7	1
2671	2021-08-16 11:32:12.857477+03	685	Document object (685)	3		7	1
2672	2021-08-16 11:32:12.858475+03	684	Document object (684)	3		7	1
2673	2021-08-16 11:32:12.859472+03	683	Document object (683)	3		7	1
2674	2021-08-16 11:32:12.86143+03	682	Document object (682)	3		7	1
2675	2021-08-16 11:32:12.863423+03	681	Document object (681)	3		7	1
2676	2021-08-16 11:32:12.865419+03	680	Document object (680)	3		7	1
2677	2021-08-16 11:32:12.866416+03	679	Document object (679)	3		7	1
2678	2021-08-16 11:32:12.867413+03	678	Document object (678)	3		7	1
2679	2021-08-16 11:32:12.868411+03	645	Document object (645)	3		7	1
2680	2021-08-16 11:32:12.869408+03	644	Document object (644)	3		7	1
2681	2021-08-16 11:32:12.870408+03	643	Document object (643)	3		7	1
2682	2021-08-16 11:32:12.871404+03	642	Document object (642)	3		7	1
2683	2021-08-16 11:32:12.873397+03	641	Document object (641)	3		7	1
2684	2021-08-16 11:32:12.874394+03	640	Document object (640)	3		7	1
2685	2021-08-16 11:32:12.875391+03	639	Document object (639)	3		7	1
2686	2021-08-16 11:32:12.876388+03	638	Document object (638)	3		7	1
2687	2021-08-16 11:32:12.877388+03	637	Document object (637)	3		7	1
2688	2021-08-16 11:32:12.878384+03	636	Document object (636)	3		7	1
2689	2021-08-16 11:32:12.879381+03	635	Document object (635)	3		7	1
2690	2021-08-16 11:32:12.880378+03	634	Document object (634)	3		7	1
2691	2021-08-16 11:32:12.881375+03	633	Document object (633)	3		7	1
2692	2021-08-16 11:32:12.882373+03	632	Document object (632)	3		7	1
2693	2021-08-16 11:32:12.88337+03	631	Document object (631)	3		7	1
2694	2021-08-16 11:32:12.884367+03	630	Document object (630)	3		7	1
2695	2021-08-16 11:32:12.886362+03	629	Document object (629)	3		7	1
2696	2021-08-16 11:32:12.88736+03	628	Document object (628)	3		7	1
2697	2021-08-16 11:32:12.888359+03	627	Document object (627)	3		7	1
2698	2021-08-16 11:32:12.889355+03	626	Document object (626)	3		7	1
2699	2021-08-16 11:32:12.890351+03	625	Document object (625)	3		7	1
2700	2021-08-16 11:32:12.891349+03	624	Document object (624)	3		7	1
2701	2021-08-16 11:32:12.892348+03	623	Document object (623)	3		7	1
2702	2021-08-16 11:32:12.894341+03	622	Document object (622)	3		7	1
2703	2021-08-16 11:32:12.895341+03	621	Document object (621)	3		7	1
2704	2021-08-16 11:32:12.896373+03	620	Document object (620)	3		7	1
2705	2021-08-16 11:32:12.897375+03	619	Document object (619)	3		7	1
2706	2021-08-16 11:32:12.898372+03	618	Document object (618)	3		7	1
2707	2021-08-16 11:32:12.899365+03	617	Document object (617)	3		7	1
2708	2021-08-16 11:32:12.900365+03	616	Document object (616)	3		7	1
2709	2021-08-16 11:32:12.902319+03	615	Document object (615)	3		7	1
2710	2021-08-16 11:32:12.903316+03	614	Document object (614)	3		7	1
2711	2021-08-16 11:32:12.904314+03	613	Document object (613)	3		7	1
2712	2021-08-16 11:32:12.905311+03	612	Document object (612)	3		7	1
2713	2021-08-16 11:32:12.907309+03	611	Document object (611)	3		7	1
2714	2021-08-16 11:32:12.908306+03	610	Document object (610)	3		7	1
2715	2021-08-16 11:32:12.909302+03	609	Document object (609)	3		7	1
2716	2021-08-16 11:32:12.911295+03	608	Document object (608)	3		7	1
2717	2021-08-16 11:32:12.912293+03	607	Document object (607)	3		7	1
2718	2021-08-16 11:32:12.913292+03	606	Document object (606)	3		7	1
2719	2021-08-16 11:32:12.914287+03	604	Document object (604)	3		7	1
2720	2021-08-16 11:32:12.915286+03	603	Document object (603)	3		7	1
2721	2021-08-16 11:32:12.916281+03	602	Document object (602)	3		7	1
2722	2021-08-16 11:32:12.91728+03	601	Document object (601)	3		7	1
2723	2021-08-16 11:32:12.918278+03	600	Document object (600)	3		7	1
2724	2021-08-16 11:32:12.919275+03	599	Document object (599)	3		7	1
2725	2021-08-16 11:32:12.920272+03	605	Document object (605)	3		7	1
2726	2021-08-16 11:32:12.92127+03	597	Document object (597)	3		7	1
2727	2021-08-16 11:32:12.922269+03	596	Document object (596)	3		7	1
2728	2021-08-16 11:32:12.923264+03	595	Document object (595)	3		7	1
2729	2021-08-16 11:32:12.924261+03	594	Document object (594)	3		7	1
2730	2021-08-16 11:32:12.926256+03	593	Document object (593)	3		7	1
2731	2021-08-16 11:32:12.927256+03	592	Document object (592)	3		7	1
2732	2021-08-16 11:32:12.928254+03	591	Document object (591)	3		7	1
2733	2021-08-16 11:32:12.929248+03	590	Document object (590)	3		7	1
2734	2021-08-16 11:32:12.930244+03	589	Document object (589)	3		7	1
2735	2021-08-16 11:32:12.931242+03	588	Document object (588)	3		7	1
2736	2021-08-16 11:32:12.932241+03	587	Document object (587)	3		7	1
2737	2021-08-16 11:32:12.933237+03	586	Document object (586)	3		7	1
2738	2021-08-16 11:32:12.934235+03	585	Document object (585)	3		7	1
2739	2021-08-16 11:32:12.935233+03	584	Document object (584)	3		7	1
2740	2021-08-16 11:32:12.936229+03	583	Document object (583)	3		7	1
2741	2021-08-16 11:32:12.937226+03	582	Document object (582)	3		7	1
2742	2021-08-16 11:32:12.938223+03	598	Document object (598)	3		7	1
2743	2021-08-16 11:32:12.939222+03	581	Document object (581)	3		7	1
2744	2021-08-16 11:32:12.940249+03	579	Document object (579)	3		7	1
2745	2021-08-16 11:32:26.707257+03	6	AvPrice object (6)	3		29	1
2746	2021-08-16 11:32:26.71409+03	5	AvPrice object (5)	3		29	1
2747	2021-08-16 11:32:33.629397+03	464	Delivery object (464)	3		9	1
2748	2021-08-16 11:32:33.632391+03	463	Delivery object (463)	3		9	1
2749	2021-08-16 11:32:33.634385+03	462	Delivery object (462)	3		9	1
2750	2021-08-16 11:32:48.145518+03	693	Document object (693)	3		7	1
2751	2021-08-16 11:32:48.150176+03	692	Document object (692)	3		7	1
2752	2021-08-16 11:32:48.151533+03	691	Document object (691)	3		7	1
2753	2021-08-16 11:32:48.152648+03	690	Document object (690)	3		7	1
2754	2021-08-16 11:32:48.153685+03	689	Document object (689)	3		7	1
2755	2021-08-16 11:32:48.155643+03	688	Document object (688)	3		7	1
2756	2021-08-16 11:32:48.15664+03	687	Document object (687)	3		7	1
2757	2021-08-16 11:32:48.157639+03	686	Document object (686)	3		7	1
2758	2021-08-16 11:32:48.159547+03	685	Document object (685)	3		7	1
2759	2021-08-16 11:32:48.160649+03	684	Document object (684)	3		7	1
2760	2021-08-16 11:32:48.161736+03	683	Document object (683)	3		7	1
2761	2021-08-16 11:32:48.162862+03	682	Document object (682)	3		7	1
2762	2021-08-16 11:32:48.163998+03	681	Document object (681)	3		7	1
2763	2021-08-16 11:32:48.165161+03	680	Document object (680)	3		7	1
2764	2021-08-16 11:32:48.166314+03	679	Document object (679)	3		7	1
2765	2021-08-16 11:32:48.167414+03	678	Document object (678)	3		7	1
2766	2021-08-16 11:32:48.168415+03	645	Document object (645)	3		7	1
2767	2021-08-16 11:32:48.169412+03	644	Document object (644)	3		7	1
2768	2021-08-16 11:32:48.170409+03	643	Document object (643)	3		7	1
2769	2021-08-16 11:32:48.171406+03	642	Document object (642)	3		7	1
2770	2021-08-16 11:32:48.172511+03	641	Document object (641)	3		7	1
2771	2021-08-16 11:32:48.173639+03	640	Document object (640)	3		7	1
2772	2021-08-16 11:32:48.174706+03	639	Document object (639)	3		7	1
2773	2021-08-16 11:32:48.175871+03	638	Document object (638)	3		7	1
2774	2021-08-16 11:32:48.176958+03	637	Document object (637)	3		7	1
2775	2021-08-16 11:32:48.177466+03	636	Document object (636)	3		7	1
2776	2021-08-16 11:32:48.178507+03	635	Document object (635)	3		7	1
2777	2021-08-16 11:32:48.179502+03	634	Document object (634)	3		7	1
2778	2021-08-16 11:32:48.181084+03	633	Document object (633)	3		7	1
2779	2021-08-16 11:32:48.182244+03	632	Document object (632)	3		7	1
2780	2021-08-16 11:32:48.18334+03	631	Document object (631)	3		7	1
2781	2021-08-16 11:32:48.18434+03	630	Document object (630)	3		7	1
2782	2021-08-16 11:32:48.185337+03	629	Document object (629)	3		7	1
2783	2021-08-16 11:32:48.186335+03	628	Document object (628)	3		7	1
2784	2021-08-16 11:32:48.188119+03	627	Document object (627)	3		7	1
2785	2021-08-16 11:32:48.189245+03	626	Document object (626)	3		7	1
2786	2021-08-16 11:32:48.190332+03	625	Document object (625)	3		7	1
2787	2021-08-16 11:32:48.191352+03	624	Document object (624)	3		7	1
2788	2021-08-16 11:32:48.192641+03	623	Document object (623)	3		7	1
2789	2021-08-16 11:32:48.19375+03	622	Document object (622)	3		7	1
2790	2021-08-16 11:32:48.194835+03	621	Document object (621)	3		7	1
2791	2021-08-16 11:32:48.195935+03	620	Document object (620)	3		7	1
2792	2021-08-16 11:32:48.19705+03	619	Document object (619)	3		7	1
2793	2021-08-16 11:32:48.198178+03	618	Document object (618)	3		7	1
2794	2021-08-16 11:32:48.199304+03	617	Document object (617)	3		7	1
2795	2021-08-16 11:32:48.200304+03	616	Document object (616)	3		7	1
2796	2021-08-16 11:32:48.201302+03	615	Document object (615)	3		7	1
2797	2021-08-16 11:32:48.202299+03	614	Document object (614)	3		7	1
2798	2021-08-16 11:32:48.203464+03	613	Document object (613)	3		7	1
2799	2021-08-16 11:32:48.204544+03	612	Document object (612)	3		7	1
2800	2021-08-16 11:32:48.205603+03	611	Document object (611)	3		7	1
2801	2021-08-16 11:32:48.20665+03	610	Document object (610)	3		7	1
2802	2021-08-16 11:32:48.207651+03	609	Document object (609)	3		7	1
2803	2021-08-16 11:32:48.208695+03	608	Document object (608)	3		7	1
2804	2021-08-16 11:32:48.209719+03	607	Document object (607)	3		7	1
2805	2021-08-16 11:32:48.211009+03	606	Document object (606)	3		7	1
2806	2021-08-16 11:32:48.212126+03	604	Document object (604)	3		7	1
2807	2021-08-16 11:32:48.213235+03	603	Document object (603)	3		7	1
2808	2021-08-16 11:32:48.214373+03	602	Document object (602)	3		7	1
2809	2021-08-16 11:32:48.21541+03	601	Document object (601)	3		7	1
2810	2021-08-16 11:32:48.216378+03	600	Document object (600)	3		7	1
2811	2021-08-16 11:32:48.217379+03	599	Document object (599)	3		7	1
2812	2021-08-16 11:32:48.218981+03	605	Document object (605)	3		7	1
2813	2021-08-16 11:32:48.219982+03	597	Document object (597)	3		7	1
2814	2021-08-16 11:32:48.220979+03	596	Document object (596)	3		7	1
2815	2021-08-16 11:32:48.221977+03	595	Document object (595)	3		7	1
2816	2021-08-16 11:32:48.223971+03	594	Document object (594)	3		7	1
2817	2021-08-16 11:32:48.225367+03	593	Document object (593)	3		7	1
2818	2021-08-16 11:32:48.225955+03	592	Document object (592)	3		7	1
2819	2021-08-16 11:32:48.227511+03	591	Document object (591)	3		7	1
2820	2021-08-16 11:32:48.228512+03	590	Document object (590)	3		7	1
2821	2021-08-16 11:32:48.229704+03	589	Document object (589)	3		7	1
2822	2021-08-16 11:32:48.230807+03	588	Document object (588)	3		7	1
2823	2021-08-16 11:32:48.231373+03	587	Document object (587)	3		7	1
2824	2021-08-16 11:32:48.232411+03	586	Document object (586)	3		7	1
2825	2021-08-16 11:32:48.234369+03	585	Document object (585)	3		7	1
2826	2021-08-16 11:32:48.235402+03	584	Document object (584)	3		7	1
2827	2021-08-16 11:32:48.236642+03	583	Document object (583)	3		7	1
2828	2021-08-16 11:32:48.238025+03	582	Document object (582)	3		7	1
2829	2021-08-16 11:32:48.23917+03	598	Document object (598)	3		7	1
2830	2021-08-16 11:32:48.240248+03	581	Document object (581)	3		7	1
2831	2021-08-16 11:32:48.241252+03	579	Document object (579)	3		7	1
2832	2021-08-16 11:33:18.860827+03	8	Card object (8)	3		24	1
2833	2021-08-16 11:33:18.8677+03	7	Card object (7)	3		24	1
2834	2021-08-16 11:33:18.869205+03	6	Card object (6)	3		24	1
2835	2021-08-16 11:33:25.268369+03	5	CashRemainder object (5)	3		22	1
2836	2021-08-16 11:33:34.184854+03	17	Cash object (17)	3		21	1
2837	2021-08-16 11:33:34.189836+03	18	Cash object (18)	3		21	1
2838	2021-08-16 11:33:34.191836+03	19	Cash object (19)	3		21	1
2839	2021-08-16 11:33:34.193827+03	20	Cash object (20)	3		21	1
2840	2021-08-16 11:33:34.194827+03	21	Cash object (21)	3		21	1
2841	2021-08-16 11:33:34.196816+03	22	Cash object (22)	3		21	1
2842	2021-08-16 11:33:34.198816+03	23	Cash object (23)	3		21	1
2843	2021-08-16 11:33:34.201+03	24	Cash object (24)	3		21	1
2844	2021-08-16 11:33:34.202471+03	25	Cash object (25)	3		21	1
2845	2021-08-16 11:33:34.203473+03	58	Cash object (58)	3		21	1
2846	2021-08-16 11:33:34.20547+03	59	Cash object (59)	3		21	1
2847	2021-08-16 11:33:34.207462+03	60	Cash object (60)	3		21	1
2848	2021-08-16 11:33:34.208813+03	61	Cash object (61)	3		21	1
2849	2021-08-16 11:33:34.210193+03	62	Cash object (62)	3		21	1
2850	2021-08-16 11:33:34.211582+03	63	Cash object (63)	3		21	1
2851	2021-08-16 11:33:34.212265+03	64	Cash object (64)	3		21	1
2852	2021-08-16 11:33:40.592253+03	6	Credit object (6)	3		23	1
2853	2021-08-16 11:33:40.599232+03	5	Credit object (5)	3		23	1
2854	2021-08-16 11:33:40.60023+03	4	Credit object (4)	3		23	1
2855	2021-08-16 11:34:02.822587+03	693	Document object (693)	3		7	1
2856	2021-08-16 11:34:02.827575+03	692	Document object (692)	3		7	1
2857	2021-08-16 11:34:02.828572+03	691	Document object (691)	3		7	1
2858	2021-08-16 11:34:02.829572+03	690	Document object (690)	3		7	1
2859	2021-08-16 11:34:02.831564+03	689	Document object (689)	3		7	1
2860	2021-08-16 11:34:02.832564+03	688	Document object (688)	3		7	1
2861	2021-08-16 11:34:02.834559+03	687	Document object (687)	3		7	1
2862	2021-08-16 11:34:02.835554+03	686	Document object (686)	3		7	1
2863	2021-08-16 11:34:02.836551+03	685	Document object (685)	3		7	1
2864	2021-08-16 11:34:02.837548+03	684	Document object (684)	3		7	1
2865	2021-08-16 11:34:02.838546+03	683	Document object (683)	3		7	1
2866	2021-08-16 11:34:02.839543+03	682	Document object (682)	3		7	1
2867	2021-08-16 11:34:02.841537+03	681	Document object (681)	3		7	1
2868	2021-08-16 11:34:02.842535+03	680	Document object (680)	3		7	1
2869	2021-08-16 11:34:02.843532+03	679	Document object (679)	3		7	1
2870	2021-08-16 11:34:02.844532+03	678	Document object (678)	3		7	1
2871	2021-08-16 11:34:02.846526+03	645	Document object (645)	3		7	1
2872	2021-08-16 11:34:02.847521+03	644	Document object (644)	3		7	1
2873	2021-08-16 11:34:02.84852+03	643	Document object (643)	3		7	1
2874	2021-08-16 11:34:02.849517+03	642	Document object (642)	3		7	1
2875	2021-08-16 11:34:02.850514+03	641	Document object (641)	3		7	1
2876	2021-08-16 11:34:02.85251+03	640	Document object (640)	3		7	1
2877	2021-08-16 11:34:02.853507+03	639	Document object (639)	3		7	1
2878	2021-08-16 11:34:02.854506+03	638	Document object (638)	3		7	1
2879	2021-08-16 11:34:02.855503+03	637	Document object (637)	3		7	1
2880	2021-08-16 11:34:02.857497+03	636	Document object (636)	3		7	1
2881	2021-08-16 11:34:02.858492+03	635	Document object (635)	3		7	1
2882	2021-08-16 11:34:02.859489+03	634	Document object (634)	3		7	1
2883	2021-08-16 11:34:02.860487+03	633	Document object (633)	3		7	1
2884	2021-08-16 11:34:02.861484+03	632	Document object (632)	3		7	1
2885	2021-08-16 11:34:02.862482+03	631	Document object (631)	3		7	1
2886	2021-08-16 11:34:02.863482+03	630	Document object (630)	3		7	1
2887	2021-08-16 11:34:02.864479+03	629	Document object (629)	3		7	1
2888	2021-08-16 11:34:02.866471+03	628	Document object (628)	3		7	1
2889	2021-08-16 11:34:02.86747+03	627	Document object (627)	3		7	1
2890	2021-08-16 11:34:02.868466+03	626	Document object (626)	3		7	1
2891	2021-08-16 11:34:02.869464+03	625	Document object (625)	3		7	1
2892	2021-08-16 11:34:02.870461+03	624	Document object (624)	3		7	1
2893	2021-08-16 11:34:02.87146+03	623	Document object (623)	3		7	1
2894	2021-08-16 11:34:02.872458+03	622	Document object (622)	3		7	1
2895	2021-08-16 11:34:02.874452+03	621	Document object (621)	3		7	1
2896	2021-08-16 11:34:02.875451+03	620	Document object (620)	3		7	1
2897	2021-08-16 11:34:02.876444+03	619	Document object (619)	3		7	1
2898	2021-08-16 11:34:02.878442+03	618	Document object (618)	3		7	1
2899	2021-08-16 11:34:02.87944+03	617	Document object (617)	3		7	1
2900	2021-08-16 11:34:02.880436+03	616	Document object (616)	3		7	1
2901	2021-08-16 11:34:02.882434+03	615	Document object (615)	3		7	1
2902	2021-08-16 11:34:02.883426+03	614	Document object (614)	3		7	1
2903	2021-08-16 11:34:02.884423+03	613	Document object (613)	3		7	1
2904	2021-08-16 11:34:02.885421+03	612	Document object (612)	3		7	1
2905	2021-08-16 11:34:02.886455+03	611	Document object (611)	3		7	1
2906	2021-08-16 11:34:02.888415+03	610	Document object (610)	3		7	1
2907	2021-08-16 11:34:02.889411+03	609	Document object (609)	3		7	1
2908	2021-08-16 11:34:02.890406+03	608	Document object (608)	3		7	1
2909	2021-08-16 11:34:02.891406+03	607	Document object (607)	3		7	1
2910	2021-08-16 11:34:02.892402+03	606	Document object (606)	3		7	1
2911	2021-08-16 11:34:02.893399+03	604	Document object (604)	3		7	1
2912	2021-08-16 11:34:02.894399+03	603	Document object (603)	3		7	1
2913	2021-08-16 11:34:02.895397+03	602	Document object (602)	3		7	1
2914	2021-08-16 11:34:02.897391+03	601	Document object (601)	3		7	1
2915	2021-08-16 11:34:02.898385+03	600	Document object (600)	3		7	1
2916	2021-08-16 11:34:02.899384+03	599	Document object (599)	3		7	1
2917	2021-08-16 11:34:02.90038+03	605	Document object (605)	3		7	1
2918	2021-08-16 11:34:02.901378+03	597	Document object (597)	3		7	1
2919	2021-08-16 11:34:02.902377+03	596	Document object (596)	3		7	1
2920	2021-08-16 11:34:02.904372+03	595	Document object (595)	3		7	1
2921	2021-08-16 11:34:02.905366+03	594	Document object (594)	3		7	1
2922	2021-08-16 11:34:02.906364+03	593	Document object (593)	3		7	1
2923	2021-08-16 11:34:02.907362+03	592	Document object (592)	3		7	1
2924	2021-08-16 11:34:02.909356+03	591	Document object (591)	3		7	1
2925	2021-08-16 11:34:02.91103+03	590	Document object (590)	3		7	1
2926	2021-08-16 11:34:02.912633+03	589	Document object (589)	3		7	1
2927	2021-08-16 11:34:02.913919+03	588	Document object (588)	3		7	1
2928	2021-08-16 11:34:02.915069+03	587	Document object (587)	3		7	1
2929	2021-08-16 11:34:02.916784+03	586	Document object (586)	3		7	1
2930	2021-08-16 11:34:02.918026+03	585	Document object (585)	3		7	1
2931	2021-08-16 11:34:02.919156+03	584	Document object (584)	3		7	1
2932	2021-08-16 11:34:02.920318+03	583	Document object (583)	3		7	1
2933	2021-08-16 11:34:02.921462+03	582	Document object (582)	3		7	1
2934	2021-08-16 11:34:02.922464+03	598	Document object (598)	3		7	1
2935	2021-08-16 11:34:02.923497+03	581	Document object (581)	3		7	1
2936	2021-08-16 11:34:02.924458+03	579	Document object (579)	3		7	1
2937	2021-08-16 11:41:29.493455+03	1178	RemainderHistory object (1178)	3		12	1
2938	2021-08-16 11:41:29.500516+03	1177	RemainderHistory object (1177)	3		12	1
2939	2021-08-16 11:41:29.50243+03	1176	RemainderHistory object (1176)	3		12	1
2940	2021-08-16 11:41:29.503731+03	1175	RemainderHistory object (1175)	3		12	1
2941	2021-08-16 11:41:29.504982+03	1174	RemainderHistory object (1174)	3		12	1
2942	2021-08-16 11:41:29.506206+03	1173	RemainderHistory object (1173)	3		12	1
2943	2021-08-16 11:41:35.265375+03	296	RemainderCurrent object (296)	3		13	1
2944	2021-08-16 11:41:35.278229+03	295	RemainderCurrent object (295)	3		13	1
2945	2021-08-16 11:41:40.594661+03	177	Transfer object (177)	3		11	1
2946	2021-08-16 11:41:40.598848+03	176	Transfer object (176)	3		11	1
2947	2021-08-16 11:41:46.419323+03	107	Sale object (107)	3		10	1
2948	2021-08-16 11:41:59.647999+03	817	Identifier object (817)	3		8	1
2949	2021-08-16 11:42:10.816011+03	465	Delivery object (465)	3		9	1
2950	2021-08-16 11:42:16.003098+03	7	AvPrice object (7)	3		29	1
2951	2021-08-16 11:42:24.818057+03	6	CashRemainder object (6)	3		22	1
2952	2021-08-16 11:42:30.689599+03	65	Cash object (65)	3		21	1
2953	2021-08-16 11:42:42.980683+03	697	Document object (697)	3		7	1
2954	2021-08-16 11:42:42.993509+03	696	Document object (696)	3		7	1
2955	2021-08-16 11:42:42.998538+03	695	Document object (695)	3		7	1
2956	2021-08-16 11:42:43.001484+03	694	Document object (694)	3		7	1
2957	2021-08-16 11:47:28.646683+03	179	Transfer object (179)	3		11	1
2958	2021-08-16 11:47:28.649451+03	178	Transfer object (178)	3		11	1
2959	2021-08-16 11:47:33.828572+03	110	Sale object (110)	3		10	1
2960	2021-08-16 11:47:33.834422+03	109	Sale object (109)	3		10	1
2961	2021-08-16 11:47:33.848623+03	108	Sale object (108)	3		10	1
2962	2021-08-16 11:47:39.719378+03	1182	RemainderHistory object (1182)	3		12	1
2963	2021-08-16 11:47:39.727358+03	1184	RemainderHistory object (1184)	3		12	1
2964	2021-08-16 11:47:39.728353+03	1183	RemainderHistory object (1183)	3		12	1
2965	2021-08-16 11:47:39.730351+03	1186	RemainderHistory object (1186)	3		12	1
2966	2021-08-16 11:47:39.732342+03	1185	RemainderHistory object (1185)	3		12	1
2967	2021-08-16 11:47:39.734338+03	1181	RemainderHistory object (1181)	3		12	1
2968	2021-08-16 11:47:39.735335+03	1180	RemainderHistory object (1180)	3		12	1
2969	2021-08-16 11:47:39.737333+03	1179	RemainderHistory object (1179)	3		12	1
2970	2021-08-16 11:47:46.64727+03	298	RemainderCurrent object (298)	3		13	1
2971	2021-08-16 11:47:46.656875+03	297	RemainderCurrent object (297)	3		13	1
2972	2021-08-16 11:47:58.21684+03	466	Delivery object (466)	3		9	1
2973	2021-08-16 11:48:03.680483+03	8	AvPrice object (8)	3		29	1
2974	2021-08-16 11:48:12.217924+03	7	CashRemainder object (7)	3		22	1
2975	2021-08-16 11:48:17.168827+03	68	Cash object (68)	3		21	1
2976	2021-08-16 11:48:17.180888+03	67	Cash object (67)	3		21	1
2977	2021-08-16 11:48:17.183886+03	66	Cash object (66)	3		21	1
2978	2021-08-16 11:48:34.243937+03	698	Document object (698)	3		7	1
2979	2021-08-16 11:48:34.252103+03	701	Document object (701)	3		7	1
2980	2021-08-16 11:48:34.253686+03	699	Document object (699)	3		7	1
2981	2021-08-16 11:48:34.254944+03	700	Document object (700)	3		7	1
2982	2021-08-16 11:48:34.256154+03	703	Document object (703)	3		7	1
2983	2021-08-16 11:48:34.257692+03	702	Document object (702)	3		7	1
2984	2021-08-16 11:51:18.918608+03	180	Transfer object (180)	3		11	1
2985	2021-08-16 11:51:39.470092+03	111	Sale object (111)	3		10	1
2986	2021-08-16 11:51:47.165094+03	1190	RemainderHistory object (1190)	3		12	1
2987	2021-08-16 11:51:47.170126+03	1189	RemainderHistory object (1189)	3		12	1
2988	2021-08-16 11:51:47.171514+03	1188	RemainderHistory object (1188)	3		12	1
2989	2021-08-16 11:51:47.172802+03	1187	RemainderHistory object (1187)	3		12	1
2990	2021-08-16 11:51:52.95699+03	300	RemainderCurrent object (300)	3		13	1
2991	2021-08-16 11:51:52.968569+03	299	RemainderCurrent object (299)	3		13	1
2992	2021-08-16 11:51:59.012755+03	831	Register object (831)	3		14	1
2993	2021-08-16 11:52:03.926104+03	829	Identifier object (829)	3		8	1
2994	2021-08-16 11:52:09.368823+03	467	Delivery object (467)	3		9	1
2995	2021-08-16 11:52:15.636727+03	9	AvPrice object (9)	3		29	1
2996	2021-08-16 11:52:22.897709+03	8	CashRemainder object (8)	3		22	1
2997	2021-08-16 11:52:29.274972+03	69	Cash object (69)	3		21	1
2998	2021-08-16 11:52:35.83331+03	706	Document object (706)	3		7	1
2999	2021-08-16 11:52:35.84343+03	705	Document object (705)	3		7	1
3000	2021-08-16 11:52:35.84447+03	704	Document object (704)	3		7	1
3001	2021-08-16 12:51:38.360217+03	182	Transfer object (182)	3		11	1
3002	2021-08-16 12:51:38.365439+03	181	Transfer object (181)	3		11	1
3003	2021-08-16 12:51:43.652486+03	112	Sale object (112)	3		10	1
3004	2021-08-16 12:51:53.96276+03	1194	RemainderHistory object (1194)	3		12	1
3005	2021-08-16 12:51:53.966898+03	1196	RemainderHistory object (1196)	3		12	1
3006	2021-08-16 12:51:53.968346+03	1195	RemainderHistory object (1195)	3		12	1
3007	2021-08-16 12:51:53.968949+03	1193	RemainderHistory object (1193)	3		12	1
3008	2021-08-16 12:51:53.971945+03	1192	RemainderHistory object (1192)	3		12	1
3009	2021-08-16 12:51:53.972944+03	1191	RemainderHistory object (1191)	3		12	1
3010	2021-08-16 12:52:04.802786+03	302	RemainderCurrent object (302)	3		13	1
3011	2021-08-16 12:52:04.814758+03	301	RemainderCurrent object (301)	3		13	1
3012	2021-08-16 12:52:14.620128+03	468	Delivery object (468)	3		9	1
3013	2021-08-16 12:52:20.606273+03	10	AvPrice object (10)	3		29	1
3014	2021-08-16 12:52:34.904607+03	9	CashRemainder object (9)	3		22	1
3015	2021-08-16 12:52:40.074901+03	71	Cash object (71)	3		21	1
3016	2021-08-16 12:52:40.084204+03	70	Cash object (70)	3		21	1
3017	2021-08-16 12:52:46.795724+03	709	Document object (709)	3		7	1
3018	2021-08-16 12:52:46.801275+03	710	Document object (710)	3		7	1
3019	2021-08-16 12:52:46.81184+03	711	Document object (711)	3		7	1
3020	2021-08-16 12:52:46.81445+03	708	Document object (708)	3		7	1
3021	2021-08-16 12:52:46.816241+03	707	Document object (707)	3		7	1
3022	2021-08-16 12:57:56.512766+03	184	Transfer object (184)	3		11	1
3023	2021-08-16 12:57:56.51745+03	183	Transfer object (183)	3		11	1
3024	2021-08-16 12:58:01.801325+03	115	Sale object (115)	3		10	1
3025	2021-08-16 12:58:07.351089+03	1204	RemainderHistory object (1204)	3		12	1
3026	2021-08-16 12:58:07.357304+03	1203	RemainderHistory object (1203)	3		12	1
3027	2021-08-16 12:58:07.359008+03	1202	RemainderHistory object (1202)	3		12	1
3028	2021-08-16 12:58:07.361008+03	1200	RemainderHistory object (1200)	3		12	1
3029	2021-08-16 12:58:07.362851+03	1199	RemainderHistory object (1199)	3		12	1
3030	2021-08-16 12:58:07.364946+03	1198	RemainderHistory object (1198)	3		12	1
3031	2021-08-16 12:58:12.735575+03	304	RemainderCurrent object (304)	3		13	1
3032	2021-08-16 12:58:12.742556+03	303	RemainderCurrent object (303)	3		13	1
3033	2021-08-16 12:58:21.518151+03	469	Delivery object (469)	3		9	1
3034	2021-08-16 12:58:26.222703+03	11	AvPrice object (11)	3		29	1
3035	2021-08-16 12:58:34.358061+03	10	CashRemainder object (10)	3		22	1
3036	2021-08-16 12:58:40.296794+03	73	Cash object (73)	3		21	1
3037	2021-08-16 12:58:40.307974+03	72	Cash object (72)	3		21	1
3038	2021-08-16 13:00:18.261582+03	716	Document object (716)	3		7	1
3039	2021-08-16 13:00:18.264576+03	715	Document object (715)	3		7	1
3040	2021-08-16 13:00:18.266567+03	714	Document object (714)	3		7	1
3041	2021-08-16 13:00:18.268606+03	713	Document object (713)	3		7	1
3042	2021-08-16 13:00:18.26956+03	712	Document object (712)	3		7	1
3043	2021-08-16 17:47:45.173393+03	11	Card object (11)	3		24	1
3044	2021-08-16 17:47:45.193282+03	10	Card object (10)	3		24	1
3045	2021-08-16 17:47:51.067591+03	11	CashRemainder object (11)	3		22	1
3046	2021-08-16 17:47:59.487223+03	9	Credit object (9)	3		23	1
3047	2021-08-16 17:47:59.490135+03	8	Credit object (8)	3		23	1
3048	2021-08-16 17:48:09.185071+03	727	Document object (727)	3		7	1
3049	2021-08-16 17:48:09.188429+03	726	Document object (726)	3		7	1
3050	2021-08-20 11:47:59.564749+03	1244	RemainderHistory object (1244)	2	[{"changed": {"fields": ["Category", "Incoming quantity"]}}]	12	1
3051	2021-08-20 11:48:12.067275+03	1245	RemainderHistory object (1245)	2	[{"changed": {"fields": ["Category", "Incoming quantity"]}}]	12	1
3052	2021-08-20 11:48:24.599974+03	1246	RemainderHistory object (1246)	2	[{"changed": {"fields": ["Category", "Incoming quantity"]}}]	12	1
3053	2021-08-20 11:49:15.453634+03	1242	RemainderHistory object (1242)	2	[{"changed": {"fields": ["Category", "Incoming quantity"]}}]	12	1
3054	2021-08-20 11:49:26.931085+03	1243	RemainderHistory object (1243)	2	[{"changed": {"fields": ["Category", "Incoming quantity"]}}]	12	1
3055	2021-08-20 12:42:42.617976+03	754	Document object (754)	3		7	1
3056	2021-08-20 12:42:42.663689+03	753	Document object (753)	3		7	1
3057	2021-08-20 13:39:36.970281+03	763	Document object (763)	3		7	1
3058	2021-08-20 13:39:36.973865+03	762	Document object (762)	3		7	1
3059	2021-08-20 13:39:36.974865+03	761	Document object (761)	3		7	1
3060	2021-08-20 13:39:48.342803+03	1	Returning object (1)	3		32	1
3061	2021-08-20 13:39:55.506318+03	763	Document object (763)	3		7	1
3062	2021-08-20 13:39:55.511267+03	762	Document object (762)	3		7	1
3063	2021-08-20 13:39:55.512266+03	761	Document object (761)	3		7	1
3064	2021-08-20 13:45:56.933466+03	2	Returning object (2)	3		32	1
3065	2021-08-20 13:46:40.306013+03	12	AvPrice object (12)	2	[{"changed": {"fields": ["Current remainder"]}}]	29	1
3066	2021-08-20 13:46:49.927721+03	764	Document object (764)	3		7	1
3067	2021-08-20 14:54:18.049953+03	12	AvPrice object (12)	2	[{"changed": {"fields": ["Current remainder"]}}]	29	1
3068	2021-08-24 14:17:22.958623+03	10	Перемещение наличных денег	1	[{"added": {}}]	18	1
3069	2021-08-26 14:18:44.548597+03	472	Delivery object (472)	2	[{"changed": {"fields": ["User", "Supplier", "Category", "Shop"]}}]	9	1
3070	2021-08-26 23:58:14.041264+03	476	Delivery object (476)	3		9	1
3071	2021-08-26 23:58:14.063726+03	473	Delivery object (473)	3		9	1
3072	2021-08-26 23:58:14.065837+03	470	Delivery object (470)	3		9	1
3073	2021-08-31 10:54:55.884934+03	90	Cash object (90)	3		21	1
3074	2021-08-31 10:54:55.903883+03	89	Cash object (89)	3		21	1
3075	2021-08-31 10:55:03.468086+03	12	CashRemainder object (12)	3		22	1
3076	2021-08-31 11:32:21.912014+03	98	Cash object (98)	3		21	1
3077	2021-09-03 00:40:00.971531+03	65	Card object (65)	3		24	1
3078	2021-09-03 00:40:08.963597+03	13	CashRemainder object (13)	3		22	1
3079	2021-09-03 00:40:15.80884+03	141	Cash object (141)	3		21	1
3080	2021-09-03 08:38:12.142325+03	1387	Register object (1387)	3		14	1
3081	2021-09-03 08:38:12.148623+03	1386	Register object (1386)	3		14	1
3082	2021-09-03 08:38:12.15062+03	1385	Register object (1385)	3		14	1
3083	2021-09-03 08:38:12.152075+03	1369	Register object (1369)	3		14	1
3084	2021-09-03 08:38:12.153707+03	1368	Register object (1368)	3		14	1
3085	2021-09-03 08:38:12.15518+03	1367	Register object (1367)	3		14	1
3086	2021-09-03 08:38:12.156673+03	1364	Register object (1364)	3		14	1
3087	2021-09-03 08:38:12.157893+03	1363	Register object (1363)	3		14	1
3088	2021-09-03 08:38:12.158895+03	1362	Register object (1362)	3		14	1
3089	2021-09-03 08:38:12.160893+03	1361	Register object (1361)	3		14	1
3090	2021-09-03 08:38:12.162887+03	1360	Register object (1360)	3		14	1
3091	2021-09-03 08:38:12.164899+03	1354	Register object (1354)	3		14	1
3092	2021-09-03 08:38:12.166366+03	1342	Register object (1342)	3		14	1
3093	2021-09-03 08:38:12.167368+03	1340	Register object (1340)	3		14	1
3094	2021-09-03 08:38:12.169733+03	1336	Register object (1336)	3		14	1
3095	2021-09-03 08:38:12.171242+03	1334	Register object (1334)	3		14	1
3096	2021-09-03 08:38:12.172685+03	1332	Register object (1332)	3		14	1
3097	2021-09-03 08:38:12.174036+03	1328	Register object (1328)	3		14	1
3098	2021-09-03 08:38:12.175039+03	1319	Register object (1319)	3		14	1
3099	2021-09-03 08:38:12.177035+03	1317	Register object (1317)	3		14	1
3100	2021-09-03 08:38:12.178031+03	1315	Register object (1315)	3		14	1
3101	2021-09-03 08:38:12.180203+03	1280	Register object (1280)	3		14	1
3102	2021-09-03 08:38:12.180971+03	1267	Register object (1267)	3		14	1
3103	2021-09-03 08:38:12.182969+03	1242	Register object (1242)	3		14	1
3104	2021-09-03 08:38:12.184403+03	1241	Register object (1241)	3		14	1
3105	2021-09-03 08:38:12.185405+03	1240	Register object (1240)	3		14	1
3106	2021-09-03 08:38:12.188887+03	1239	Register object (1239)	3		14	1
3107	2021-09-03 08:38:12.189974+03	1238	Register object (1238)	3		14	1
3108	2021-09-03 08:38:12.191973+03	1237	Register object (1237)	3		14	1
3109	2021-09-03 08:38:12.193971+03	1236	Register object (1236)	3		14	1
3110	2021-09-03 08:38:12.196963+03	1235	Register object (1235)	3		14	1
3111	2021-09-03 08:38:12.198638+03	1232	Register object (1232)	3		14	1
3112	2021-09-03 08:38:12.200258+03	1231	Register object (1231)	3		14	1
3113	2021-09-03 08:38:12.201984+03	1228	Register object (1228)	3		14	1
3114	2021-09-03 08:38:12.203481+03	1227	Register object (1227)	3		14	1
3115	2021-09-03 08:38:12.205008+03	1226	Register object (1226)	3		14	1
3116	2021-09-03 08:38:12.20601+03	1215	Register object (1215)	3		14	1
3117	2021-09-03 08:38:12.208003+03	1214	Register object (1214)	3		14	1
3118	2021-09-03 08:38:12.209002+03	1213	Register object (1213)	3		14	1
3119	2021-09-03 08:38:12.211034+03	1212	Register object (1212)	3		14	1
3120	2021-09-03 08:38:12.212992+03	1211	Register object (1211)	3		14	1
3121	2021-09-03 08:38:12.214259+03	1210	Register object (1210)	3		14	1
3122	2021-09-03 08:38:12.21575+03	1209	Register object (1209)	3		14	1
3123	2021-09-03 08:38:12.217227+03	1208	Register object (1208)	3		14	1
3124	2021-09-03 08:38:12.219228+03	1192	Register object (1192)	3		14	1
3125	2021-09-03 08:38:12.220579+03	1191	Register object (1191)	3		14	1
3126	2021-09-03 08:38:12.222048+03	1185	Register object (1185)	3		14	1
3127	2021-09-03 08:38:12.223087+03	1184	Register object (1184)	3		14	1
3128	2021-09-03 08:38:12.225167+03	1182	Register object (1182)	3		14	1
3129	2021-09-03 08:38:12.227168+03	1181	Register object (1181)	3		14	1
3130	2021-09-03 08:38:12.228164+03	1175	Register object (1175)	3		14	1
3131	2021-09-03 08:38:12.230194+03	1174	Register object (1174)	3		14	1
3132	2021-09-03 08:38:12.231157+03	1173	Register object (1173)	3		14	1
3133	2021-09-03 08:38:12.233154+03	1172	Register object (1172)	3		14	1
3134	2021-09-03 08:38:12.235145+03	1170	Register object (1170)	3		14	1
3135	2021-09-03 08:38:12.236143+03	1169	Register object (1169)	3		14	1
3136	2021-09-03 08:38:12.238197+03	1168	Register object (1168)	3		14	1
3137	2021-09-03 08:38:12.239184+03	1166	Register object (1166)	3		14	1
3138	2021-09-03 08:38:12.241184+03	1165	Register object (1165)	3		14	1
3139	2021-09-03 08:38:12.243179+03	1164	Register object (1164)	3		14	1
3140	2021-09-03 08:38:12.24446+03	1163	Register object (1163)	3		14	1
3141	2021-09-03 08:38:12.245816+03	1162	Register object (1162)	3		14	1
3142	2021-09-03 08:38:12.247195+03	1161	Register object (1161)	3		14	1
3143	2021-09-03 08:38:12.248716+03	1121	Register object (1121)	3		14	1
3144	2021-09-03 08:38:12.249718+03	1119	Register object (1119)	3		14	1
3145	2021-09-03 08:38:12.251734+03	1118	Register object (1118)	3		14	1
3146	2021-09-03 08:38:12.253291+03	1117	Register object (1117)	3		14	1
3147	2021-09-03 08:38:12.254293+03	1116	Register object (1116)	3		14	1
3148	2021-09-03 08:38:12.256291+03	1115	Register object (1115)	3		14	1
3149	2021-09-03 08:38:12.259217+03	1108	Register object (1108)	3		14	1
3150	2021-09-03 08:38:12.260769+03	1107	Register object (1107)	3		14	1
3151	2021-09-03 08:38:12.262341+03	1059	Register object (1059)	3		14	1
3152	2021-09-03 08:38:12.263739+03	1058	Register object (1058)	3		14	1
3153	2021-09-03 08:38:12.264778+03	1057	Register object (1057)	3		14	1
3154	2021-09-03 08:38:12.266737+03	1056	Register object (1056)	3		14	1
3155	2021-09-03 08:38:12.26739+03	1030	Register object (1030)	3		14	1
3156	2021-09-03 08:38:12.269428+03	1029	Register object (1029)	3		14	1
3157	2021-09-03 08:38:12.271384+03	1028	Register object (1028)	3		14	1
3158	2021-09-03 08:38:12.272382+03	1027	Register object (1027)	3		14	1
3159	2021-09-03 08:38:12.274376+03	1026	Register object (1026)	3		14	1
3160	2021-09-03 08:38:12.276106+03	1025	Register object (1025)	3		14	1
3161	2021-09-03 08:38:12.277427+03	1024	Register object (1024)	3		14	1
3162	2021-09-03 08:38:12.278429+03	1023	Register object (1023)	3		14	1
3163	2021-09-03 08:38:12.280384+03	1022	Register object (1022)	3		14	1
3164	2021-09-03 08:38:12.281134+03	1021	Register object (1021)	3		14	1
3165	2021-09-03 08:38:12.28335+03	1020	Register object (1020)	3		14	1
3166	2021-09-03 08:38:12.284352+03	1019	Register object (1019)	3		14	1
3167	2021-09-03 08:38:12.286346+03	1018	Register object (1018)	3		14	1
3168	2021-09-03 08:38:12.288345+03	1017	Register object (1017)	3		14	1
3169	2021-09-03 08:38:12.290335+03	1016	Register object (1016)	3		14	1
3170	2021-09-03 08:38:12.29233+03	1015	Register object (1015)	3		14	1
3171	2021-09-03 08:38:12.293328+03	1014	Register object (1014)	3		14	1
3172	2021-09-03 08:38:12.295201+03	1013	Register object (1013)	3		14	1
3173	2021-09-03 08:38:12.296616+03	1011	Register object (1011)	3		14	1
3174	2021-09-03 08:38:12.297618+03	1009	Register object (1009)	3		14	1
3175	2021-09-03 08:38:12.299614+03	1007	Register object (1007)	3		14	1
3176	2021-09-03 08:38:12.30122+03	1006	Register object (1006)	3		14	1
3177	2021-09-03 08:38:12.303218+03	1004	Register object (1004)	3		14	1
3178	2021-09-03 08:38:12.30422+03	1002	Register object (1002)	3		14	1
3179	2021-09-03 08:38:12.306213+03	1000	Register object (1000)	3		14	1
3180	2021-09-03 08:38:20.660928+03	999	Register object (999)	3		14	1
3181	2021-09-03 08:38:20.669474+03	998	Register object (998)	3		14	1
3182	2021-09-03 08:38:20.671695+03	997	Register object (997)	3		14	1
3183	2021-09-03 08:38:20.673084+03	996	Register object (996)	3		14	1
3184	2021-09-03 08:38:20.674388+03	995	Register object (995)	3		14	1
3185	2021-09-03 08:38:20.675678+03	994	Register object (994)	3		14	1
3186	2021-09-03 08:38:20.676714+03	993	Register object (993)	3		14	1
3187	2021-09-03 08:38:20.678431+03	992	Register object (992)	3		14	1
3188	2021-09-03 08:38:20.687507+03	991	Register object (991)	3		14	1
3189	2021-09-03 08:38:20.688854+03	990	Register object (990)	3		14	1
3190	2021-09-03 08:38:20.690048+03	989	Register object (989)	3		14	1
3191	2021-09-03 08:38:20.69122+03	988	Register object (988)	3		14	1
3192	2021-09-03 08:38:20.692356+03	987	Register object (987)	3		14	1
3193	2021-09-03 08:38:20.693523+03	986	Register object (986)	3		14	1
3194	2021-09-03 08:38:20.694699+03	985	Register object (985)	3		14	1
3195	2021-09-03 08:38:20.695764+03	984	Register object (984)	3		14	1
3196	2021-09-03 08:38:20.696766+03	983	Register object (983)	3		14	1
3197	2021-09-03 08:38:20.698132+03	982	Register object (982)	3		14	1
3198	2021-09-03 08:38:20.699133+03	981	Register object (981)	3		14	1
3199	2021-09-03 08:38:20.700167+03	980	Register object (980)	3		14	1
3200	2021-09-03 08:38:20.702128+03	979	Register object (979)	3		14	1
3201	2021-09-03 08:38:20.703124+03	978	Register object (978)	3		14	1
3202	2021-09-03 08:38:20.704624+03	977	Register object (977)	3		14	1
3203	2021-09-03 08:38:20.705792+03	976	Register object (976)	3		14	1
3204	2021-09-03 08:38:20.706938+03	975	Register object (975)	3		14	1
3205	2021-09-03 08:38:20.708076+03	974	Register object (974)	3		14	1
3206	2021-09-03 08:38:20.709209+03	973	Register object (973)	3		14	1
3207	2021-09-03 08:38:20.710213+03	972	Register object (972)	3		14	1
3208	2021-09-03 08:38:20.711825+03	971	Register object (971)	3		14	1
3209	2021-09-03 08:38:20.712984+03	970	Register object (970)	3		14	1
3210	2021-09-03 08:38:20.714098+03	969	Register object (969)	3		14	1
3211	2021-09-03 08:38:20.7151+03	968	Register object (968)	3		14	1
3212	2021-09-03 08:38:20.716098+03	967	Register object (967)	3		14	1
3213	2021-09-03 08:38:20.717353+03	966	Register object (966)	3		14	1
3214	2021-09-03 08:38:20.7185+03	965	Register object (965)	3		14	1
3215	2021-09-03 08:38:20.719628+03	964	Register object (964)	3		14	1
3216	2021-09-03 08:38:20.720629+03	933	Register object (933)	3		14	1
3217	2021-09-03 08:38:20.721627+03	932	Register object (932)	3		14	1
3218	2021-09-03 08:38:20.722962+03	928	Register object (928)	3		14	1
3219	2021-09-03 08:38:20.724108+03	927	Register object (927)	3		14	1
3220	2021-09-03 08:38:20.725252+03	926	Register object (926)	3		14	1
3221	2021-09-03 08:38:20.726253+03	925	Register object (925)	3		14	1
3222	2021-09-03 08:38:20.727285+03	924	Register object (924)	3		14	1
3223	2021-09-03 08:38:20.728248+03	923	Register object (923)	3		14	1
3224	2021-09-03 08:38:20.729788+03	908	Register object (908)	3		14	1
3225	2021-09-03 08:38:20.73079+03	904	Register object (904)	3		14	1
3226	2021-09-03 08:38:20.731797+03	903	Register object (903)	3		14	1
3227	2021-09-03 08:38:20.733266+03	897	Register object (897)	3		14	1
3228	2021-09-03 08:38:20.734403+03	896	Register object (896)	3		14	1
3229	2021-09-03 08:38:20.735438+03	893	Register object (893)	3		14	1
3230	2021-09-03 08:38:20.736598+03	892	Register object (892)	3		14	1
3231	2021-09-03 08:38:20.737733+03	884	Register object (884)	3		14	1
3232	2021-09-03 08:38:20.738734+03	877	Register object (877)	3		14	1
3233	2021-09-03 08:38:20.739764+03	869	Register object (869)	3		14	1
3234	2021-09-03 08:38:35.450436+03	1258	Identifier object (1258)	3		8	1
3235	2021-09-03 08:38:35.454425+03	1256	Identifier object (1256)	3		8	1
3236	2021-09-03 08:38:35.455422+03	1251	Identifier object (1251)	3		8	1
3237	2021-09-03 08:38:35.456421+03	1242	Identifier object (1242)	3		8	1
3238	2021-09-03 08:38:35.458414+03	1241	Identifier object (1241)	3		8	1
3239	2021-09-03 08:38:35.459414+03	1225	Identifier object (1225)	3		8	1
3240	2021-09-03 08:38:35.46041+03	1224	Identifier object (1224)	3		8	1
3241	2021-09-03 08:38:35.461407+03	1223	Identifier object (1223)	3		8	1
3242	2021-09-03 08:38:35.463401+03	1220	Identifier object (1220)	3		8	1
3243	2021-09-03 08:38:35.463401+03	1219	Identifier object (1219)	3		8	1
3244	2021-09-03 08:38:35.465396+03	1218	Identifier object (1218)	3		8	1
3245	2021-09-03 08:38:35.466396+03	1217	Identifier object (1217)	3		8	1
3246	2021-09-03 08:38:35.46739+03	1216	Identifier object (1216)	3		8	1
3247	2021-09-03 08:38:35.469385+03	1210	Identifier object (1210)	3		8	1
3248	2021-09-03 08:38:35.470383+03	1198	Identifier object (1198)	3		8	1
3249	2021-09-03 08:38:35.471381+03	1196	Identifier object (1196)	3		8	1
3250	2021-09-03 08:38:35.472377+03	1192	Identifier object (1192)	3		8	1
3251	2021-09-03 08:38:35.473374+03	1190	Identifier object (1190)	3		8	1
3252	2021-09-03 08:38:35.47537+03	1187	Identifier object (1187)	3		8	1
3253	2021-09-03 08:38:35.476367+03	1183	Identifier object (1183)	3		8	1
3254	2021-09-03 08:38:35.477363+03	1174	Identifier object (1174)	3		8	1
3255	2021-09-03 08:38:35.478361+03	1172	Identifier object (1172)	3		8	1
3256	2021-09-03 08:38:35.479359+03	1170	Identifier object (1170)	3		8	1
3257	2021-09-03 08:38:35.480355+03	1135	Identifier object (1135)	3		8	1
3258	2021-09-03 08:38:35.481354+03	1122	Identifier object (1122)	3		8	1
3259	2021-09-03 08:38:35.483348+03	1106	Identifier object (1106)	3		8	1
3260	2021-09-03 08:38:35.484345+03	1105	Identifier object (1105)	3		8	1
3261	2021-09-03 08:38:35.485342+03	1104	Identifier object (1104)	3		8	1
3262	2021-09-03 08:38:35.486339+03	1103	Identifier object (1103)	3		8	1
3263	2021-09-03 08:38:35.487337+03	1101	Identifier object (1101)	3		8	1
3264	2021-09-03 08:38:35.488334+03	1099	Identifier object (1099)	3		8	1
3265	2021-09-03 08:38:35.489331+03	1093	Identifier object (1093)	3		8	1
3266	2021-09-03 08:38:35.490329+03	1092	Identifier object (1092)	3		8	1
3267	2021-09-03 08:38:35.491326+03	1091	Identifier object (1091)	3		8	1
3268	2021-09-03 08:38:35.492324+03	1083	Identifier object (1083)	3		8	1
3269	2021-09-03 08:38:35.493321+03	1079	Identifier object (1079)	3		8	1
3270	2021-09-03 08:38:35.494318+03	1077	Identifier object (1077)	3		8	1
3271	2021-09-03 08:38:35.495318+03	1076	Identifier object (1076)	3		8	1
3272	2021-09-03 08:38:35.49731+03	1070	Identifier object (1070)	3		8	1
3273	2021-09-03 08:38:35.498307+03	1069	Identifier object (1069)	3		8	1
3274	2021-09-03 08:38:35.499306+03	1068	Identifier object (1068)	3		8	1
3275	2021-09-03 08:38:35.500303+03	1067	Identifier object (1067)	3		8	1
3276	2021-09-03 08:38:35.5013+03	1065	Identifier object (1065)	3		8	1
3277	2021-09-03 08:38:35.502297+03	1064	Identifier object (1064)	3		8	1
3278	2021-09-03 08:38:35.503294+03	1062	Identifier object (1062)	3		8	1
3279	2021-09-03 08:38:35.504292+03	1061	Identifier object (1061)	3		8	1
3280	2021-09-03 08:38:35.505289+03	1040	Identifier object (1040)	3		8	1
3281	2021-09-03 08:38:35.507283+03	1039	Identifier object (1039)	3		8	1
3282	2021-09-03 08:38:35.50828+03	1038	Identifier object (1038)	3		8	1
3283	2021-09-03 08:38:35.509278+03	1037	Identifier object (1037)	3		8	1
3284	2021-09-03 08:38:35.510275+03	1031	Identifier object (1031)	3		8	1
3285	2021-09-03 08:38:35.511272+03	1030	Identifier object (1030)	3		8	1
3286	2021-09-03 08:38:35.51227+03	1011	Identifier object (1011)	3		8	1
3287	2021-09-03 08:38:35.515262+03	1010	Identifier object (1010)	3		8	1
3288	2021-09-03 08:38:35.516259+03	1000	Identifier object (1000)	3		8	1
3289	2021-09-03 08:38:35.517257+03	999	Identifier object (999)	3		8	1
3290	2021-09-03 08:38:35.518255+03	998	Identifier object (998)	3		8	1
3291	2021-09-03 08:38:35.519252+03	997	Identifier object (997)	3		8	1
3292	2021-09-03 08:38:35.521246+03	996	Identifier object (996)	3		8	1
3293	2021-09-03 08:38:35.522243+03	995	Identifier object (995)	3		8	1
3294	2021-09-03 08:38:35.523241+03	994	Identifier object (994)	3		8	1
3295	2021-09-03 08:38:35.524238+03	993	Identifier object (993)	3		8	1
3296	2021-09-03 08:38:35.525236+03	992	Identifier object (992)	3		8	1
3297	2021-09-03 08:38:35.526233+03	991	Identifier object (991)	3		8	1
3298	2021-09-03 08:38:35.528228+03	990	Identifier object (990)	3		8	1
3299	2021-09-03 08:38:35.530222+03	989	Identifier object (989)	3		8	1
3300	2021-09-03 08:38:35.531219+03	988	Identifier object (988)	3		8	1
3301	2021-09-03 08:38:35.532217+03	987	Identifier object (987)	3		8	1
3302	2021-09-03 08:38:35.533214+03	986	Identifier object (986)	3		8	1
3303	2021-09-03 08:38:35.534211+03	985	Identifier object (985)	3		8	1
3304	2021-09-03 08:38:35.535209+03	984	Identifier object (984)	3		8	1
3305	2021-09-03 08:38:35.536207+03	983	Identifier object (983)	3		8	1
3306	2021-09-03 08:38:35.538201+03	982	Identifier object (982)	3		8	1
3307	2021-09-03 08:38:35.539198+03	981	Identifier object (981)	3		8	1
3308	2021-09-03 08:38:35.540196+03	980	Identifier object (980)	3		8	1
3309	2021-09-03 08:38:35.541193+03	979	Identifier object (979)	3		8	1
3310	2021-09-03 08:38:35.543187+03	978	Identifier object (978)	3		8	1
3311	2021-09-03 08:38:35.544184+03	977	Identifier object (977)	3		8	1
3312	2021-09-03 08:38:35.545182+03	976	Identifier object (976)	3		8	1
3313	2021-09-03 08:38:35.546179+03	975	Identifier object (975)	3		8	1
3314	2021-09-03 08:38:35.547177+03	974	Identifier object (974)	3		8	1
3315	2021-09-03 08:38:35.549172+03	973	Identifier object (973)	3		8	1
3316	2021-09-03 08:38:35.550169+03	972	Identifier object (972)	3		8	1
3317	2021-09-03 08:38:35.551166+03	971	Identifier object (971)	3		8	1
3318	2021-09-03 08:38:35.552164+03	970	Identifier object (970)	3		8	1
3319	2021-09-03 08:38:35.554159+03	969	Identifier object (969)	3		8	1
3320	2021-09-03 08:38:35.555158+03	968	Identifier object (968)	3		8	1
3321	2021-09-03 08:38:35.55715+03	967	Identifier object (967)	3		8	1
3322	2021-09-03 08:38:35.558147+03	966	Identifier object (966)	3		8	1
3323	2021-09-03 08:38:35.559145+03	965	Identifier object (965)	3		8	1
3324	2021-09-03 08:38:35.561139+03	948	Identifier object (948)	3		8	1
3325	2021-09-03 08:38:35.562136+03	945	Identifier object (945)	3		8	1
3326	2021-09-03 08:38:35.563134+03	944	Identifier object (944)	3		8	1
3327	2021-09-03 08:38:35.564132+03	943	Identifier object (943)	3		8	1
3328	2021-09-03 08:38:35.565129+03	942	Identifier object (942)	3		8	1
3329	2021-09-03 08:38:35.566126+03	941	Identifier object (941)	3		8	1
3330	2021-09-03 08:38:35.567125+03	938	Identifier object (938)	3		8	1
3331	2021-09-03 08:38:35.569118+03	937	Identifier object (937)	3		8	1
3332	2021-09-03 08:38:35.570116+03	936	Identifier object (936)	3		8	1
3333	2021-09-03 08:38:35.572111+03	935	Identifier object (935)	3		8	1
3334	2021-09-03 08:38:42.28119+03	934	Identifier object (934)	3		8	1
3335	2021-09-03 08:38:42.286228+03	933	Identifier object (933)	3		8	1
3336	2021-09-03 08:38:42.287559+03	932	Identifier object (932)	3		8	1
3337	2021-09-03 08:38:42.288784+03	931	Identifier object (931)	3		8	1
3338	2021-09-03 08:38:42.290003+03	930	Identifier object (930)	3		8	1
3339	2021-09-03 08:38:42.291098+03	929	Identifier object (929)	3		8	1
3340	2021-09-03 08:38:42.292334+03	915	Identifier object (915)	3		8	1
3341	2021-09-03 08:38:42.292883+03	914	Identifier object (914)	3		8	1
3342	2021-09-03 08:38:42.29392+03	908	Identifier object (908)	3		8	1
3343	2021-09-03 08:38:42.295632+03	904	Identifier object (904)	3		8	1
3344	2021-09-03 08:38:42.296182+03	902	Identifier object (902)	3		8	1
3345	2021-09-03 08:38:42.297223+03	897	Identifier object (897)	3		8	1
3346	2021-09-03 08:38:42.299178+03	896	Identifier object (896)	3		8	1
3347	2021-09-03 08:38:42.300176+03	892	Identifier object (892)	3		8	1
3348	2021-09-03 08:38:42.30194+03	890	Identifier object (890)	3		8	1
3349	2021-09-03 08:38:42.303068+03	889	Identifier object (889)	3		8	1
3350	2021-09-03 08:38:42.304919+03	884	Identifier object (884)	3		8	1
3351	2021-09-03 08:38:42.306078+03	883	Identifier object (883)	3		8	1
3352	2021-09-03 08:38:42.307143+03	881	Identifier object (881)	3		8	1
3353	2021-09-03 08:38:42.30821+03	874	Identifier object (874)	3		8	1
3354	2021-09-03 08:38:42.309264+03	873	Identifier object (873)	3		8	1
3355	2021-09-03 08:38:42.310159+03	869	Identifier object (869)	3		8	1
3356	2021-09-03 08:38:42.31116+03	867	Identifier object (867)	3		8	1
3357	2021-09-03 08:40:48.348392+03	1261	Identifier object (1261)	3		8	1
3358	2021-09-03 08:53:15.276159+03	1285	Identifier object (1285)	3		8	1
3359	2021-09-03 08:53:15.28269+03	1277	Identifier object (1277)	3		8	1
3360	2021-09-03 08:53:15.283681+03	1268	Identifier object (1268)	3		8	1
3361	2021-09-03 08:53:15.285707+03	1264	Identifier object (1264)	3		8	1
3362	2021-09-03 08:53:45.955548+03	1277	Identifier object (1277)	3		8	1
3363	2021-09-03 08:53:45.968256+03	1268	Identifier object (1268)	3		8	1
3364	2021-09-03 08:53:45.970825+03	1264	Identifier object (1264)	3		8	1
3365	2021-09-03 08:54:28.033719+03	14	CashRemainder object (14)	3		22	1
3366	2021-10-02 16:55:06.61277+03	7	ReportTempId object (7)	3		35	1
3367	2021-10-02 16:55:06.635658+03	6	ReportTempId object (6)	3		35	1
3368	2021-10-02 16:55:06.637657+03	5	ReportTempId object (5)	3		35	1
3369	2021-10-02 16:55:06.63926+03	4	ReportTempId object (4)	3		35	1
3370	2021-10-02 16:55:06.640533+03	3	ReportTempId object (3)	3		35	1
3371	2021-10-02 16:55:06.641067+03	2	ReportTempId object (2)	3		35	1
3372	2021-10-02 16:55:06.643065+03	1	ReportTempId object (1)	3		35	1
3373	2021-10-02 16:55:25.908477+03	41	ReportTemp object (41)	3		34	1
3374	2021-10-02 16:55:25.918888+03	40	ReportTemp object (40)	3		34	1
3375	2021-10-02 16:55:25.92263+03	39	ReportTemp object (39)	3		34	1
3376	2021-10-02 16:55:25.926103+03	38	ReportTemp object (38)	3		34	1
3377	2021-10-02 16:55:25.929496+03	37	ReportTemp object (37)	3		34	1
3378	2021-10-02 16:55:25.9355+03	36	ReportTemp object (36)	3		34	1
3379	2021-10-02 16:55:25.939287+03	35	ReportTemp object (35)	3		34	1
3380	2021-10-02 16:55:25.942293+03	34	ReportTemp object (34)	3		34	1
3381	2021-10-02 16:55:25.946328+03	33	ReportTemp object (33)	3		34	1
3382	2021-10-02 16:55:25.951264+03	32	ReportTemp object (32)	3		34	1
3383	2021-10-02 16:55:25.955256+03	31	ReportTemp object (31)	3		34	1
3384	2021-10-02 16:55:25.957926+03	30	ReportTemp object (30)	3		34	1
3385	2021-10-02 16:55:25.960956+03	29	ReportTemp object (29)	3		34	1
3386	2021-10-02 16:55:25.963954+03	28	ReportTemp object (28)	3		34	1
3387	2021-10-02 16:55:25.967945+03	27	ReportTemp object (27)	3		34	1
3388	2021-10-02 16:55:25.971195+03	26	ReportTemp object (26)	3		34	1
3389	2021-10-02 16:55:25.974249+03	25	ReportTemp object (25)	3		34	1
3390	2021-10-02 16:55:25.977176+03	24	ReportTemp object (24)	3		34	1
3391	2021-10-02 16:55:25.983193+03	23	ReportTemp object (23)	3		34	1
3392	2021-10-02 16:55:25.986474+03	22	ReportTemp object (22)	3		34	1
3393	2021-10-02 16:55:25.989489+03	21	ReportTemp object (21)	3		34	1
3394	2021-10-02 16:55:25.992553+03	20	ReportTemp object (20)	3		34	1
3395	2021-10-02 16:55:25.996114+03	19	ReportTemp object (19)	3		34	1
3396	2021-10-02 16:55:26.000123+03	18	ReportTemp object (18)	3		34	1
3397	2021-10-02 16:55:26.00311+03	17	ReportTemp object (17)	3		34	1
3398	2021-10-02 16:55:26.007148+03	16	ReportTemp object (16)	3		34	1
3399	2021-10-02 16:55:26.010257+03	15	ReportTemp object (15)	3		34	1
3400	2021-10-02 16:55:26.013248+03	14	ReportTemp object (14)	3		34	1
3401	2021-10-02 16:55:26.018242+03	13	ReportTemp object (13)	3		34	1
3402	2021-10-02 16:55:26.021233+03	12	ReportTemp object (12)	3		34	1
3403	2021-10-02 16:55:26.024225+03	11	ReportTemp object (11)	3		34	1
3404	2021-10-02 16:55:26.028218+03	10	ReportTemp object (10)	3		34	1
3405	2021-10-02 16:55:26.034202+03	9	ReportTemp object (9)	3		34	1
3406	2021-10-02 16:55:26.039196+03	8	ReportTemp object (8)	3		34	1
3407	2021-10-02 16:55:26.042177+03	7	ReportTemp object (7)	3		34	1
3408	2021-10-02 16:55:26.047165+03	6	ReportTemp object (6)	3		34	1
3409	2021-10-02 16:55:26.053199+03	5	ReportTemp object (5)	3		34	1
3410	2021-10-02 16:55:26.055477+03	4	ReportTemp object (4)	3		34	1
3411	2021-10-02 16:55:26.058482+03	3	ReportTemp object (3)	3		34	1
3412	2021-10-02 16:55:26.061486+03	2	ReportTemp object (2)	3		34	1
3413	2021-10-02 16:55:26.064529+03	1	ReportTemp object (1)	3		34	1
3414	2021-10-02 16:55:36.723742+03	7	ReportTempId object (7)	3		35	1
3415	2021-10-02 16:55:36.730593+03	6	ReportTempId object (6)	3		35	1
3416	2021-10-02 16:55:36.732591+03	5	ReportTempId object (5)	3		35	1
3417	2021-10-02 16:55:36.734596+03	4	ReportTempId object (4)	3		35	1
3418	2021-10-02 16:55:36.736362+03	3	ReportTempId object (3)	3		35	1
3419	2021-10-02 16:55:36.738028+03	2	ReportTempId object (2)	3		35	1
3420	2021-10-02 16:55:36.739733+03	1	ReportTempId object (1)	3		35	1
3421	2021-10-02 16:56:57.119445+03	44	ReportTemp object (44)	3		34	1
3422	2021-10-02 16:56:57.13114+03	43	ReportTemp object (43)	3		34	1
3423	2021-10-02 16:56:57.132537+03	42	ReportTemp object (42)	3		34	1
3424	2021-10-02 16:57:05.725224+03	8	ReportTempId object (8)	3		35	1
3425	2021-10-02 17:23:14.423705+03	125	ReportTemp object (125)	3		34	1
3426	2021-10-02 17:23:14.427672+03	124	ReportTemp object (124)	3		34	1
3427	2021-10-02 17:23:14.429554+03	123	ReportTemp object (123)	3		34	1
3428	2021-10-02 17:23:14.430593+03	122	ReportTemp object (122)	3		34	1
3429	2021-10-02 17:23:14.431976+03	121	ReportTemp object (121)	3		34	1
3430	2021-10-02 17:23:14.433237+03	120	ReportTemp object (120)	3		34	1
3431	2021-10-02 17:23:14.434523+03	119	ReportTemp object (119)	3		34	1
3432	2021-10-02 17:23:14.435524+03	118	ReportTemp object (118)	3		34	1
3433	2021-10-02 17:23:14.436521+03	117	ReportTemp object (117)	3		34	1
3434	2021-10-02 17:23:14.437524+03	116	ReportTemp object (116)	3		34	1
3435	2021-10-02 17:23:14.438517+03	115	ReportTemp object (115)	3		34	1
3436	2021-10-02 17:23:14.439515+03	114	ReportTemp object (114)	3		34	1
3437	2021-10-02 17:23:14.440512+03	113	ReportTemp object (113)	3		34	1
3438	2021-10-02 17:23:14.442505+03	112	ReportTemp object (112)	3		34	1
3439	2021-10-02 17:23:14.444499+03	111	ReportTemp object (111)	3		34	1
3440	2021-10-02 17:23:14.445779+03	110	ReportTemp object (110)	3		34	1
3441	2021-10-02 17:23:14.446909+03	109	ReportTemp object (109)	3		34	1
3442	2021-10-02 17:23:14.448+03	108	ReportTemp object (108)	3		34	1
3443	2021-10-02 17:23:14.449096+03	107	ReportTemp object (107)	3		34	1
3444	2021-10-02 17:23:14.450157+03	106	ReportTemp object (106)	3		34	1
3445	2021-10-02 17:23:14.45124+03	105	ReportTemp object (105)	3		34	1
3446	2021-10-02 17:23:14.452242+03	104	ReportTemp object (104)	3		34	1
3447	2021-10-02 17:23:14.453549+03	103	ReportTemp object (103)	3		34	1
3448	2021-10-02 17:23:14.454683+03	102	ReportTemp object (102)	3		34	1
3449	2021-10-02 17:23:14.455206+03	101	ReportTemp object (101)	3		34	1
3450	2021-10-02 17:23:14.456243+03	100	ReportTemp object (100)	3		34	1
3451	2021-10-02 17:23:14.458201+03	99	ReportTemp object (99)	3		34	1
3452	2021-10-02 17:23:14.460196+03	98	ReportTemp object (98)	3		34	1
3453	2021-10-02 17:23:14.461335+03	97	ReportTemp object (97)	3		34	1
3454	2021-10-02 17:23:14.462568+03	96	ReportTemp object (96)	3		34	1
3455	2021-10-02 17:23:14.463693+03	95	ReportTemp object (95)	3		34	1
3456	2021-10-02 17:23:14.464823+03	94	ReportTemp object (94)	3		34	1
3457	2021-10-02 17:23:14.465998+03	93	ReportTemp object (93)	3		34	1
3458	2021-10-02 17:23:14.467156+03	92	ReportTemp object (92)	3		34	1
3459	2021-10-02 17:23:14.468235+03	91	ReportTemp object (91)	3		34	1
3460	2021-10-02 17:23:14.469589+03	90	ReportTemp object (90)	3		34	1
3461	2021-10-02 17:23:14.470699+03	89	ReportTemp object (89)	3		34	1
3462	2021-10-02 17:23:14.471767+03	88	ReportTemp object (88)	3		34	1
3463	2021-10-02 17:23:14.472767+03	87	ReportTemp object (87)	3		34	1
3464	2021-10-02 17:23:14.473765+03	86	ReportTemp object (86)	3		34	1
3465	2021-10-02 17:23:14.474763+03	85	ReportTemp object (85)	3		34	1
3466	2021-10-02 17:23:14.476758+03	84	ReportTemp object (84)	3		34	1
3467	2021-10-02 17:23:14.477756+03	83	ReportTemp object (83)	3		34	1
3468	2021-10-02 17:23:14.479526+03	82	ReportTemp object (82)	3		34	1
3469	2021-10-02 17:23:14.480675+03	81	ReportTemp object (81)	3		34	1
3470	2021-10-02 17:23:14.481738+03	80	ReportTemp object (80)	3		34	1
3471	2021-10-02 17:23:14.482738+03	79	ReportTemp object (79)	3		34	1
3472	2021-10-02 17:23:14.483735+03	78	ReportTemp object (78)	3		34	1
3473	2021-10-02 17:23:14.485005+03	77	ReportTemp object (77)	3		34	1
3474	2021-10-02 17:23:14.486198+03	76	ReportTemp object (76)	3		34	1
3475	2021-10-02 17:23:14.487312+03	75	ReportTemp object (75)	3		34	1
3476	2021-10-02 17:23:14.487833+03	74	ReportTemp object (74)	3		34	1
3477	2021-10-02 17:23:14.488871+03	73	ReportTemp object (73)	3		34	1
3478	2021-10-02 17:23:14.490677+03	72	ReportTemp object (72)	3		34	1
3479	2021-10-02 17:23:14.491677+03	71	ReportTemp object (71)	3		34	1
3480	2021-10-02 17:23:14.493672+03	70	ReportTemp object (70)	3		34	1
3481	2021-10-02 17:23:14.495374+03	69	ReportTemp object (69)	3		34	1
3482	2021-10-02 17:23:14.496568+03	68	ReportTemp object (68)	3		34	1
3483	2021-10-02 17:23:14.497675+03	67	ReportTemp object (67)	3		34	1
3484	2021-10-02 17:23:14.498752+03	66	ReportTemp object (66)	3		34	1
3485	2021-10-02 17:23:14.49979+03	65	ReportTemp object (65)	3		34	1
3486	2021-10-02 17:23:14.501327+03	64	ReportTemp object (64)	3		34	1
3487	2021-10-02 17:23:14.502512+03	63	ReportTemp object (63)	3		34	1
3488	2021-10-02 17:23:14.503623+03	62	ReportTemp object (62)	3		34	1
3489	2021-10-02 17:23:14.504623+03	61	ReportTemp object (61)	3		34	1
3490	2021-10-02 17:23:14.50562+03	60	ReportTemp object (60)	3		34	1
3491	2021-10-02 17:23:14.506695+03	59	ReportTemp object (59)	3		34	1
3492	2021-10-02 17:23:14.508234+03	58	ReportTemp object (58)	3		34	1
3493	2021-10-02 17:23:14.51023+03	57	ReportTemp object (57)	3		34	1
3494	2021-10-02 17:23:14.511226+03	56	ReportTemp object (56)	3		34	1
3495	2021-10-02 17:23:14.512453+03	55	ReportTemp object (55)	3		34	1
3496	2021-10-02 17:23:14.513637+03	54	ReportTemp object (54)	3		34	1
3497	2021-10-02 17:23:14.514779+03	53	ReportTemp object (53)	3		34	1
3498	2021-10-02 17:23:14.515751+03	52	ReportTemp object (52)	3		34	1
3499	2021-10-02 17:23:14.51723+03	51	ReportTemp object (51)	3		34	1
3500	2021-10-02 17:23:14.518396+03	50	ReportTemp object (50)	3		34	1
3501	2021-10-02 17:23:14.519479+03	49	ReportTemp object (49)	3		34	1
3502	2021-10-02 17:23:14.520481+03	48	ReportTemp object (48)	3		34	1
3503	2021-10-02 17:23:14.521477+03	47	ReportTemp object (47)	3		34	1
3504	2021-10-02 17:23:14.522593+03	46	ReportTemp object (46)	3		34	1
3505	2021-10-02 17:23:14.523662+03	45	ReportTemp object (45)	3		34	1
3506	2021-10-02 17:23:22.577651+03	29	ReportTempId object (29)	3		35	1
3507	2021-10-02 17:23:22.581641+03	28	ReportTempId object (28)	3		35	1
3508	2021-10-02 17:23:22.582636+03	27	ReportTempId object (27)	3		35	1
3509	2021-10-02 17:23:22.584631+03	26	ReportTempId object (26)	3		35	1
3510	2021-10-02 17:23:22.586625+03	25	ReportTempId object (25)	3		35	1
3511	2021-10-02 17:23:22.587624+03	24	ReportTempId object (24)	3		35	1
3512	2021-10-02 17:23:22.590616+03	23	ReportTempId object (23)	3		35	1
3513	2021-10-02 17:23:22.591613+03	22	ReportTempId object (22)	3		35	1
3514	2021-10-02 17:23:22.593607+03	21	ReportTempId object (21)	3		35	1
3515	2021-10-02 17:23:22.594605+03	20	ReportTempId object (20)	3		35	1
3516	2021-10-02 17:23:22.5966+03	19	ReportTempId object (19)	3		35	1
3517	2021-10-02 17:23:22.597596+03	18	ReportTempId object (18)	3		35	1
3518	2021-10-02 17:23:22.599593+03	17	ReportTempId object (17)	3		35	1
3519	2021-10-02 17:23:22.60059+03	16	ReportTempId object (16)	3		35	1
3520	2021-10-02 17:23:22.602585+03	15	ReportTempId object (15)	3		35	1
3521	2021-10-02 17:23:22.603581+03	14	ReportTempId object (14)	3		35	1
3522	2021-10-02 17:23:22.605576+03	13	ReportTempId object (13)	3		35	1
3523	2021-10-02 17:23:22.606573+03	12	ReportTempId object (12)	3		35	1
3524	2021-10-02 17:23:22.608568+03	11	ReportTempId object (11)	3		35	1
3525	2021-10-02 17:23:22.610562+03	10	ReportTempId object (10)	3		35	1
3526	2021-10-02 17:23:22.61156+03	9	ReportTempId object (9)	3		35	1
3527	2021-10-02 17:23:42.193363+03	2912	Register object (2912)	3		14	1
3528	2021-10-02 17:23:42.199219+03	2849	Register object (2849)	3		14	1
3529	2021-10-02 17:23:42.200529+03	2848	Register object (2848)	3		14	1
3530	2021-10-02 17:23:42.201515+03	2847	Register object (2847)	3		14	1
3531	2021-10-02 17:23:42.203695+03	2510	Register object (2510)	3		14	1
3532	2021-10-02 17:23:42.204975+03	2508	Register object (2508)	3		14	1
3533	2021-10-02 17:23:42.206218+03	2507	Register object (2507)	3		14	1
3534	2021-10-02 17:23:42.207336+03	2296	Register object (2296)	3		14	1
3535	2021-10-02 17:23:42.208431+03	2150	Register object (2150)	3		14	1
3536	2021-10-02 17:23:42.209431+03	2149	Register object (2149)	3		14	1
3537	2021-10-02 17:23:42.210428+03	2148	Register object (2148)	3		14	1
3538	2021-10-02 17:23:42.211535+03	2147	Register object (2147)	3		14	1
3539	2021-10-02 17:23:42.21263+03	2146	Register object (2146)	3		14	1
3540	2021-10-02 17:23:42.213738+03	2145	Register object (2145)	3		14	1
3541	2021-10-02 17:23:42.214286+03	2141	Register object (2141)	3		14	1
3542	2021-10-02 17:23:42.215324+03	2140	Register object (2140)	3		14	1
3543	2021-10-02 17:23:42.217285+03	2139	Register object (2139)	3		14	1
3544	2021-10-02 17:23:42.218285+03	2138	Register object (2138)	3		14	1
3545	2021-10-02 17:23:42.219282+03	2137	Register object (2137)	3		14	1
3546	2021-10-02 17:23:42.221277+03	2136	Register object (2136)	3		14	1
3547	2021-10-02 17:23:42.222273+03	2126	Register object (2126)	3		14	1
3548	2021-10-02 17:23:42.223455+03	2125	Register object (2125)	3		14	1
3549	2021-10-02 17:23:42.224501+03	2124	Register object (2124)	3		14	1
3550	2021-10-02 17:23:42.225502+03	2123	Register object (2123)	3		14	1
3551	2021-10-02 17:23:42.226498+03	2122	Register object (2122)	3		14	1
3552	2021-10-02 17:23:42.227496+03	2121	Register object (2121)	3		14	1
3553	2021-10-02 17:23:42.228493+03	2114	Register object (2114)	3		14	1
3554	2021-10-02 17:23:42.23049+03	2113	Register object (2113)	3		14	1
3555	2021-10-02 17:23:42.23149+03	2112	Register object (2112)	3		14	1
3556	2021-10-02 17:23:42.233482+03	2099	Register object (2099)	3		14	1
3557	2021-10-02 17:23:42.234477+03	2098	Register object (2098)	3		14	1
3558	2021-10-02 17:23:42.235475+03	2097	Register object (2097)	3		14	1
3559	2021-10-02 17:23:42.237471+03	2084	Register object (2084)	3		14	1
3560	2021-10-02 17:23:42.238467+03	2083	Register object (2083)	3		14	1
3561	2021-10-02 17:23:42.240355+03	2082	Register object (2082)	3		14	1
3562	2021-10-02 17:23:42.241357+03	2081	Register object (2081)	3		14	1
3563	2021-10-02 17:23:42.242354+03	2080	Register object (2080)	3		14	1
3564	2021-10-02 17:23:42.243558+03	2079	Register object (2079)	3		14	1
3565	2021-10-02 17:23:42.244659+03	2078	Register object (2078)	3		14	1
3566	2021-10-02 17:23:42.246348+03	2077	Register object (2077)	3		14	1
3567	2021-10-02 17:23:42.247531+03	2076	Register object (2076)	3		14	1
3568	2021-10-02 17:23:42.249498+03	2075	Register object (2075)	3		14	1
3569	2021-10-02 17:23:42.250115+03	2074	Register object (2074)	3		14	1
3570	2021-10-02 17:23:42.25215+03	2073	Register object (2073)	3		14	1
3571	2021-10-02 17:23:42.25332+03	2066	Register object (2066)	3		14	1
3572	2021-10-02 17:23:42.254461+03	2065	Register object (2065)	3		14	1
3573	2021-10-02 17:23:42.255545+03	2064	Register object (2064)	3		14	1
3574	2021-10-02 17:23:42.25658+03	2042	Register object (2042)	3		14	1
3575	2021-10-02 17:23:42.257797+03	2041	Register object (2041)	3		14	1
3576	2021-10-02 17:23:42.258922+03	2040	Register object (2040)	3		14	1
3577	2021-10-02 17:23:42.26005+03	2033	Register object (2033)	3		14	1
3578	2021-10-02 17:23:42.261088+03	2032	Register object (2032)	3		14	1
3579	2021-10-02 17:23:42.262049+03	2031	Register object (2031)	3		14	1
3580	2021-10-02 17:23:42.264044+03	2027	Register object (2027)	3		14	1
3581	2021-10-02 17:23:42.265198+03	2026	Register object (2026)	3		14	1
3582	2021-10-02 17:23:42.26613+03	2025	Register object (2025)	3		14	1
3583	2021-10-02 17:23:42.267131+03	2021	Register object (2021)	3		14	1
3584	2021-10-02 17:23:42.269127+03	2020	Register object (2020)	3		14	1
3585	2021-10-02 17:23:42.27019+03	2019	Register object (2019)	3		14	1
3586	2021-10-02 17:23:42.27119+03	2009	Register object (2009)	3		14	1
3587	2021-10-02 17:23:42.27219+03	2008	Register object (2008)	3		14	1
3588	2021-10-02 17:23:42.273494+03	2007	Register object (2007)	3		14	1
3589	2021-10-02 17:23:42.274801+03	1985	Register object (1985)	3		14	1
3590	2021-10-02 17:23:42.275912+03	1984	Register object (1984)	3		14	1
3591	2021-10-02 17:23:42.277039+03	1983	Register object (1983)	3		14	1
3592	2021-10-02 17:23:42.278131+03	1970	Register object (1970)	3		14	1
3593	2021-10-02 17:23:42.279224+03	1969	Register object (1969)	3		14	1
3594	2021-10-02 17:23:42.280343+03	1968	Register object (1968)	3		14	1
3595	2021-10-02 17:23:42.28152+03	1961	Register object (1961)	3		14	1
3596	2021-10-02 17:23:42.282687+03	1960	Register object (1960)	3		14	1
3597	2021-10-02 17:23:42.283829+03	1959	Register object (1959)	3		14	1
3598	2021-10-02 17:23:42.284829+03	1951	Register object (1951)	3		14	1
3599	2021-10-02 17:23:42.286357+03	1950	Register object (1950)	3		14	1
3600	2021-10-02 17:23:42.287372+03	1949	Register object (1949)	3		14	1
3601	2021-10-02 17:23:42.288408+03	1948	Register object (1948)	3		14	1
3602	2021-10-02 17:23:42.289693+03	1947	Register object (1947)	3		14	1
3603	2021-10-02 17:23:42.29079+03	1946	Register object (1946)	3		14	1
3604	2021-10-02 17:23:42.291912+03	1945	Register object (1945)	3		14	1
3605	2021-10-02 17:23:42.292997+03	1944	Register object (1944)	3		14	1
3606	2021-10-02 17:23:42.294092+03	1943	Register object (1943)	3		14	1
3607	2021-10-02 17:23:42.295153+03	1939	Register object (1939)	3		14	1
3608	2021-10-02 17:23:42.29624+03	1938	Register object (1938)	3		14	1
3609	2021-10-02 17:23:42.297379+03	1937	Register object (1937)	3		14	1
3610	2021-10-02 17:23:42.298486+03	1933	Register object (1933)	3		14	1
3611	2021-10-02 17:23:42.299572+03	1932	Register object (1932)	3		14	1
3612	2021-10-02 17:23:42.300668+03	1931	Register object (1931)	3		14	1
3613	2021-10-02 17:23:42.301668+03	1927	Register object (1927)	3		14	1
3614	2021-10-02 17:23:42.302666+03	1926	Register object (1926)	3		14	1
3615	2021-10-02 17:23:42.303663+03	1925	Register object (1925)	3		14	1
3616	2021-10-02 17:23:42.305593+03	1918	Register object (1918)	3		14	1
3617	2021-10-02 17:23:42.306762+03	1917	Register object (1917)	3		14	1
3618	2021-10-02 17:23:42.307862+03	1916	Register object (1916)	3		14	1
3619	2021-10-02 17:23:42.308942+03	1915	Register object (1915)	3		14	1
3620	2021-10-02 17:23:42.309987+03	1914	Register object (1914)	3		14	1
3621	2021-10-02 17:23:42.311069+03	1913	Register object (1913)	3		14	1
3622	2021-10-02 17:23:42.312182+03	1903	Register object (1903)	3		14	1
3623	2021-10-02 17:23:42.313292+03	1902	Register object (1902)	3		14	1
3624	2021-10-02 17:23:42.314396+03	1901	Register object (1901)	3		14	1
3625	2021-10-02 17:23:42.315558+03	1900	Register object (1900)	3		14	1
3626	2021-10-02 17:23:42.316689+03	1899	Register object (1899)	3		14	1
3627	2021-10-02 17:23:50.332673+03	1898	Register object (1898)	3		14	1
3628	2021-10-02 17:23:50.338635+03	1896	Register object (1896)	3		14	1
3629	2021-10-02 17:23:50.340298+03	1895	Register object (1895)	3		14	1
3630	2021-10-02 17:23:50.341296+03	1894	Register object (1894)	3		14	1
3631	2021-10-02 17:23:50.343039+03	1893	Register object (1893)	3		14	1
3632	2021-10-02 17:23:50.344393+03	1892	Register object (1892)	3		14	1
3633	2021-10-02 17:23:50.345735+03	1891	Register object (1891)	3		14	1
3634	2021-10-02 17:23:50.34696+03	1889	Register object (1889)	3		14	1
3635	2021-10-02 17:23:50.347963+03	1883	Register object (1883)	3		14	1
3636	2021-10-02 17:23:50.349956+03	1882	Register object (1882)	3		14	1
3637	2021-10-02 17:23:50.35195+03	1881	Register object (1881)	3		14	1
3638	2021-10-02 17:23:50.353483+03	1877	Register object (1877)	3		14	1
3639	2021-10-02 17:23:50.35477+03	1876	Register object (1876)	3		14	1
3640	2021-10-02 17:23:50.355363+03	1875	Register object (1875)	3		14	1
3641	2021-10-02 17:23:50.357362+03	1874	Register object (1874)	3		14	1
3642	2021-10-02 17:23:50.35862+03	1873	Register object (1873)	3		14	1
3643	2021-10-02 17:23:50.359881+03	1772	Register object (1772)	3		14	1
3644	2021-10-02 17:23:50.360881+03	1756	Register object (1756)	3		14	1
3645	2021-10-02 17:23:50.362147+03	1755	Register object (1755)	3		14	1
3646	2021-10-02 17:23:50.363352+03	1743	Register object (1743)	3		14	1
3647	2021-10-02 17:23:50.364354+03	1740	Register object (1740)	3		14	1
3648	2021-10-02 17:23:50.366347+03	1738	Register object (1738)	3		14	1
3649	2021-10-02 17:23:50.368343+03	1737	Register object (1737)	3		14	1
3650	2021-10-02 17:23:50.369473+03	1736	Register object (1736)	3		14	1
3651	2021-10-02 17:23:50.370749+03	1735	Register object (1735)	3		14	1
3652	2021-10-02 17:23:50.371754+03	1734	Register object (1734)	3		14	1
3653	2021-10-02 17:23:50.372756+03	1730	Register object (1730)	3		14	1
3654	2021-10-02 17:23:50.374558+03	1728	Register object (1728)	3		14	1
3655	2021-10-02 17:23:50.37579+03	1727	Register object (1727)	3		14	1
3656	2021-10-02 17:23:50.376791+03	1723	Register object (1723)	3		14	1
3657	2021-10-02 17:23:50.378002+03	1722	Register object (1722)	3		14	1
3658	2021-10-02 17:23:50.379176+03	1721	Register object (1721)	3		14	1
3659	2021-10-02 17:23:50.380307+03	1712	Register object (1712)	3		14	1
3660	2021-10-02 17:23:50.381845+03	1711	Register object (1711)	3		14	1
3661	2021-10-02 17:23:50.382846+03	1710	Register object (1710)	3		14	1
3662	2021-10-02 17:23:50.385004+03	1709	Register object (1709)	3		14	1
3663	2021-10-02 17:23:50.386301+03	1708	Register object (1708)	3		14	1
3664	2021-10-02 17:23:50.387532+03	1707	Register object (1707)	3		14	1
3665	2021-10-02 17:23:50.388537+03	1706	Register object (1706)	3		14	1
3666	2021-10-02 17:23:50.390199+03	1704	Register object (1704)	3		14	1
3667	2021-10-02 17:23:50.391202+03	1702	Register object (1702)	3		14	1
3668	2021-10-02 17:23:50.392231+03	1701	Register object (1701)	3		14	1
3669	2021-10-02 17:23:50.393703+03	1700	Register object (1700)	3		14	1
3670	2021-10-02 17:23:50.394913+03	1697	Register object (1697)	3		14	1
3671	2021-10-02 17:23:50.397104+03	1696	Register object (1696)	3		14	1
3672	2021-10-02 17:23:50.398507+03	1691	Register object (1691)	3		14	1
3673	2021-10-02 17:23:50.399508+03	1690	Register object (1690)	3		14	1
3674	2021-10-02 17:23:50.401507+03	1689	Register object (1689)	3		14	1
3675	2021-10-02 17:23:50.403288+03	1688	Register object (1688)	3		14	1
3676	2021-10-02 17:23:50.404295+03	1687	Register object (1687)	3		14	1
3677	2021-10-02 17:23:50.405944+03	1686	Register object (1686)	3		14	1
3678	2021-10-02 17:23:50.407205+03	1685	Register object (1685)	3		14	1
3679	2021-10-02 17:23:50.40838+03	1678	Register object (1678)	3		14	1
3680	2021-10-02 17:23:50.40955+03	1677	Register object (1677)	3		14	1
3681	2021-10-02 17:23:50.410711+03	1676	Register object (1676)	3		14	1
3682	2021-10-02 17:23:50.411763+03	1675	Register object (1675)	3		14	1
3683	2021-10-02 17:23:50.41348+03	1674	Register object (1674)	3		14	1
3684	2021-10-02 17:23:50.414708+03	1673	Register object (1673)	3		14	1
3685	2021-10-02 17:23:50.415708+03	1672	Register object (1672)	3		14	1
3686	2021-10-02 17:23:50.418237+03	1671	Register object (1671)	3		14	1
3687	2021-10-02 17:23:50.419401+03	1670	Register object (1670)	3		14	1
3688	2021-10-02 17:23:50.420403+03	1669	Register object (1669)	3		14	1
3689	2021-10-02 17:23:50.422281+03	1668	Register object (1668)	3		14	1
3690	2021-10-02 17:23:50.423413+03	1667	Register object (1667)	3		14	1
3691	2021-10-02 17:23:50.424708+03	1666	Register object (1666)	3		14	1
3692	2021-10-02 17:23:50.425895+03	1665	Register object (1665)	3		14	1
3693	2021-10-02 17:23:50.427094+03	1664	Register object (1664)	3		14	1
3694	2021-10-02 17:23:50.427663+03	1663	Register object (1663)	3		14	1
3695	2021-10-02 17:23:50.429636+03	1662	Register object (1662)	3		14	1
3696	2021-10-02 17:23:50.430886+03	1661	Register object (1661)	3		14	1
3697	2021-10-02 17:23:50.431481+03	1660	Register object (1660)	3		14	1
3698	2021-10-02 17:23:50.43348+03	1659	Register object (1659)	3		14	1
3699	2021-10-02 17:23:50.434476+03	1658	Register object (1658)	3		14	1
3700	2021-10-02 17:23:50.435498+03	1635	Register object (1635)	3		14	1
3701	2021-10-02 17:23:50.437467+03	1634	Register object (1634)	3		14	1
3702	2021-10-02 17:23:50.438465+03	1631	Register object (1631)	3		14	1
3703	2021-10-02 17:23:50.439462+03	1630	Register object (1630)	3		14	1
3704	2021-10-02 17:23:50.441246+03	1629	Register object (1629)	3		14	1
3705	2021-10-02 17:23:50.442442+03	1628	Register object (1628)	3		14	1
3706	2021-10-02 17:23:50.443616+03	1627	Register object (1627)	3		14	1
3707	2021-10-02 17:23:50.444783+03	1626	Register object (1626)	3		14	1
3708	2021-10-02 17:23:50.445992+03	1625	Register object (1625)	3		14	1
3709	2021-10-02 17:23:50.447181+03	1624	Register object (1624)	3		14	1
3710	2021-10-02 17:23:50.448392+03	1623	Register object (1623)	3		14	1
3711	2021-10-02 17:23:50.449393+03	1622	Register object (1622)	3		14	1
3712	2021-10-02 17:23:50.450394+03	1621	Register object (1621)	3		14	1
3713	2021-10-02 17:23:50.452388+03	1620	Register object (1620)	3		14	1
3714	2021-10-02 17:23:50.454178+03	1619	Register object (1619)	3		14	1
3715	2021-10-02 17:23:50.455368+03	1618	Register object (1618)	3		14	1
3716	2021-10-02 17:23:50.45654+03	1617	Register object (1617)	3		14	1
3717	2021-10-02 17:23:50.45769+03	1616	Register object (1616)	3		14	1
3718	2021-10-02 17:23:50.458912+03	1615	Register object (1615)	3		14	1
3719	2021-10-02 17:23:50.46014+03	1614	Register object (1614)	3		14	1
3720	2021-10-02 17:23:50.461341+03	1613	Register object (1613)	3		14	1
3721	2021-10-02 17:23:50.462441+03	1612	Register object (1612)	3		14	1
3722	2021-10-02 17:23:50.463441+03	1611	Register object (1611)	3		14	1
3723	2021-10-02 17:23:50.464977+03	1610	Register object (1610)	3		14	1
3724	2021-10-02 17:23:50.465978+03	1609	Register object (1609)	3		14	1
3725	2021-10-02 17:23:50.467973+03	1608	Register object (1608)	3		14	1
3726	2021-10-02 17:23:50.469097+03	1607	Register object (1607)	3		14	1
3727	2021-10-02 17:24:01.228294+03	1606	Register object (1606)	3		14	1
3728	2021-10-02 17:24:01.234242+03	1605	Register object (1605)	3		14	1
3729	2021-10-02 17:24:01.235277+03	1604	Register object (1604)	3		14	1
3730	2021-10-02 17:24:01.236827+03	1603	Register object (1603)	3		14	1
3731	2021-10-02 17:24:01.238127+03	1602	Register object (1602)	3		14	1
3732	2021-10-02 17:24:01.239449+03	1601	Register object (1601)	3		14	1
3733	2021-10-02 17:24:01.240737+03	1600	Register object (1600)	3		14	1
3734	2021-10-02 17:24:01.241926+03	1599	Register object (1599)	3		14	1
3735	2021-10-02 17:24:01.243923+03	1598	Register object (1598)	3		14	1
3736	2021-10-02 17:24:01.245134+03	1597	Register object (1597)	3		14	1
3737	2021-10-02 17:24:01.246511+03	1596	Register object (1596)	3		14	1
3738	2021-10-02 17:24:01.248226+03	1595	Register object (1595)	3		14	1
3739	2021-10-02 17:24:01.249227+03	1594	Register object (1594)	3		14	1
3740	2021-10-02 17:24:01.250224+03	1593	Register object (1593)	3		14	1
3741	2021-10-02 17:24:01.25222+03	1592	Register object (1592)	3		14	1
3742	2021-10-02 17:24:01.254216+03	1591	Register object (1591)	3		14	1
3743	2021-10-02 17:24:01.255211+03	1590	Register object (1590)	3		14	1
3744	2021-10-02 17:24:01.256208+03	1589	Register object (1589)	3		14	1
3745	2021-10-02 17:24:01.257206+03	1588	Register object (1588)	3		14	1
3746	2021-10-02 17:24:01.259226+03	1587	Register object (1587)	3		14	1
3747	2021-10-02 17:24:01.260545+03	1586	Register object (1586)	3		14	1
3748	2021-10-02 17:24:01.261707+03	1585	Register object (1585)	3		14	1
3749	2021-10-02 17:24:01.262708+03	1584	Register object (1584)	3		14	1
3750	2021-10-02 17:24:01.263704+03	1581	Register object (1581)	3		14	1
3751	2021-10-02 17:24:01.265707+03	1580	Register object (1580)	3		14	1
3752	2021-10-02 17:24:01.266697+03	1579	Register object (1579)	3		14	1
3753	2021-10-02 17:24:01.268526+03	1578	Register object (1578)	3		14	1
3754	2021-10-02 17:24:01.269766+03	1577	Register object (1577)	3		14	1
3755	2021-10-02 17:24:01.271037+03	1576	Register object (1576)	3		14	1
3756	2021-10-02 17:24:01.272219+03	1575	Register object (1575)	3		14	1
3757	2021-10-02 17:24:01.273371+03	1568	Register object (1568)	3		14	1
3758	2021-10-02 17:24:01.274523+03	1566	Register object (1566)	3		14	1
3759	2021-10-02 17:24:01.275828+03	1565	Register object (1565)	3		14	1
3760	2021-10-02 17:24:01.276997+03	1564	Register object (1564)	3		14	1
3761	2021-10-02 17:24:01.278125+03	1563	Register object (1563)	3		14	1
3762	2021-10-02 17:24:01.278693+03	1562	Register object (1562)	3		14	1
3763	2021-10-02 17:24:01.280692+03	1561	Register object (1561)	3		14	1
3764	2021-10-02 17:24:01.281688+03	1560	Register object (1560)	3		14	1
3765	2021-10-02 17:24:01.282724+03	1558	Register object (1558)	3		14	1
3766	2021-10-02 17:24:01.284679+03	1557	Register object (1557)	3		14	1
3767	2021-10-02 17:24:01.285815+03	1552	Register object (1552)	3		14	1
3768	2021-10-02 17:24:01.286975+03	1549	Register object (1549)	3		14	1
3769	2021-10-02 17:24:01.28816+03	1548	Register object (1548)	3		14	1
3770	2021-10-02 17:24:01.289323+03	1545	Register object (1545)	3		14	1
3771	2021-10-02 17:24:01.290486+03	1543	Register object (1543)	3		14	1
3772	2021-10-02 17:24:01.291753+03	1529	Register object (1529)	3		14	1
3773	2021-10-02 17:24:01.292948+03	1528	Register object (1528)	3		14	1
3774	2021-10-02 17:24:01.294113+03	1516	Register object (1516)	3		14	1
3775	2021-10-02 17:24:01.295271+03	1515	Register object (1515)	3		14	1
3776	2021-10-02 17:24:01.296274+03	1514	Register object (1514)	3		14	1
3777	2021-10-02 17:24:01.29727+03	1513	Register object (1513)	3		14	1
3778	2021-10-02 17:24:01.299162+03	1512	Register object (1512)	3		14	1
3779	2021-10-02 17:24:01.300163+03	1497	Register object (1497)	3		14	1
3780	2021-10-02 17:24:01.301238+03	1496	Register object (1496)	3		14	1
3781	2021-10-02 17:24:01.302646+03	1495	Register object (1495)	3		14	1
3782	2021-10-02 17:24:01.303862+03	1471	Register object (1471)	3		14	1
3783	2021-10-02 17:24:01.305163+03	1470	Register object (1470)	3		14	1
3784	2021-10-02 17:24:01.306362+03	1469	Register object (1469)	3		14	1
3785	2021-10-02 17:24:01.307532+03	1468	Register object (1468)	3		14	1
3786	2021-10-02 17:24:01.308664+03	1467	Register object (1467)	3		14	1
3787	2021-10-02 17:24:01.309734+03	1466	Register object (1466)	3		14	1
3788	2021-10-02 17:24:01.310861+03	1465	Register object (1465)	3		14	1
3789	2021-10-02 17:24:01.312075+03	1464	Register object (1464)	3		14	1
3790	2021-10-02 17:24:01.313115+03	1463	Register object (1463)	3		14	1
3791	2021-10-02 17:24:01.314077+03	1462	Register object (1462)	3		14	1
3792	2021-10-02 17:24:01.316217+03	1461	Register object (1461)	3		14	1
3793	2021-10-02 17:24:01.31747+03	1460	Register object (1460)	3		14	1
3794	2021-10-02 17:24:01.31804+03	1459	Register object (1459)	3		14	1
3795	2021-10-02 17:24:01.31976+03	1458	Register object (1458)	3		14	1
3796	2021-10-02 17:24:18.137657+03	319	Transfer object (319)	3		11	1
3797	2021-10-02 17:24:18.143685+03	318	Transfer object (318)	3		11	1
3798	2021-10-02 17:24:18.144683+03	317	Transfer object (317)	3		11	1
3799	2021-10-02 17:24:31.706089+03	184	Sale object (184)	3		10	1
3800	2021-10-02 17:24:45.391245+03	1	Recognition object (1)	3		30	1
3801	2021-10-02 17:24:53.474745+03	1782	Identifier object (1782)	3		8	1
3802	2021-10-02 17:24:53.479365+03	1736	Identifier object (1736)	3		8	1
3803	2021-10-02 17:24:53.480763+03	1729	Identifier object (1729)	3		8	1
3804	2021-10-02 17:24:53.482039+03	1710	Identifier object (1710)	3		8	1
3805	2021-10-02 17:24:53.482592+03	1705	Identifier object (1705)	3		8	1
3806	2021-10-02 17:24:53.48459+03	1692	Identifier object (1692)	3		8	1
3807	2021-10-02 17:24:53.486587+03	1684	Identifier object (1684)	3		8	1
3808	2021-10-02 17:24:53.488096+03	1683	Identifier object (1683)	3		8	1
3809	2021-10-02 17:24:53.488648+03	1681	Identifier object (1681)	3		8	1
3810	2021-10-02 17:24:53.489686+03	1680	Identifier object (1680)	3		8	1
3811	2021-10-02 17:24:53.491645+03	1676	Identifier object (1676)	3		8	1
3812	2021-10-02 17:24:53.492643+03	1675	Identifier object (1675)	3		8	1
3813	2021-10-02 17:24:53.493654+03	1672	Identifier object (1672)	3		8	1
3814	2021-10-02 17:24:53.494827+03	1667	Identifier object (1667)	3		8	1
3815	2021-10-02 17:24:53.495976+03	1662	Identifier object (1662)	3		8	1
3816	2021-10-02 17:24:53.49713+03	1661	Identifier object (1661)	3		8	1
3817	2021-10-02 17:24:53.498281+03	1660	Identifier object (1660)	3		8	1
3818	2021-10-02 17:24:53.499411+03	1659	Identifier object (1659)	3		8	1
3819	2021-10-02 17:24:53.500543+03	1656	Identifier object (1656)	3		8	1
3820	2021-10-02 17:24:53.502541+03	1648	Identifier object (1648)	3		8	1
3821	2021-10-02 17:24:53.503814+03	1645	Identifier object (1645)	3		8	1
3822	2021-10-02 17:24:53.504861+03	1643	Identifier object (1643)	3		8	1
3823	2021-10-02 17:24:53.506044+03	1641	Identifier object (1641)	3		8	1
3824	2021-10-02 17:24:53.507123+03	1637	Identifier object (1637)	3		8	1
3825	2021-10-02 17:24:53.508122+03	1629	Identifier object (1629)	3		8	1
3826	2021-10-02 17:24:53.50912+03	1624	Identifier object (1624)	3		8	1
3827	2021-10-02 17:24:53.510186+03	1621	Identifier object (1621)	3		8	1
3828	2021-10-02 17:24:53.51142+03	1618	Identifier object (1618)	3		8	1
3829	2021-10-02 17:24:53.51251+03	1617	Identifier object (1617)	3		8	1
3830	2021-10-02 17:24:53.513584+03	1616	Identifier object (1616)	3		8	1
3831	2021-10-02 17:24:53.514645+03	1614	Identifier object (1614)	3		8	1
3832	2021-10-02 17:24:53.515763+03	1612	Identifier object (1612)	3		8	1
3833	2021-10-02 17:24:53.516288+03	1610	Identifier object (1610)	3		8	1
3834	2021-10-02 17:24:53.518288+03	1607	Identifier object (1607)	3		8	1
3835	2021-10-02 17:24:53.519285+03	1606	Identifier object (1606)	3		8	1
3836	2021-10-02 17:24:53.520281+03	1602	Identifier object (1602)	3		8	1
3837	2021-10-02 17:24:53.522276+03	1601	Identifier object (1601)	3		8	1
3838	2021-10-02 17:24:53.523275+03	1599	Identifier object (1599)	3		8	1
3839	2021-10-02 17:24:53.524277+03	1598	Identifier object (1598)	3		8	1
3840	2021-10-02 17:24:53.52541+03	1597	Identifier object (1597)	3		8	1
3841	2021-10-02 17:24:53.526495+03	1596	Identifier object (1596)	3		8	1
3842	2021-10-02 17:24:53.52752+03	1592	Identifier object (1592)	3		8	1
3843	2021-10-02 17:24:53.528617+03	1591	Identifier object (1591)	3		8	1
3844	2021-10-02 17:24:53.529741+03	1589	Identifier object (1589)	3		8	1
3845	2021-10-02 17:24:53.530841+03	1588	Identifier object (1588)	3		8	1
3846	2021-10-02 17:24:53.531932+03	1541	Identifier object (1541)	3		8	1
3847	2021-10-02 17:24:53.533025+03	1540	Identifier object (1540)	3		8	1
3848	2021-10-02 17:24:53.534025+03	1538	Identifier object (1538)	3		8	1
3849	2021-10-02 17:24:53.53602+03	1514	Identifier object (1514)	3		8	1
3850	2021-10-02 17:24:53.537017+03	1503	Identifier object (1503)	3		8	1
3851	2021-10-02 17:24:53.538017+03	1497	Identifier object (1497)	3		8	1
3852	2021-10-02 17:24:53.539015+03	1495	Identifier object (1495)	3		8	1
3853	2021-10-02 17:24:53.540012+03	1494	Identifier object (1494)	3		8	1
3854	2021-10-02 17:24:53.54101+03	1493	Identifier object (1493)	3		8	1
3855	2021-10-02 17:24:53.542775+03	1492	Identifier object (1492)	3		8	1
3856	2021-10-02 17:24:53.544062+03	1489	Identifier object (1489)	3		8	1
3857	2021-10-02 17:24:53.545164+03	1487	Identifier object (1487)	3		8	1
3858	2021-10-02 17:24:53.546249+03	1486	Identifier object (1486)	3		8	1
3859	2021-10-02 17:24:53.547358+03	1483	Identifier object (1483)	3		8	1
3860	2021-10-02 17:24:53.548425+03	1482	Identifier object (1482)	3		8	1
3861	2021-10-02 17:24:53.549482+03	1478	Identifier object (1478)	3		8	1
3862	2021-10-02 17:24:53.549994+03	1477	Identifier object (1477)	3		8	1
3863	2021-10-02 17:24:53.551992+03	1476	Identifier object (1476)	3		8	1
3864	2021-10-02 17:24:53.55299+03	1475	Identifier object (1475)	3		8	1
3865	2021-10-02 17:24:53.554866+03	1474	Identifier object (1474)	3		8	1
3866	2021-10-02 17:24:53.555964+03	1473	Identifier object (1473)	3		8	1
3867	2021-10-02 17:24:53.557014+03	1471	Identifier object (1471)	3		8	1
3868	2021-10-02 17:24:53.558101+03	1469	Identifier object (1469)	3		8	1
3869	2021-10-02 17:24:53.559206+03	1465	Identifier object (1465)	3		8	1
3870	2021-10-02 17:24:53.560303+03	1458	Identifier object (1458)	3		8	1
3871	2021-10-02 17:24:53.561459+03	1457	Identifier object (1457)	3		8	1
3872	2021-10-02 17:24:53.562581+03	1456	Identifier object (1456)	3		8	1
3873	2021-10-02 17:24:53.563852+03	1453	Identifier object (1453)	3		8	1
3874	2021-10-02 17:24:53.564986+03	1452	Identifier object (1452)	3		8	1
3875	2021-10-02 17:24:53.566013+03	1451	Identifier object (1451)	3		8	1
3876	2021-10-02 17:24:53.567083+03	1450	Identifier object (1450)	3		8	1
3877	2021-10-02 17:24:53.568084+03	1449	Identifier object (1449)	3		8	1
3878	2021-10-02 17:24:53.569082+03	1448	Identifier object (1448)	3		8	1
3879	2021-10-02 17:24:53.571038+03	1447	Identifier object (1447)	3		8	1
3880	2021-10-02 17:24:53.572121+03	1435	Identifier object (1435)	3		8	1
3881	2021-10-02 17:24:53.573187+03	1433	Identifier object (1433)	3		8	1
3882	2021-10-02 17:24:53.574233+03	1432	Identifier object (1432)	3		8	1
3883	2021-10-02 17:24:53.575283+03	1431	Identifier object (1431)	3		8	1
3884	2021-10-02 17:24:53.576362+03	1430	Identifier object (1430)	3		8	1
3885	2021-10-02 17:24:53.576894+03	1429	Identifier object (1429)	3		8	1
3886	2021-10-02 17:24:53.577932+03	1428	Identifier object (1428)	3		8	1
3887	2021-10-02 17:24:53.579507+03	1427	Identifier object (1427)	3		8	1
3888	2021-10-02 17:24:53.580511+03	1426	Identifier object (1426)	3		8	1
3889	2021-10-02 17:24:53.581504+03	1425	Identifier object (1425)	3		8	1
3890	2021-10-02 17:24:53.583129+03	1424	Identifier object (1424)	3		8	1
3891	2021-10-02 17:24:53.584136+03	1423	Identifier object (1423)	3		8	1
3892	2021-10-02 17:24:53.585663+03	1422	Identifier object (1422)	3		8	1
3893	2021-10-02 17:24:53.586664+03	1421	Identifier object (1421)	3		8	1
3894	2021-10-02 17:24:53.587697+03	1420	Identifier object (1420)	3		8	1
3895	2021-10-02 17:24:53.588947+03	1419	Identifier object (1419)	3		8	1
3896	2021-10-02 17:24:53.590036+03	1418	Identifier object (1418)	3		8	1
3897	2021-10-02 17:24:53.591179+03	1417	Identifier object (1417)	3		8	1
3898	2021-10-02 17:24:53.592294+03	1416	Identifier object (1416)	3		8	1
3899	2021-10-02 17:24:53.593295+03	1415	Identifier object (1415)	3		8	1
3900	2021-10-02 17:24:53.594328+03	1414	Identifier object (1414)	3		8	1
3901	2021-10-02 17:24:59.79726+03	1413	Identifier object (1413)	3		8	1
3902	2021-10-02 17:24:59.80432+03	1412	Identifier object (1412)	3		8	1
3903	2021-10-02 17:24:59.806321+03	1411	Identifier object (1411)	3		8	1
3904	2021-10-02 17:24:59.808292+03	1410	Identifier object (1410)	3		8	1
3905	2021-10-02 17:24:59.810046+03	1409	Identifier object (1409)	3		8	1
3906	2021-10-02 17:24:59.812745+03	1408	Identifier object (1408)	3		8	1
3907	2021-10-02 17:24:59.814442+03	1407	Identifier object (1407)	3		8	1
3908	2021-10-02 17:24:59.823337+03	1406	Identifier object (1406)	3		8	1
3909	2021-10-02 17:24:59.825332+03	1405	Identifier object (1405)	3		8	1
3910	2021-10-02 17:24:59.826868+03	1404	Identifier object (1404)	3		8	1
3911	2021-10-02 17:24:59.828232+03	1403	Identifier object (1403)	3		8	1
3912	2021-10-02 17:24:59.82973+03	1402	Identifier object (1402)	3		8	1
3913	2021-10-02 17:24:59.830768+03	1401	Identifier object (1401)	3		8	1
3914	2021-10-02 17:24:59.832365+03	1400	Identifier object (1400)	3		8	1
3915	2021-10-02 17:24:59.834347+03	1399	Identifier object (1399)	3		8	1
3916	2021-10-02 17:24:59.836341+03	1398	Identifier object (1398)	3		8	1
3917	2021-10-02 17:24:59.837773+03	1397	Identifier object (1397)	3		8	1
3918	2021-10-02 17:24:59.838776+03	1395	Identifier object (1395)	3		8	1
3919	2021-10-02 17:24:59.840771+03	1394	Identifier object (1394)	3		8	1
3920	2021-10-02 17:24:59.842243+03	1393	Identifier object (1393)	3		8	1
3921	2021-10-02 17:24:59.843705+03	1392	Identifier object (1392)	3		8	1
3922	2021-10-02 17:24:59.845136+03	1388	Identifier object (1388)	3		8	1
3923	2021-10-02 17:24:59.846532+03	1386	Identifier object (1386)	3		8	1
3924	2021-10-02 17:24:59.848186+03	1385	Identifier object (1385)	3		8	1
3925	2021-10-02 17:24:59.849945+03	1384	Identifier object (1384)	3		8	1
3926	2021-10-02 17:24:59.852023+03	1383	Identifier object (1383)	3		8	1
3927	2021-10-02 17:24:59.85306+03	1382	Identifier object (1382)	3		8	1
3928	2021-10-02 17:24:59.854721+03	1381	Identifier object (1381)	3		8	1
3929	2021-10-02 17:24:59.856213+03	1379	Identifier object (1379)	3		8	1
3930	2021-10-02 17:24:59.857253+03	1378	Identifier object (1378)	3		8	1
3931	2021-10-02 17:24:59.859209+03	1374	Identifier object (1374)	3		8	1
3932	2021-10-02 17:24:59.86028+03	1372	Identifier object (1372)	3		8	1
3933	2021-10-02 17:24:59.861913+03	1371	Identifier object (1371)	3		8	1
3934	2021-10-02 17:24:59.863329+03	1369	Identifier object (1369)	3		8	1
3935	2021-10-02 17:24:59.864783+03	1367	Identifier object (1367)	3		8	1
3936	2021-10-02 17:24:59.86582+03	1366	Identifier object (1366)	3		8	1
3937	2021-10-02 17:24:59.867823+03	1365	Identifier object (1365)	3		8	1
3938	2021-10-02 17:24:59.869402+03	1364	Identifier object (1364)	3		8	1
3939	2021-10-02 17:24:59.870728+03	1363	Identifier object (1363)	3		8	1
3940	2021-10-02 17:24:59.872168+03	1351	Identifier object (1351)	3		8	1
3941	2021-10-02 17:24:59.87317+03	1339	Identifier object (1339)	3		8	1
3942	2021-10-02 17:24:59.875092+03	1338	Identifier object (1338)	3		8	1
3943	2021-10-02 17:24:59.876097+03	1337	Identifier object (1337)	3		8	1
3944	2021-10-02 17:24:59.87809+03	1336	Identifier object (1336)	3		8	1
3945	2021-10-02 17:24:59.879706+03	1335	Identifier object (1335)	3		8	1
3946	2021-10-02 17:24:59.88117+03	1322	Identifier object (1322)	3		8	1
3947	2021-10-02 17:24:59.882909+03	1321	Identifier object (1321)	3		8	1
3948	2021-10-02 17:24:59.883908+03	1320	Identifier object (1320)	3		8	1
3949	2021-10-02 17:24:59.885901+03	1300	Identifier object (1300)	3		8	1
3950	2021-10-02 17:24:59.887865+03	1299	Identifier object (1299)	3		8	1
3951	2021-10-02 17:24:59.889319+03	1298	Identifier object (1298)	3		8	1
3952	2021-10-02 17:24:59.890756+03	1297	Identifier object (1297)	3		8	1
3953	2021-10-02 17:24:59.892223+03	1296	Identifier object (1296)	3		8	1
3954	2021-10-02 17:24:59.893265+03	1295	Identifier object (1295)	3		8	1
3955	2021-10-02 17:24:59.89522+03	1294	Identifier object (1294)	3		8	1
3956	2021-10-02 17:25:10.162013+03	909	Document object (909)	3		7	1
3957	2021-10-02 17:25:10.167085+03	908	Document object (908)	3		7	1
3958	2021-10-02 17:25:10.168448+03	903	Document object (903)	3		7	1
3959	2021-10-02 17:25:10.169658+03	902	Document object (902)	3		7	1
3960	2021-10-02 17:25:10.170887+03	852	Document object (852)	3		7	1
3961	2021-10-02 17:25:10.172178+03	843	Document object (843)	3		7	1
3962	2021-10-02 17:25:10.173591+03	848	Document object (848)	3		7	1
3963	2021-10-02 17:25:10.174811+03	907	Document object (907)	3		7	1
3964	2021-10-02 17:25:10.175983+03	781	Document object (781)	3		7	1
3965	2021-10-02 17:25:10.176946+03	780	Document object (780)	3		7	1
3966	2021-10-02 17:25:10.178189+03	779	Document object (779)	3		7	1
3967	2021-10-02 17:25:10.178726+03	778	Document object (778)	3		7	1
3968	2021-10-02 17:25:10.179766+03	777	Document object (777)	3		7	1
3969	2021-10-02 17:25:10.181723+03	748	Document object (748)	3		7	1
3970	2021-10-02 17:25:10.18296+03	905	Document object (905)	3		7	1
3971	2021-10-02 17:25:10.184067+03	838	Document object (838)	3		7	1
3972	2021-10-02 17:25:10.185146+03	847	Document object (847)	3		7	1
3973	2021-10-02 17:25:10.186227+03	904	Document object (904)	3		7	1
3974	2021-10-02 17:25:10.187275+03	906	Document object (906)	3		7	1
3975	2021-10-02 17:25:21.455847+03	552	Delivery object (552)	3		9	1
3976	2021-10-02 17:25:21.466871+03	551	Delivery object (551)	3		9	1
3977	2021-10-02 17:25:21.468618+03	550	Delivery object (550)	3		9	1
3978	2021-10-02 17:25:21.470016+03	549	Delivery object (549)	3		9	1
3979	2021-10-02 17:25:21.471343+03	548	Delivery object (548)	3		9	1
3980	2021-10-02 17:25:21.472795+03	540	Delivery object (540)	3		9	1
3981	2021-10-02 17:25:21.481692+03	539	Delivery object (539)	3		9	1
3982	2021-10-02 17:25:21.4833+03	538	Delivery object (538)	3		9	1
3983	2021-10-02 17:25:21.484548+03	537	Delivery object (537)	3		9	1
3984	2021-10-02 17:25:21.485742+03	536	Delivery object (536)	3		9	1
3985	2021-10-02 17:25:21.486915+03	535	Delivery object (535)	3		9	1
3986	2021-10-02 17:25:21.488085+03	534	Delivery object (534)	3		9	1
3987	2021-10-02 17:25:21.489401+03	533	Delivery object (533)	3		9	1
3988	2021-10-02 17:25:21.4904+03	521	Delivery object (521)	3		9	1
3989	2021-10-02 17:25:21.491554+03	517	Delivery object (517)	3		9	1
3990	2021-10-02 17:25:21.49281+03	547	Delivery object (547)	3		9	1
3991	2021-10-02 17:25:21.494412+03	546	Delivery object (546)	3		9	1
3992	2021-10-02 17:25:21.495408+03	545	Delivery object (545)	3		9	1
3993	2021-10-02 17:25:21.496405+03	544	Delivery object (544)	3		9	1
3994	2021-10-02 17:25:21.497965+03	542	Delivery object (542)	3		9	1
3995	2021-10-02 17:25:21.499151+03	516	Delivery object (516)	3		9	1
3996	2021-10-02 17:25:21.500347+03	541	Delivery object (541)	3		9	1
3997	2021-10-02 17:25:21.501417+03	543	Delivery object (543)	3		9	1
3998	2021-10-02 17:25:28.769885+03	17	AvPrice object (17)	3		29	1
3999	2021-10-02 17:25:28.772875+03	16	AvPrice object (16)	3		29	1
4000	2021-10-02 17:25:28.77487+03	15	AvPrice object (15)	3		29	1
4001	2021-10-02 17:25:28.775867+03	14	AvPrice object (14)	3		29	1
4002	2021-10-02 17:25:28.777862+03	13	AvPrice object (13)	3		29	1
4003	2021-10-02 17:25:28.779857+03	12	AvPrice object (12)	3		29	1
4004	2021-10-02 17:26:24.065617+03	30	ReportTempId object (30)	3		35	1
4005	2021-10-02 17:26:35.820574+03	131	ReportTemp object (131)	3		34	1
4006	2021-10-02 17:26:35.828552+03	130	ReportTemp object (130)	3		34	1
4007	2021-10-02 17:26:35.829587+03	129	ReportTemp object (129)	3		34	1
4008	2021-10-02 17:26:35.830583+03	128	ReportTemp object (128)	3		34	1
4009	2021-10-02 17:26:35.832542+03	127	ReportTemp object (127)	3		34	1
4010	2021-10-02 17:26:35.833539+03	126	ReportTemp object (126)	3		34	1
4011	2021-10-02 17:26:43.772025+03	30	ReportTempId object (30)	3		35	1
4012	2021-10-02 17:26:56.617757+03	35851	RemainderHistory object (35851)	3		12	1
4013	2021-10-02 17:26:56.622768+03	35850	RemainderHistory object (35850)	3		12	1
4014	2021-10-02 17:26:56.624123+03	35849	RemainderHistory object (35849)	3		12	1
4015	2021-10-02 17:26:56.625368+03	35848	RemainderHistory object (35848)	3		12	1
4016	2021-10-02 17:26:56.62658+03	35847	RemainderHistory object (35847)	3		12	1
4017	2021-10-02 17:26:56.627823+03	35839	RemainderHistory object (35839)	3		12	1
4018	2021-10-02 17:26:56.628862+03	35838	RemainderHistory object (35838)	3		12	1
4019	2021-10-02 17:26:56.6301+03	35837	RemainderHistory object (35837)	3		12	1
4020	2021-10-02 17:26:56.631219+03	35836	RemainderHistory object (35836)	3		12	1
4021	2021-10-02 17:26:56.632302+03	35835	RemainderHistory object (35835)	3		12	1
4022	2021-10-02 17:26:56.633361+03	35834	RemainderHistory object (35834)	3		12	1
4023	2021-10-02 17:26:56.634366+03	35833	RemainderHistory object (35833)	3		12	1
4024	2021-10-02 17:26:56.635437+03	35832	RemainderHistory object (35832)	3		12	1
4025	2021-10-02 17:26:56.636725+03	35756	RemainderHistory object (35756)	3		12	1
4026	2021-10-02 17:26:56.63808+03	35580	RemainderHistory object (35580)	3		12	1
4027	2021-10-02 17:26:56.639278+03	35579	RemainderHistory object (35579)	3		12	1
4028	2021-10-02 17:26:56.640395+03	35578	RemainderHistory object (35578)	3		12	1
4029	2021-10-02 17:26:56.641476+03	35550	RemainderHistory object (35550)	3		12	1
4030	2021-10-02 17:26:56.64258+03	35549	RemainderHistory object (35549)	3		12	1
4031	2021-10-02 17:26:56.643669+03	35548	RemainderHistory object (35548)	3		12	1
4032	2021-10-02 17:26:56.64467+03	35846	RemainderHistory object (35846)	3		12	1
4033	2021-10-02 17:26:56.645667+03	35845	RemainderHistory object (35845)	3		12	1
4034	2021-10-02 17:26:56.647023+03	35844	RemainderHistory object (35844)	3		12	1
4035	2021-10-02 17:26:56.648143+03	35843	RemainderHistory object (35843)	3		12	1
4036	2021-10-02 17:26:56.649218+03	1238	RemainderHistory object (1238)	3		12	1
4037	2021-10-02 17:26:56.65024+03	35841	RemainderHistory object (35841)	3		12	1
4038	2021-10-02 17:26:56.651355+03	1499	RemainderHistory object (1499)	3		12	1
4039	2021-10-02 17:26:56.652356+03	35748	RemainderHistory object (35748)	3		12	1
4040	2021-10-02 17:26:56.65336+03	35747	RemainderHistory object (35747)	3		12	1
4041	2021-10-02 17:26:56.654362+03	35746	RemainderHistory object (35746)	3		12	1
4042	2021-10-02 17:26:56.656358+03	35745	RemainderHistory object (35745)	3		12	1
4043	2021-10-02 17:26:56.657425+03	35744	RemainderHistory object (35744)	3		12	1
4044	2021-10-02 17:26:56.658522+03	35743	RemainderHistory object (35743)	3		12	1
4045	2021-10-02 17:26:56.659444+03	35840	RemainderHistory object (35840)	3		12	1
4046	2021-10-02 17:26:56.660364+03	35842	RemainderHistory object (35842)	3		12	1
4047	2021-10-02 17:28:42.919908+03	556	Delivery object (556)	3		9	1
4048	2021-10-02 17:28:42.925153+03	555	Delivery object (555)	3		9	1
4049	2021-10-02 17:28:42.926488+03	554	Delivery object (554)	3		9	1
4050	2021-10-02 17:28:42.927527+03	553	Delivery object (553)	3		9	1
4051	2021-10-02 17:28:49.528286+03	909	Document object (909)	3		7	1
4052	2021-10-02 17:28:49.53826+03	908	Document object (908)	3		7	1
4053	2021-10-02 17:28:49.540253+03	903	Document object (903)	3		7	1
4054	2021-10-02 17:28:49.542291+03	902	Document object (902)	3		7	1
4055	2021-10-02 17:28:49.546237+03	910	Document object (910)	3		7	1
4056	2021-10-02 17:28:49.549226+03	852	Document object (852)	3		7	1
4057	2021-10-02 17:28:49.55122+03	843	Document object (843)	3		7	1
4058	2021-10-02 17:28:49.552814+03	848	Document object (848)	3		7	1
4059	2021-10-02 17:28:49.554223+03	907	Document object (907)	3		7	1
4060	2021-10-02 17:28:49.556228+03	781	Document object (781)	3		7	1
4061	2021-10-02 17:28:49.55818+03	780	Document object (780)	3		7	1
4062	2021-10-02 17:28:49.56018+03	779	Document object (779)	3		7	1
4063	2021-10-02 17:28:49.562175+03	778	Document object (778)	3		7	1
4064	2021-10-02 17:28:49.565168+03	777	Document object (777)	3		7	1
4065	2021-10-02 17:28:49.567196+03	748	Document object (748)	3		7	1
4066	2021-10-02 17:28:49.568179+03	905	Document object (905)	3		7	1
4067	2021-10-02 17:28:49.569694+03	838	Document object (838)	3		7	1
4068	2021-10-02 17:28:49.571694+03	847	Document object (847)	3		7	1
4069	2021-10-02 17:28:49.574026+03	904	Document object (904)	3		7	1
4070	2021-10-02 17:28:49.575445+03	906	Document object (906)	3		7	1
4071	2021-10-02 17:29:08.280019+03	99	Card object (99)	3		24	1
4072	2021-10-02 17:29:16.424794+03	15	CashRemainder object (15)	3		22	1
4073	2021-10-02 17:29:22.261228+03	173	Cash object (173)	3		21	1
4074	2021-10-02 17:29:30.971607+03	53	Credit object (53)	3		23	1
4075	2021-10-02 17:29:53.741097+03	909	Document object (909)	3		7	1
4076	2021-10-02 17:29:53.757519+03	908	Document object (908)	3		7	1
4077	2021-10-02 17:29:53.759821+03	903	Document object (903)	3		7	1
4078	2021-10-02 17:29:53.762706+03	902	Document object (902)	3		7	1
4079	2021-10-02 17:29:53.764621+03	910	Document object (910)	3		7	1
4080	2021-10-02 17:29:53.766578+03	852	Document object (852)	3		7	1
4081	2021-10-02 17:29:53.776705+03	843	Document object (843)	3		7	1
4082	2021-10-02 17:29:53.779706+03	848	Document object (848)	3		7	1
4083	2021-10-02 17:29:53.781824+03	907	Document object (907)	3		7	1
4084	2021-10-02 17:29:53.783686+03	781	Document object (781)	3		7	1
4085	2021-10-02 17:29:53.785555+03	780	Document object (780)	3		7	1
4086	2021-10-02 17:29:53.787283+03	779	Document object (779)	3		7	1
4087	2021-10-02 17:29:53.789283+03	778	Document object (778)	3		7	1
4088	2021-10-02 17:29:53.790652+03	777	Document object (777)	3		7	1
4089	2021-10-02 17:29:53.792548+03	748	Document object (748)	3		7	1
4090	2021-10-02 17:29:53.79455+03	905	Document object (905)	3		7	1
4091	2021-10-02 17:29:53.796701+03	838	Document object (838)	3		7	1
4092	2021-10-02 17:29:53.798918+03	847	Document object (847)	3		7	1
4093	2021-10-02 17:29:53.800559+03	904	Document object (904)	3		7	1
4094	2021-10-02 17:29:53.802463+03	906	Document object (906)	3		7	1
4095	2021-10-02 17:30:31.534532+03	21	AvPrice object (21)	3		29	1
4096	2021-10-02 17:30:31.540516+03	20	AvPrice object (20)	3		29	1
4097	2021-10-02 17:30:31.541515+03	19	AvPrice object (19)	3		29	1
4098	2021-10-02 17:30:31.542511+03	18	AvPrice object (18)	3		29	1
4099	2021-10-02 17:30:47.920889+03	317	RemainderCurrent object (317)	3		13	1
4100	2021-10-02 17:30:47.925483+03	316	RemainderCurrent object (316)	3		13	1
4101	2021-10-02 17:30:47.927595+03	315	RemainderCurrent object (315)	3		13	1
4102	2021-10-02 17:30:47.928911+03	314	RemainderCurrent object (314)	3		13	1
4103	2021-10-02 17:30:47.929955+03	313	RemainderCurrent object (313)	3		13	1
4104	2021-10-02 17:30:47.931908+03	312	RemainderCurrent object (312)	3		13	1
4105	2021-10-02 17:30:47.933901+03	311	RemainderCurrent object (311)	3		13	1
4106	2021-10-02 17:30:47.935397+03	310	RemainderCurrent object (310)	3		13	1
4107	2021-10-02 17:30:47.936559+03	309	RemainderCurrent object (309)	3		13	1
4108	2021-10-02 17:30:47.937661+03	308	RemainderCurrent object (308)	3		13	1
4109	2021-10-02 17:30:47.938746+03	307	RemainderCurrent object (307)	3		13	1
4110	2021-10-02 17:30:47.939747+03	306	RemainderCurrent object (306)	3		13	1
4111	2021-10-02 17:30:47.941132+03	305	RemainderCurrent object (305)	3		13	1
4112	2021-10-02 17:30:57.640322+03	35855	RemainderHistory object (35855)	3		12	1
4113	2021-10-02 17:30:57.648687+03	35854	RemainderHistory object (35854)	3		12	1
4114	2021-10-02 17:30:57.650685+03	35853	RemainderHistory object (35853)	3		12	1
4115	2021-10-02 17:30:57.651682+03	35852	RemainderHistory object (35852)	3		12	1
4116	2021-10-02 17:31:04.554795+03	909	Document object (909)	3		7	1
4117	2021-10-02 17:31:04.55978+03	908	Document object (908)	3		7	1
4118	2021-10-02 17:31:04.560778+03	903	Document object (903)	3		7	1
4119	2021-10-02 17:31:04.562773+03	902	Document object (902)	3		7	1
4120	2021-10-02 17:31:04.56377+03	910	Document object (910)	3		7	1
4121	2021-10-02 17:31:04.564767+03	852	Document object (852)	3		7	1
4122	2021-10-02 17:31:04.565765+03	843	Document object (843)	3		7	1
4123	2021-10-02 17:31:04.56776+03	848	Document object (848)	3		7	1
4124	2021-10-02 17:31:04.568759+03	907	Document object (907)	3		7	1
4125	2021-10-02 17:31:04.569756+03	781	Document object (781)	3		7	1
4126	2021-10-02 17:31:04.570753+03	780	Document object (780)	3		7	1
4127	2021-10-02 17:31:04.571752+03	779	Document object (779)	3		7	1
4128	2021-10-02 17:31:04.572748+03	778	Document object (778)	3		7	1
4129	2021-10-02 17:31:04.573745+03	777	Document object (777)	3		7	1
4130	2021-10-02 17:31:04.574743+03	748	Document object (748)	3		7	1
4131	2021-10-02 17:31:04.57574+03	905	Document object (905)	3		7	1
4132	2021-10-02 17:31:04.576737+03	838	Document object (838)	3		7	1
4133	2021-10-02 17:31:04.577732+03	847	Document object (847)	3		7	1
4134	2021-10-02 17:31:04.578729+03	904	Document object (904)	3		7	1
4135	2021-10-02 17:31:04.580728+03	906	Document object (906)	3		7	1
4136	2021-10-02 17:31:50.806415+03	906	Document object (906)	3		7	1
4137	2021-10-02 17:32:04.302432+03	780	Document object (780)	3		7	1
4138	2021-10-02 17:32:04.311372+03	779	Document object (779)	3		7	1
4139	2021-10-02 17:32:04.313365+03	778	Document object (778)	3		7	1
4140	2021-10-02 17:32:04.315359+03	777	Document object (777)	3		7	1
4141	2021-10-02 17:32:04.317359+03	748	Document object (748)	3		7	1
4142	2021-10-02 17:32:04.318356+03	905	Document object (905)	3		7	1
4143	2021-10-02 17:32:04.320354+03	838	Document object (838)	3		7	1
4144	2021-10-02 17:32:04.329323+03	847	Document object (847)	3		7	1
4145	2021-10-02 17:32:04.331322+03	904	Document object (904)	3		7	1
4146	2021-10-02 17:32:14.318634+03	909	Document object (909)	3		7	1
4147	2021-10-02 17:32:14.323912+03	908	Document object (908)	3		7	1
4148	2021-10-02 17:32:14.324912+03	780	Document object (780)	3		7	1
4149	2021-10-02 17:32:14.326907+03	779	Document object (779)	3		7	1
4150	2021-10-02 17:32:14.328902+03	778	Document object (778)	3		7	1
4151	2021-10-02 17:32:14.330898+03	777	Document object (777)	3		7	1
4152	2021-10-02 17:32:14.332248+03	748	Document object (748)	3		7	1
4153	2021-10-02 17:32:14.33339+03	905	Document object (905)	3		7	1
4154	2021-10-02 17:32:14.334501+03	838	Document object (838)	3		7	1
4155	2021-10-02 17:32:14.335638+03	847	Document object (847)	3		7	1
4156	2021-10-02 17:32:14.336787+03	904	Document object (904)	3		7	1
4157	2021-10-02 17:32:59.894939+03	847	Document object (847)	3		7	1
4158	2021-10-02 17:32:59.899927+03	904	Document object (904)	3		7	1
4159	2021-10-02 17:33:13.139986+03	905	Document object (905)	3		7	1
4160	2021-10-02 17:33:13.146967+03	838	Document object (838)	3		7	1
4161	2021-10-02 17:33:30.568289+03	909	Document object (909)	3		7	1
4162	2021-10-02 17:33:30.584646+03	908	Document object (908)	3		7	1
4163	2021-10-02 17:33:30.589645+03	903	Document object (903)	3		7	1
4164	2021-10-02 17:33:30.593634+03	902	Document object (902)	3		7	1
4165	2021-10-02 17:33:30.597469+03	910	Document object (910)	3		7	1
4166	2021-10-02 17:33:30.602598+03	852	Document object (852)	3		7	1
4167	2021-10-02 17:33:30.606585+03	848	Document object (848)	3		7	1
4168	2021-10-02 17:33:30.609578+03	907	Document object (907)	3		7	1
4169	2021-10-02 17:33:37.330081+03	843	Document object (843)	3		7	1
4170	2021-10-02 17:33:43.676642+03	780	Document object (780)	3		7	1
4171	2021-10-02 17:34:05.931898+03	781	Document object (781)	3		7	1
4172	2021-10-02 17:34:15.519691+03	781	Document object (781)	3		7	1
4173	2021-10-02 17:34:15.537124+03	748	Document object (748)	3		7	1
4174	2021-10-02 20:39:43.271373+03	186	Sale object (186)	3		10	1
4175	2021-10-02 20:40:00.233472+03	35863	RemainderHistory object (35863)	3		12	1
4176	2021-10-02 20:40:00.244132+03	35861	RemainderHistory object (35861)	3		12	1
4177	2021-10-02 20:40:00.244132+03	35860	RemainderHistory object (35860)	3		12	1
4178	2021-10-02 20:40:00.244132+03	35859	RemainderHistory object (35859)	3		12	1
4179	2021-10-02 20:40:00.244132+03	35858	RemainderHistory object (35858)	3		12	1
4180	2021-10-02 20:40:00.252272+03	35857	RemainderHistory object (35857)	3		12	1
4181	2021-10-02 20:40:00.260128+03	35856	RemainderHistory object (35856)	3		12	1
4182	2021-10-02 20:40:12.217001+03	322	RemainderCurrent object (322)	3		13	1
4183	2021-10-02 20:40:12.22496+03	321	RemainderCurrent object (321)	3		13	1
4184	2021-10-02 20:40:12.22496+03	320	RemainderCurrent object (320)	3		13	1
4185	2021-10-02 20:40:12.22496+03	319	RemainderCurrent object (319)	3		13	1
4186	2021-10-02 20:40:12.22496+03	318	RemainderCurrent object (318)	3		13	1
4187	2021-10-02 20:40:45.143683+03	560	Delivery object (560)	3		9	1
4188	2021-10-02 20:40:45.159676+03	559	Delivery object (559)	3		9	1
4189	2021-10-02 20:40:45.159676+03	558	Delivery object (558)	3		9	1
4190	2021-10-02 20:40:45.16767+03	557	Delivery object (557)	3		9	1
4191	2021-10-02 20:40:55.693859+03	777	Document object (777)	3		7	1
4192	2021-10-02 20:44:29.218373+03	6	Revaluation object (6)	3		33	1
4193	2021-10-02 20:44:29.234362+03	5	Revaluation object (5)	3		33	1
4194	2021-10-02 20:44:29.234362+03	4	Revaluation object (4)	3		33	1
4195	2021-10-02 20:44:29.242365+03	3	Revaluation object (3)	3		33	1
4196	2021-10-02 20:44:29.242365+03	2	Revaluation object (2)	3		33	1
4197	2021-10-02 20:44:29.242365+03	1	Revaluation object (1)	3		33	1
4198	2021-10-02 20:44:38.872239+03	914	Document object (914)	3		7	1
4199	2021-10-02 20:44:38.880233+03	912	Document object (912)	3		7	1
4200	2021-10-02 20:44:38.880233+03	911	Document object (911)	3		7	1
4201	2021-10-02 20:44:38.880233+03	781	Document object (781)	3		7	1
4202	2021-10-02 20:44:38.880233+03	780	Document object (780)	3		7	1
4203	2021-10-02 20:44:38.888227+03	779	Document object (779)	3		7	1
4204	2021-10-02 20:44:38.888227+03	778	Document object (778)	3		7	1
4205	2021-10-02 20:44:38.888227+03	777	Document object (777)	3		7	1
4206	2021-10-02 20:44:51.577078+03	777	Document object (777)	3		7	1
4207	2021-10-02 20:44:59.154562+03	780	Document object (780)	3		7	1
4208	2021-10-02 20:44:59.162983+03	779	Document object (779)	3		7	1
4209	2021-10-02 20:44:59.162983+03	778	Document object (778)	3		7	1
4210	2021-10-02 20:45:14.960432+03	320	Transfer object (320)	3		11	1
4211	2021-10-02 20:45:22.353729+03	914	Document object (914)	3		7	1
4212	2021-10-02 20:45:22.369718+03	912	Document object (912)	3		7	1
4213	2021-10-02 20:45:22.377765+03	911	Document object (911)	3		7	1
4214	2021-10-02 20:45:22.377765+03	781	Document object (781)	3		7	1
4215	2021-10-02 20:45:38.258498+03	914	Document object (914)	3		7	1
4216	2021-10-02 20:45:50.28998+03	175	Cash object (175)	3		21	1
4217	2021-10-02 20:45:57.870765+03	914	Document object (914)	3		7	1
4218	2021-10-02 20:45:57.87876+03	912	Document object (912)	3		7	1
4219	2021-10-02 20:45:57.87876+03	911	Document object (911)	3		7	1
4220	2021-10-02 20:45:57.87876+03	781	Document object (781)	3		7	1
4244	2021-10-02 22:07:12.61451+03	594	Delivery object (594)	3		9	1
4245	2021-10-02 22:07:24.444633+03	948	Document object (948)	3		7	1
4246	2021-10-03 14:10:33.694559+03	3	Сим_карты	1	[{"added": {}}]	17	1
4247	2021-10-03 14:11:05.724164+03	4	Кнопки	1	[{"added": {}}]	17	1
4248	2021-10-03 14:11:21.212332+03	5	Iphone	1	[{"added": {}}]	17	1
4249	2021-10-03 14:13:13.525366+03	6	Страховки	1	[{"added": {}}]	17	1
4250	2021-10-03 14:13:27.283718+03	7	Подписки	1	[{"added": {}}]	17	1
4251	2021-10-03 14:13:47.988891+03	8	Услуги	1	[{"added": {}}]	17	1
4252	2021-10-07 11:01:54.783146+03	1	NetMaster	2	[{"changed": {"fields": ["First name", "Last name"]}}]	4	1
4253	2021-10-09 01:17:12.232011+03	182	Cash object (182)	3		21	1
4254	2021-10-09 01:17:12.252955+03	181	Cash object (181)	3		21	1
4255	2021-10-09 01:17:28.937611+03	974	Document object (974)	3		7	1
4256	2021-10-09 01:17:28.944231+03	973	Document object (973)	3		7	1
4257	2021-10-09 01:17:28.945271+03	972	Document object (972)	3		7	1
4258	2021-10-09 01:17:28.946769+03	971	Document object (971)	3		7	1
4259	2021-10-09 01:17:28.947309+03	970	Document object (970)	3		7	1
4260	2021-10-09 01:17:28.94931+03	969	Document object (969)	3		7	1
4261	2021-10-09 01:17:28.951302+03	968	Document object (968)	3		7	1
4262	2021-10-09 01:17:28.952717+03	967	Document object (967)	3		7	1
4263	2021-10-09 01:21:32.922059+03	976	Document object (976)	3		7	1
4264	2021-10-09 01:21:32.929982+03	975	Document object (975)	3		7	1
4265	2021-10-09 01:22:01.785963+03	183	Cash object (183)	3		21	1
4266	2021-10-09 01:22:01.798381+03	180	Cash object (180)	3		21	1
4267	2021-10-09 01:22:09.083807+03	976	Document object (976)	3		7	1
4268	2021-10-09 01:22:09.091512+03	975	Document object (975)	3		7	1
4269	2021-10-09 01:42:22.514259+03	16	CashRemainder object (16)	2	[{"changed": {"fields": ["Remainder"]}}]	22	1
4270	2021-10-10 11:55:24.004728+03	184	Cash object (184)	3		21	1
4271	2021-10-10 11:55:36.359787+03	991	Document object (991)	3		7	1
4272	2021-10-10 11:55:36.362451+03	989	Document object (989)	3		7	1
4273	2021-10-10 11:55:36.364217+03	988	Document object (988)	3		7	1
4274	2021-10-10 11:55:36.365463+03	987	Document object (987)	3		7	1
4275	2021-10-10 11:55:36.366662+03	985	Document object (985)	3		7	1
4276	2021-10-10 11:55:56.700255+03	16	CashRemainder object (16)	2	[]	22	1
4277	2021-10-10 11:56:39.979862+03	16	CashRemainder object (16)	2	[{"changed": {"fields": ["Remainder"]}}]	22	1
4278	2021-10-10 13:02:50.000455+03	997	Document object (997)	3		7	1
4279	2021-10-10 13:12:07.395799+03	998	Document object (998)	3		7	1
4280	2021-10-10 13:12:31.930892+03	198	Cash object (198)	3		21	1
4281	2021-10-10 13:12:40.66633+03	16	CashRemainder object (16)	2	[{"changed": {"fields": ["Remainder"]}}]	22	1
4282	2021-10-10 13:12:49.100397+03	998	Document object (998)	3		7	1
4283	2021-10-10 13:15:04.260605+03	199	Cash object (199)	3		21	1
4284	2021-10-10 13:15:10.651388+03	999	Document object (999)	3		7	1
4285	2021-10-10 13:15:21.402373+03	16	CashRemainder object (16)	2	[{"changed": {"fields": ["Remainder"]}}]	22	1
4286	2021-10-10 13:19:24.175253+03	201	Cash object (201)	3		21	1
4287	2021-10-10 13:19:24.17816+03	195	Cash object (195)	3		21	1
4288	2021-10-10 13:19:32.921447+03	16	CashRemainder object (16)	2	[{"changed": {"fields": ["Remainder"]}}]	22	1
4289	2021-10-10 13:19:59.063584+03	1000	Document object (1000)	3		7	1
4290	2021-10-10 13:20:44.154913+03	16	CashRemainder object (16)	3		22	1
4291	2021-10-10 13:26:01.015099+03	204	Cash object (204)	2	[{"changed": {"fields": ["Pre remainder"]}}]	21	1
4292	2021-10-10 13:26:11.345225+03	204	Cash object (204)	2	[{"changed": {"fields": ["Current remainder"]}}]	21	1
4293	2021-10-10 13:26:26.175155+03	17	CashRemainder object (17)	2	[{"changed": {"fields": ["Remainder"]}}]	22	1
4294	2021-10-10 13:27:56.270522+03	17	CashRemainder object (17)	2	[{"changed": {"fields": ["Remainder"]}}]	22	1
4295	2021-10-10 22:36:58.56307+03	205	Cash object (205)	3		21	1
4296	2021-10-10 22:37:08.015551+03	17	CashRemainder object (17)	3		22	1
4297	2021-10-10 22:37:24.890165+03	18	CashRemainder object (18)	1	[{"added": {}}]	22	1
4298	2021-10-10 23:05:38.120613+03	1002	Document object (1002)	3		7	1
4299	2021-10-10 23:37:29.88404+03	1	Expense object (1)	1	[{"added": {}}]	38	1
4300	2021-10-10 23:37:39.733543+03	2	Expense object (2)	1	[{"added": {}}]	38	1
4301	2021-10-10 23:37:54.752416+03	3	Expense object (3)	1	[{"added": {}}]	38	1
4302	2021-10-10 23:38:03.64164+03	4	Expense object (4)	1	[{"added": {}}]	38	1
4303	2021-10-10 23:38:13.081134+03	5	Expense object (5)	1	[{"added": {}}]	38	1
4304	2021-10-10 23:38:45.615377+03	6	Expense object (6)	1	[{"added": {}}]	38	1
4305	2021-10-10 23:38:58.063289+03	3	Expense object (3)	2	[{"changed": {"fields": ["Name"]}}]	38	1
4306	2021-10-10 23:39:15.560547+03	7	Expense object (7)	1	[{"added": {}}]	38	1
4307	2021-10-10 23:39:26.032441+03	8	Expense object (8)	1	[{"added": {}}]	38	1
4308	2021-10-10 23:48:44.726086+03	9	Expense object (9)	1	[{"added": {}}]	38	1
4309	2021-10-11 00:29:35.971648+03	5	РКО (зарплата)	2	[{"changed": {"fields": ["Name"]}}]	18	1
4310	2021-10-11 00:30:12.705885+03	4	РКО(хоз.расходы)	2	[{"changed": {"fields": ["Name"]}}]	18	1
4311	2021-10-11 00:32:28.954893+03	5	РКО (зарплата)	2	[]	18	1
4312	2021-10-11 00:32:39.657643+03	4	РКО (хоз.расходы)	2	[{"changed": {"fields": ["Name"]}}]	18	1
4313	2021-10-11 00:36:42.176053+03	213	Cash object (213)	3		21	1
4314	2021-10-11 00:36:42.181949+03	211	Cash object (211)	3		21	1
4315	2021-10-11 00:36:51.452049+03	18	CashRemainder object (18)	2	[{"changed": {"fields": ["Remainder"]}}]	22	1
4316	2021-10-11 00:37:04.234025+03	1006	Document object (1006)	3		7	1
4317	2021-10-11 00:37:04.240765+03	1004	Document object (1004)	3		7	1
4318	2021-10-11 10:10:22.012388+03	1	Поступление от учредителя	1	[{"added": {}}]	39	1
4319	2021-10-11 10:38:30.510444+03	11	ПКО	1	[{"added": {}}]	18	1
4320	2021-10-11 10:54:53.629873+03	1009	Document object (1009)	3		7	1
4321	2021-10-11 12:14:57.097252+03	10	Перемещение денег	2	[{"changed": {"fields": ["Name"]}}]	18	1
4322	2021-10-11 18:47:08.140497+03	4	Redmi 9A 2/32Gb blue	2	[{"changed": {"fields": ["Imei"]}}]	19	1
4323	2021-10-17 16:25:55.88641+03	10	23412341	3		19	1
4324	2021-10-17 16:29:41.778157+03	11	23423	3		19	1
4325	2021-10-17 16:35:06.065687+03	12	2342342	3		19	1
4326	2021-10-18 01:51:22.300497+03	13	33423423	3		19	1
4327	2021-10-19 12:00:19.648369+03	15	qweqweq	3		19	1
4328	2021-10-19 12:00:19.657326+03	14	23423423423	3		19	1
4329	2021-11-04 14:09:42.20775+03	368	Transfer object (368)	3		11	1
4330	2021-11-04 14:09:42.228875+03	367	Transfer object (367)	3		11	1
4331	2021-11-04 14:09:42.229904+03	366	Transfer object (366)	3		11	1
4332	2021-11-04 14:09:42.231863+03	365	Transfer object (365)	3		11	1
4333	2021-11-04 14:09:42.232861+03	364	Transfer object (364)	3		11	1
4334	2021-11-04 14:09:42.233858+03	363	Transfer object (363)	3		11	1
4335	2021-11-04 14:09:42.236852+03	362	Transfer object (362)	3		11	1
4336	2021-11-04 14:09:42.23785+03	361	Transfer object (361)	3		11	1
4337	2021-11-04 14:09:42.238844+03	360	Transfer object (360)	3		11	1
4338	2021-11-04 14:09:42.23985+03	359	Transfer object (359)	3		11	1
4339	2021-11-05 00:35:41.007904+03	196	Sale object (196)	3		10	1
4340	2021-11-05 00:35:41.012894+03	193	Sale object (193)	3		10	1
4341	2021-11-05 00:35:59.388339+03	36443	RemainderHistory object (36443)	3		12	1
4342	2021-11-05 00:35:59.397271+03	36442	RemainderHistory object (36442)	3		12	1
4343	2021-11-05 00:35:59.399271+03	36391	RemainderHistory object (36391)	3		12	1
4344	2021-11-05 00:35:59.401265+03	36390	RemainderHistory object (36390)	3		12	1
4345	2021-11-05 00:35:59.403894+03	36389	RemainderHistory object (36389)	3		12	1
4346	2021-11-05 00:35:59.406113+03	36388	RemainderHistory object (36388)	3		12	1
4347	2021-11-05 00:35:59.408078+03	35955	RemainderHistory object (35955)	3		12	1
4348	2021-11-05 00:35:59.409854+03	35932	RemainderHistory object (35932)	3		12	1
4349	2021-11-05 00:35:59.411856+03	35931	RemainderHistory object (35931)	3		12	1
4350	2021-11-05 00:35:59.41549+03	35929	RemainderHistory object (35929)	3		12	1
4351	2021-11-05 00:35:59.417489+03	35926	RemainderHistory object (35926)	3		12	1
4352	2021-11-05 00:35:59.419486+03	35925	RemainderHistory object (35925)	3		12	1
4353	2021-11-05 00:35:59.420482+03	35924	RemainderHistory object (35924)	3		12	1
4354	2021-11-05 00:35:59.423474+03	35923	RemainderHistory object (35923)	3		12	1
4355	2021-11-05 00:35:59.42547+03	35920	RemainderHistory object (35920)	3		12	1
4356	2021-11-05 00:35:59.428465+03	35919	RemainderHistory object (35919)	3		12	1
4357	2021-11-05 00:35:59.430456+03	35918	RemainderHistory object (35918)	3		12	1
4358	2021-11-05 00:35:59.433281+03	35916	RemainderHistory object (35916)	3		12	1
4359	2021-11-05 00:35:59.435282+03	35915	RemainderHistory object (35915)	3		12	1
4360	2021-11-05 00:35:59.437277+03	35914	RemainderHistory object (35914)	3		12	1
4361	2021-11-05 00:35:59.439777+03	35913	RemainderHistory object (35913)	3		12	1
4362	2021-11-05 00:35:59.441655+03	35912	RemainderHistory object (35912)	3		12	1
4363	2021-11-05 00:35:59.443288+03	35911	RemainderHistory object (35911)	3		12	1
4364	2021-11-05 00:36:07.376358+03	368	RemainderCurrent object (368)	3		13	1
4365	2021-11-05 00:36:07.382682+03	367	RemainderCurrent object (367)	3		13	1
4366	2021-11-05 00:36:07.38464+03	366	RemainderCurrent object (366)	3		13	1
4367	2021-11-05 00:36:07.387629+03	365	RemainderCurrent object (365)	3		13	1
4368	2021-11-05 00:36:07.389861+03	364	RemainderCurrent object (364)	3		13	1
4369	2021-11-05 00:36:07.39114+03	363	RemainderCurrent object (363)	3		13	1
4370	2021-11-05 00:36:07.392328+03	362	RemainderCurrent object (362)	3		13	1
4371	2021-11-05 00:36:07.39341+03	361	RemainderCurrent object (361)	3		13	1
4372	2021-11-05 00:36:07.394518+03	360	RemainderCurrent object (360)	3		13	1
4373	2021-11-05 00:36:07.395622+03	359	RemainderCurrent object (359)	3		13	1
4374	2021-11-05 00:36:07.39616+03	358	RemainderCurrent object (358)	3		13	1
4375	2021-11-05 00:36:07.397839+03	357	RemainderCurrent object (357)	3		13	1
4376	2021-11-05 00:36:07.399021+03	356	RemainderCurrent object (356)	3		13	1
4377	2021-11-05 00:36:07.400083+03	324	RemainderCurrent object (324)	3		13	1
4378	2021-11-05 00:36:07.401088+03	323	RemainderCurrent object (323)	3		13	1
4379	2021-11-05 00:36:16.067174+03	3980	Register object (3980)	3		14	1
4380	2021-11-05 00:36:16.076276+03	3977	Register object (3977)	3		14	1
4381	2021-11-05 00:36:16.079894+03	3976	Register object (3976)	3		14	1
4382	2021-11-05 00:36:16.082378+03	3975	Register object (3975)	3		14	1
4383	2021-11-05 00:36:16.084218+03	3974	Register object (3974)	3		14	1
4384	2021-11-05 00:36:16.085966+03	3973	Register object (3973)	3		14	1
4385	2021-11-05 00:36:16.095143+03	3972	Register object (3972)	3		14	1
4386	2021-11-05 00:36:16.097121+03	3971	Register object (3971)	3		14	1
4387	2021-11-05 00:36:16.098796+03	3970	Register object (3970)	3		14	1
4388	2021-11-05 00:36:16.100369+03	3969	Register object (3969)	3		14	1
4389	2021-11-05 00:36:16.101889+03	3968	Register object (3968)	3		14	1
4390	2021-11-05 00:36:16.103397+03	3964	Register object (3964)	3		14	1
4391	2021-11-05 00:36:16.104985+03	3963	Register object (3963)	3		14	1
4392	2021-11-05 00:36:16.106333+03	3962	Register object (3962)	3		14	1
4393	2021-11-05 00:36:16.108048+03	3960	Register object (3960)	3		14	1
4394	2021-11-05 00:36:16.109565+03	3957	Register object (3957)	3		14	1
4395	2021-11-05 00:36:16.111565+03	3956	Register object (3956)	3		14	1
4396	2021-11-05 00:36:16.113559+03	3955	Register object (3955)	3		14	1
4397	2021-11-05 00:36:16.115315+03	3954	Register object (3954)	3		14	1
4398	2021-11-05 00:36:16.116319+03	3951	Register object (3951)	3		14	1
4399	2021-11-05 00:36:16.118498+03	3949	Register object (3949)	3		14	1
4400	2021-11-05 00:36:16.120034+03	3948	Register object (3948)	3		14	1
4401	2021-11-05 00:36:16.121403+03	3947	Register object (3947)	3		14	1
4402	2021-11-05 00:36:16.122405+03	3946	Register object (3946)	3		14	1
4403	2021-11-05 00:36:16.124586+03	3355	Register object (3355)	3		14	1
4404	2021-11-05 00:36:16.126122+03	3334	Register object (3334)	3		14	1
4405	2021-11-05 00:36:16.128123+03	3333	Register object (3333)	3		14	1
4406	2021-11-05 00:36:16.130121+03	3332	Register object (3332)	3		14	1
4407	2021-11-05 00:36:16.132024+03	3233	Register object (3233)	3		14	1
4408	2021-11-05 00:36:16.13377+03	3157	Register object (3157)	3		14	1
4409	2021-11-05 00:36:16.135439+03	3134	Register object (3134)	3		14	1
4410	2021-11-05 00:36:16.136976+03	3129	Register object (3129)	3		14	1
4411	2021-11-05 00:36:16.138026+03	3096	Register object (3096)	3		14	1
4412	2021-11-05 00:36:16.140123+03	3095	Register object (3095)	3		14	1
4413	2021-11-05 00:36:16.141654+03	3094	Register object (3094)	3		14	1
4414	2021-11-05 00:36:16.143043+03	3093	Register object (3093)	3		14	1
4415	2021-11-05 00:36:16.145043+03	3092	Register object (3092)	3		14	1
4416	2021-11-05 00:36:16.146929+03	3091	Register object (3091)	3		14	1
4417	2021-11-05 00:36:16.147933+03	3090	Register object (3090)	3		14	1
4418	2021-11-05 00:36:16.150176+03	3089	Register object (3089)	3		14	1
4419	2021-11-05 00:36:16.151782+03	3088	Register object (3088)	3		14	1
4420	2021-11-05 00:36:16.15314+03	3074	Register object (3074)	3		14	1
4421	2021-11-05 00:36:16.156137+03	3068	Register object (3068)	3		14	1
4422	2021-11-05 00:36:16.159128+03	3062	Register object (3062)	3		14	1
4423	2021-11-05 00:36:16.161124+03	3061	Register object (3061)	3		14	1
4424	2021-11-05 00:36:16.163118+03	3060	Register object (3060)	3		14	1
4425	2021-11-05 00:36:16.165115+03	3058	Register object (3058)	3		14	1
4426	2021-11-05 00:36:16.167112+03	3057	Register object (3057)	3		14	1
4427	2021-11-05 00:36:16.169102+03	3056	Register object (3056)	3		14	1
4428	2021-11-05 00:36:16.1711+03	3055	Register object (3055)	3		14	1
4429	2021-11-05 00:36:16.173092+03	3054	Register object (3054)	3		14	1
4430	2021-11-05 00:36:16.176083+03	3053	Register object (3053)	3		14	1
4431	2021-11-05 00:36:16.179077+03	3052	Register object (3052)	3		14	1
4432	2021-11-05 00:36:16.18107+03	3051	Register object (3051)	3		14	1
4433	2021-11-05 00:36:16.183066+03	3050	Register object (3050)	3		14	1
4434	2021-11-05 00:36:16.185061+03	3049	Register object (3049)	3		14	1
4435	2021-11-05 00:36:16.187058+03	3048	Register object (3048)	3		14	1
4436	2021-11-05 00:36:16.189049+03	3047	Register object (3047)	3		14	1
4437	2021-11-05 00:36:16.191044+03	3045	Register object (3045)	3		14	1
4438	2021-11-05 00:36:16.193039+03	3044	Register object (3044)	3		14	1
4439	2021-11-05 00:36:16.19603+03	3043	Register object (3043)	3		14	1
4440	2021-11-05 00:36:16.198026+03	3040	Register object (3040)	3		14	1
4441	2021-11-05 00:36:16.200026+03	3037	Register object (3037)	3		14	1
4442	2021-11-05 00:36:16.20202+03	3034	Register object (3034)	3		14	1
4443	2021-11-05 00:36:16.204012+03	3025	Register object (3025)	3		14	1
4444	2021-11-05 00:36:16.20501+03	3023	Register object (3023)	3		14	1
4445	2021-11-05 00:36:16.207005+03	3018	Register object (3018)	3		14	1
4446	2021-11-05 00:36:16.208997+03	3012	Register object (3012)	3		14	1
4447	2021-11-05 00:36:16.209993+03	3011	Register object (3011)	3		14	1
4448	2021-11-05 00:36:16.211989+03	2997	Register object (2997)	3		14	1
4449	2021-11-05 00:36:16.21498+03	2977	Register object (2977)	3		14	1
4450	2021-11-05 00:36:16.21598+03	2966	Register object (2966)	3		14	1
4451	2021-11-05 00:36:16.21797+03	2933	Register object (2933)	3		14	1
4452	2021-11-05 00:36:27.253259+03	2075	Identifier object (2075)	3		8	1
4453	2021-11-05 00:36:27.270462+03	2074	Identifier object (2074)	3		8	1
4454	2021-11-05 00:36:27.271499+03	2073	Identifier object (2073)	3		8	1
4455	2021-11-05 00:36:27.273458+03	2072	Identifier object (2072)	3		8	1
4456	2021-11-05 00:36:27.275485+03	2071	Identifier object (2071)	3		8	1
4457	2021-11-05 00:36:27.276499+03	2070	Identifier object (2070)	3		8	1
4458	2021-11-05 00:36:27.277953+03	2069	Identifier object (2069)	3		8	1
4459	2021-11-05 00:36:27.279132+03	2068	Identifier object (2068)	3		8	1
4460	2021-11-05 00:36:27.280244+03	2067	Identifier object (2067)	3		8	1
4461	2021-11-05 00:36:27.281286+03	2066	Identifier object (2066)	3		8	1
4462	2021-11-05 00:36:27.28232+03	2065	Identifier object (2065)	3		8	1
4463	2021-11-05 00:36:27.283356+03	2064	Identifier object (2064)	3		8	1
4464	2021-11-05 00:36:27.284395+03	2063	Identifier object (2063)	3		8	1
4465	2021-11-05 00:36:27.285411+03	2062	Identifier object (2062)	3		8	1
4466	2021-11-05 00:36:27.286427+03	2061	Identifier object (2061)	3		8	1
4467	2021-11-05 00:36:27.287427+03	2060	Identifier object (2060)	3		8	1
4468	2021-11-05 00:36:27.288425+03	2059	Identifier object (2059)	3		8	1
4469	2021-11-05 00:36:27.289424+03	2058	Identifier object (2058)	3		8	1
4470	2021-11-05 00:36:27.291652+03	2057	Identifier object (2057)	3		8	1
4471	2021-11-05 00:36:27.292803+03	2056	Identifier object (2056)	3		8	1
4472	2021-11-05 00:36:27.293844+03	2055	Identifier object (2055)	3		8	1
4473	2021-11-05 00:36:27.294867+03	2054	Identifier object (2054)	3		8	1
4474	2021-11-05 00:36:27.295904+03	2053	Identifier object (2053)	3		8	1
4475	2021-11-05 00:36:27.296949+03	2052	Identifier object (2052)	3		8	1
4476	2021-11-05 00:36:27.298028+03	2051	Identifier object (2051)	3		8	1
4477	2021-11-05 00:36:27.299118+03	2049	Identifier object (2049)	3		8	1
4478	2021-11-05 00:36:27.300197+03	2048	Identifier object (2048)	3		8	1
4479	2021-11-05 00:36:27.30124+03	2043	Identifier object (2043)	3		8	1
4480	2021-11-05 00:36:27.302135+03	2041	Identifier object (2041)	3		8	1
4481	2021-11-05 00:36:27.30312+03	2040	Identifier object (2040)	3		8	1
4482	2021-11-05 00:36:27.304318+03	2039	Identifier object (2039)	3		8	1
4483	2021-11-05 00:36:27.305318+03	2038	Identifier object (2038)	3		8	1
4484	2021-11-05 00:36:27.306317+03	2035	Identifier object (2035)	3		8	1
4485	2021-11-05 00:36:27.308188+03	2034	Identifier object (2034)	3		8	1
4486	2021-11-05 00:36:27.309237+03	2032	Identifier object (2032)	3		8	1
4487	2021-11-05 00:36:27.310224+03	2031	Identifier object (2031)	3		8	1
4488	2021-11-05 00:36:27.31125+03	2030	Identifier object (2030)	3		8	1
4489	2021-11-05 00:36:27.312279+03	2029	Identifier object (2029)	3		8	1
4490	2021-11-05 00:36:27.314075+03	2026	Identifier object (2026)	3		8	1
4491	2021-11-05 00:36:27.315185+03	2025	Identifier object (2025)	3		8	1
4492	2021-11-05 00:36:27.316269+03	2024	Identifier object (2024)	3		8	1
4493	2021-11-05 00:36:27.317344+03	2023	Identifier object (2023)	3		8	1
4494	2021-11-05 00:36:27.318332+03	2022	Identifier object (2022)	3		8	1
4495	2021-11-05 00:36:27.319344+03	2021	Identifier object (2021)	3		8	1
4496	2021-11-05 00:36:27.320346+03	2020	Identifier object (2020)	3		8	1
4497	2021-11-05 00:36:27.322339+03	2019	Identifier object (2019)	3		8	1
4498	2021-11-05 00:36:27.323338+03	2018	Identifier object (2018)	3		8	1
4499	2021-11-05 00:36:27.325138+03	2017	Identifier object (2017)	3		8	1
4500	2021-11-05 00:36:27.326196+03	2016	Identifier object (2016)	3		8	1
4501	2021-11-05 00:36:27.327231+03	2015	Identifier object (2015)	3		8	1
4502	2021-11-05 00:36:27.328247+03	2013	Identifier object (2013)	3		8	1
4503	2021-11-05 00:36:27.329271+03	2012	Identifier object (2012)	3		8	1
4504	2021-11-05 00:36:27.330322+03	2011	Identifier object (2011)	3		8	1
4505	2021-11-05 00:36:27.331354+03	2010	Identifier object (2010)	3		8	1
4506	2021-11-05 00:36:27.332383+03	2009	Identifier object (2009)	3		8	1
4507	2021-11-05 00:36:27.333415+03	2008	Identifier object (2008)	3		8	1
4508	2021-11-05 00:36:27.334438+03	2007	Identifier object (2007)	3		8	1
4509	2021-11-05 00:36:27.335522+03	2006	Identifier object (2006)	3		8	1
4510	2021-11-05 00:36:27.336465+03	2002	Identifier object (2002)	3		8	1
4511	2021-11-05 00:36:27.337467+03	1996	Identifier object (1996)	3		8	1
4512	2021-11-05 00:36:27.339461+03	1988	Identifier object (1988)	3		8	1
4513	2021-11-05 00:36:27.340458+03	1987	Identifier object (1987)	3		8	1
4514	2021-11-05 00:36:27.342452+03	1986	Identifier object (1986)	3		8	1
4515	2021-11-05 00:36:27.343452+03	1981	Identifier object (1981)	3		8	1
4516	2021-11-05 00:36:27.344449+03	1980	Identifier object (1980)	3		8	1
4517	2021-11-05 00:36:27.345445+03	1979	Identifier object (1979)	3		8	1
4518	2021-11-05 00:36:27.347441+03	1978	Identifier object (1978)	3		8	1
4519	2021-11-05 00:36:27.348081+03	1977	Identifier object (1977)	3		8	1
4520	2021-11-05 00:36:27.350084+03	1976	Identifier object (1976)	3		8	1
4521	2021-11-05 00:36:27.351077+03	1958	Identifier object (1958)	3		8	1
4522	2021-11-05 00:36:27.352075+03	1952	Identifier object (1952)	3		8	1
4523	2021-11-05 00:36:27.353071+03	1946	Identifier object (1946)	3		8	1
4524	2021-11-05 00:36:27.354021+03	1942	Identifier object (1942)	3		8	1
4525	2021-11-05 00:36:27.355021+03	1941	Identifier object (1941)	3		8	1
4526	2021-11-05 00:36:27.356516+03	1939	Identifier object (1939)	3		8	1
4527	2021-11-05 00:36:27.357665+03	1938	Identifier object (1938)	3		8	1
4528	2021-11-05 00:36:27.358665+03	1937	Identifier object (1937)	3		8	1
4529	2021-11-05 00:36:27.359663+03	1936	Identifier object (1936)	3		8	1
4530	2021-11-05 00:36:27.360661+03	1935	Identifier object (1935)	3		8	1
4531	2021-11-05 00:36:27.361662+03	1934	Identifier object (1934)	3		8	1
4532	2021-11-05 00:36:27.362742+03	1933	Identifier object (1933)	3		8	1
4533	2021-11-05 00:36:27.363745+03	1932	Identifier object (1932)	3		8	1
4534	2021-11-05 00:36:27.365691+03	1931	Identifier object (1931)	3		8	1
4535	2021-11-05 00:36:27.366693+03	1930	Identifier object (1930)	3		8	1
4536	2021-11-05 00:36:27.367689+03	1929	Identifier object (1929)	3		8	1
4537	2021-11-05 00:36:27.368687+03	1928	Identifier object (1928)	3		8	1
4538	2021-11-05 00:36:27.369762+03	1926	Identifier object (1926)	3		8	1
4539	2021-11-05 00:36:27.370778+03	1925	Identifier object (1925)	3		8	1
4540	2021-11-05 00:36:27.371779+03	1923	Identifier object (1923)	3		8	1
4541	2021-11-05 00:36:27.372777+03	1920	Identifier object (1920)	3		8	1
4542	2021-11-05 00:36:27.374391+03	1918	Identifier object (1918)	3		8	1
4543	2021-11-05 00:36:27.375391+03	1911	Identifier object (1911)	3		8	1
4544	2021-11-05 00:36:27.376388+03	1908	Identifier object (1908)	3		8	1
4545	2021-11-05 00:36:27.377426+03	1903	Identifier object (1903)	3		8	1
4546	2021-11-05 00:36:27.378457+03	1894	Identifier object (1894)	3		8	1
4547	2021-11-05 00:36:27.379514+03	1893	Identifier object (1893)	3		8	1
4548	2021-11-05 00:36:27.380043+03	1877	Identifier object (1877)	3		8	1
4549	2021-11-05 00:36:27.381072+03	1872	Identifier object (1872)	3		8	1
4550	2021-11-05 00:36:27.382081+03	1849	Identifier object (1849)	3		8	1
4551	2021-11-05 00:36:27.383038+03	1837	Identifier object (1837)	3		8	1
4552	2021-11-05 00:36:33.092058+03	1804	Identifier object (1804)	3		8	1
4553	2021-11-05 00:36:39.494965+03	626	Delivery object (626)	3		9	1
4554	2021-11-05 00:36:39.505272+03	603	Delivery object (603)	3		9	1
4555	2021-11-05 00:36:39.506639+03	602	Delivery object (602)	3		9	1
4556	2021-11-05 00:36:39.507882+03	600	Delivery object (600)	3		9	1
4557	2021-11-05 00:36:39.509076+03	599	Delivery object (599)	3		9	1
4558	2021-11-05 00:36:39.510274+03	598	Delivery object (598)	3		9	1
4559	2021-11-05 00:36:39.511327+03	597	Delivery object (597)	3		9	1
4560	2021-11-05 00:36:46.162514+03	28	AvPrice object (28)	3		29	1
4561	2021-11-05 00:36:46.172489+03	27	AvPrice object (27)	3		29	1
4562	2021-11-05 00:36:46.173485+03	26	AvPrice object (26)	3		29	1
4563	2021-11-05 00:36:46.17548+03	25	AvPrice object (25)	3		29	1
4564	2021-11-05 00:36:46.177476+03	24	AvPrice object (24)	3		29	1
4565	2021-11-05 00:36:46.178471+03	23	AvPrice object (23)	3		29	1
4566	2021-11-05 00:36:46.179469+03	22	AvPrice object (22)	3		29	1
4567	2021-11-05 00:36:54.60751+03	1121	Document object (1121)	3		7	1
4568	2021-11-05 00:36:54.626617+03	1089	Document object (1089)	3		7	1
4569	2021-11-05 00:36:54.6316+03	1051	Document object (1051)	3		7	1
4570	2021-11-05 00:36:54.638539+03	1050	Document object (1050)	3		7	1
4571	2021-11-05 00:36:54.64349+03	1049	Document object (1049)	3		7	1
4572	2021-11-05 00:36:54.647466+03	1048	Document object (1048)	3		7	1
4573	2021-11-05 00:36:54.653452+03	1047	Document object (1047)	3		7	1
4574	2021-11-05 00:36:54.659446+03	1044	Document object (1044)	3		7	1
4575	2021-11-05 00:36:54.663424+03	1018	Document object (1018)	3		7	1
4576	2021-11-05 00:36:54.669419+03	1017	Document object (1017)	3		7	1
4577	2021-11-05 00:36:54.673396+03	1015	Document object (1015)	3		7	1
4578	2021-11-05 00:36:54.67692+03	1012	Document object (1012)	3		7	1
4579	2021-11-05 00:36:54.680715+03	1011	Document object (1011)	3		7	1
4580	2021-11-05 00:36:54.687618+03	1008	Document object (1008)	3		7	1
4581	2021-11-05 00:36:54.690894+03	1001	Document object (1001)	3		7	1
4582	2021-11-05 00:36:54.694789+03	978	Document object (978)	3		7	1
4583	2021-11-05 00:36:54.698579+03	977	Document object (977)	3		7	1
4584	2021-11-05 00:36:54.704588+03	966	Document object (966)	3		7	1
4585	2021-11-05 00:36:54.70956+03	962	Document object (962)	3		7	1
4586	2021-11-05 00:36:54.714596+03	961	Document object (961)	3		7	1
4587	2021-11-05 00:36:54.720545+03	959	Document object (959)	3		7	1
4588	2021-11-05 00:36:54.72457+03	958	Document object (958)	3		7	1
4589	2021-11-05 00:37:08.549942+03	19	CashRemainder object (19)	3		22	1
4590	2021-11-05 00:37:08.554348+03	18	CashRemainder object (18)	3		22	1
4591	2021-11-05 00:37:14.406143+03	228	Cash object (228)	3		21	1
4592	2021-11-05 00:37:14.409136+03	227	Cash object (227)	3		21	1
4593	2021-11-05 00:37:14.410132+03	218	Cash object (218)	3		21	1
4594	2021-11-05 00:37:14.41113+03	217	Cash object (217)	3		21	1
4595	2021-11-05 00:37:14.413126+03	215	Cash object (215)	3		21	1
4596	2021-11-05 00:37:14.414121+03	202	Cash object (202)	3		21	1
4597	2021-11-05 00:37:38.541984+03	5	Customer object (5)	3		20	1
4598	2021-11-05 00:37:38.549727+03	4	Customer object (4)	3		20	1
4599	2021-11-05 00:37:38.551721+03	3	Customer object (3)	3		20	1
4600	2021-11-05 00:37:38.552718+03	2	Customer object (2)	3		20	1
4601	2021-11-05 00:37:38.553716+03	1	Customer object (1)	3		20	1
4602	2021-11-05 00:37:53.150646+03	1121	Document object (1121)	3		7	1
4603	2021-11-05 00:37:53.160519+03	1089	Document object (1089)	3		7	1
4604	2021-11-05 00:37:53.163478+03	1051	Document object (1051)	3		7	1
4605	2021-11-05 00:37:53.164772+03	1050	Document object (1050)	3		7	1
4606	2021-11-05 00:37:53.165992+03	1049	Document object (1049)	3		7	1
4607	2021-11-05 00:37:53.167427+03	1048	Document object (1048)	3		7	1
4608	2021-11-05 00:37:53.168523+03	1047	Document object (1047)	3		7	1
4609	2021-11-05 00:37:53.169733+03	1044	Document object (1044)	3		7	1
4610	2021-11-05 00:37:53.170825+03	1018	Document object (1018)	3		7	1
4611	2021-11-05 00:37:53.171871+03	1017	Document object (1017)	3		7	1
4612	2021-11-05 00:37:53.172872+03	1015	Document object (1015)	3		7	1
4613	2021-11-05 00:37:53.173869+03	1012	Document object (1012)	3		7	1
4614	2021-11-05 00:37:53.174866+03	1011	Document object (1011)	3		7	1
4615	2021-11-05 00:37:53.176865+03	1008	Document object (1008)	3		7	1
4616	2021-11-05 00:37:53.178201+03	1001	Document object (1001)	3		7	1
4617	2021-11-05 00:37:53.179353+03	978	Document object (978)	3		7	1
4618	2021-11-05 00:37:53.180456+03	977	Document object (977)	3		7	1
4619	2021-11-05 00:37:53.181508+03	966	Document object (966)	3		7	1
4620	2021-11-05 00:37:53.182547+03	962	Document object (962)	3		7	1
4621	2021-11-05 00:37:53.183583+03	961	Document object (961)	3		7	1
4622	2021-11-05 00:37:53.184624+03	959	Document object (959)	3		7	1
4623	2021-11-05 00:37:53.185624+03	958	Document object (958)	3		7	1
4624	2021-11-05 01:11:19.312412+03	36446	RemainderHistory object (36446)	3		12	1
4625	2021-11-05 01:11:19.319395+03	36445	RemainderHistory object (36445)	3		12	1
4626	2021-11-05 01:11:19.321388+03	36444	RemainderHistory object (36444)	3		12	1
4627	2021-11-05 01:11:24.976995+03	1123	Document object (1123)	3		7	1
4628	2021-11-05 01:11:24.980201+03	1122	Document object (1122)	3		7	1
4629	2021-11-05 01:11:42.677663+03	4072	Register object (4072)	3		14	1
4630	2021-11-05 01:11:49.18343+03	2096	Identifier object (2096)	3		8	1
4631	2021-11-05 01:11:54.655494+03	1123	Document object (1123)	3		7	1
4632	2021-11-05 01:11:54.66253+03	1122	Document object (1122)	3		7	1
4633	2021-11-05 01:14:58.343702+03	2098	Identifier object (2098)	3		8	1
4634	2021-11-05 01:16:48.237498+03	2099	Identifier object (2099)	3		8	1
4635	2021-11-05 01:29:43.150133+03	4078	Register object (4078)	3		14	1
4636	2021-11-05 01:31:06.850838+03	2100	Identifier object (2100)	3		8	1
4637	2021-11-05 01:31:23.456776+03	4079	Register object (4079)	3		14	1
4638	2021-11-05 01:32:46.308653+03	4080	Register object (4080)	3		14	1
4639	2021-11-05 01:34:49.612285+03	4082	Register object (4082)	3		14	1
4640	2021-11-05 01:52:10.5002+03	4087	Register object (4087)	3		14	1
4641	2021-11-05 01:55:27.683004+03	4088	Register object (4088)	3		14	1
4642	2021-11-05 02:11:36.470826+03	4101	Register object (4101)	3		14	1
4643	2021-11-05 02:14:35.050537+03	2102	Identifier object (2102)	3		8	1
4644	2021-11-07 14:25:13.808811+03	4154	Register object (4154)	3		14	1
4645	2021-11-07 14:25:21.937882+03	2109	Identifier object (2109)	3		8	1
4646	2021-11-07 14:25:21.943675+03	2108	Identifier object (2108)	3		8	1
4647	2021-11-07 14:27:27.572204+03	4155	Register object (4155)	3		14	1
4648	2021-11-07 14:28:33.437292+03	4156	Register object (4156)	3		14	1
4649	2021-11-07 14:30:21.61031+03	4157	Register object (4157)	3		14	1
4650	2021-11-07 18:13:19.160236+03	4225	Register object (4225)	3		14	1
4651	2021-11-07 18:23:20.992271+03	4235	Register object (4235)	3		14	1
4652	2021-11-07 19:48:02.799089+03	4276	Register object (4276)	3		14	1
4653	2021-11-07 19:51:11.371287+03	4279	Register object (4279)	3		14	1
4654	2021-11-07 20:44:23.576125+03	4328	Register object (4328)	3		14	1
4655	2021-11-07 20:44:23.582854+03	4327	Register object (4327)	3		14	1
4656	2021-11-07 20:44:23.584849+03	4326	Register object (4326)	3		14	1
4657	2021-11-07 20:44:23.587841+03	4325	Register object (4325)	3		14	1
4658	2021-11-07 20:44:23.589837+03	4324	Register object (4324)	3		14	1
4659	2021-11-07 20:44:23.591768+03	4323	Register object (4323)	3		14	1
4660	2021-11-07 20:44:23.593768+03	4322	Register object (4322)	3		14	1
4661	2021-11-07 20:44:23.595507+03	4321	Register object (4321)	3		14	1
4662	2021-11-07 20:44:30.679692+03	2132	Identifier object (2132)	3		8	1
4663	2021-11-07 20:44:30.686043+03	2131	Identifier object (2131)	3		8	1
4664	2021-11-07 20:44:30.687417+03	2130	Identifier object (2130)	3		8	1
4665	2021-11-07 20:44:30.688612+03	2129	Identifier object (2129)	3		8	1
4666	2021-11-07 20:44:30.69053+03	2128	Identifier object (2128)	3		8	1
4667	2021-11-07 20:44:30.691828+03	2123	Identifier object (2123)	3		8	1
4668	2021-11-07 20:44:30.701498+03	2117	Identifier object (2117)	3		8	1
4669	2021-11-07 20:47:38.35319+03	2133	Identifier object (2133)	3		8	1
4670	2021-11-07 20:53:37.482739+03	2135	Identifier object (2135)	3		8	1
4671	2021-11-07 20:54:50.047161+03	4337	Register object (4337)	3		14	1
4672	2021-11-07 20:54:57.620692+03	2136	Identifier object (2136)	3		8	1
4673	2021-11-07 20:56:41.345994+03	2137	Identifier object (2137)	3		8	1
4674	2021-11-07 21:04:37.210515+03	2141	Identifier object (2141)	3		8	1
4675	2021-11-07 21:09:30.788029+03	4344	Register object (4344)	3		14	1
4676	2021-11-07 21:09:37.641087+03	2143	Identifier object (2143)	3		8	1
4677	2021-11-07 21:16:28.101355+03	2145	Identifier object (2145)	3		8	1
4678	2021-11-07 22:48:34.720577+03	4390	Register object (4390)	3		14	1
4679	2021-11-07 22:48:59.084657+03	2162	Identifier object (2162)	3		8	1
4680	2021-11-09 02:58:08.445394+03	2165	Identifier object (2165)	3		8	1
4681	2021-11-09 02:58:08.453271+03	2164	Identifier object (2164)	3		8	1
4682	2021-11-09 02:58:32.845746+03	4393	Register object (4393)	3		14	1
4683	2021-11-09 02:58:32.849023+03	4392	Register object (4392)	3		14	1
4684	2021-11-09 02:58:41.293467+03	2165	Identifier object (2165)	3		8	1
4685	2021-11-09 02:58:41.307416+03	2164	Identifier object (2164)	3		8	1
4686	2021-11-09 02:59:17.841228+03	2172	Identifier object (2172)	3		8	1
4687	2021-11-09 10:56:20.974476+03	1169	Document object (1169)	3		7	1
4688	2021-11-09 10:59:28.625558+03	1168	Document object (1168)	3		7	1
4689	2021-11-09 11:17:05.034029+03	1168	Document object (1168)	3		7	1
4690	2021-11-09 11:17:46.362044+03	230	Cash object (230)	3		21	1
4691	2021-11-09 11:17:46.365091+03	229	Cash object (229)	3		21	1
4692	2021-11-09 11:17:55.835415+03	1169	Document object (1169)	3		7	1
4693	2021-11-09 11:17:55.839899+03	1168	Document object (1168)	3		7	1
4694	2021-11-09 11:18:26.96439+03	9	Returning object (9)	3		32	1
4695	2021-11-09 11:18:53.056529+03	1169	Document object (1169)	3		7	1
4696	2021-11-09 11:18:53.066501+03	1168	Document object (1168)	3		7	1
4697	2021-11-09 11:19:43.162298+03	20	CashRemainder object (20)	3		22	1
4698	2021-11-09 11:47:23.80827+03	4421	Register object (4421)	3		14	1
4699	2021-11-09 11:47:23.811262+03	4420	Register object (4420)	3		14	1
4700	2021-11-09 11:47:33.32314+03	2179	Identifier object (2179)	3		8	1
4701	2021-11-09 11:47:33.326794+03	2178	Identifier object (2178)	3		8	1
4702	2021-11-09 11:47:49.216424+03	233	Cash object (233)	3		21	1
4703	2021-11-09 11:47:49.220197+03	232	Cash object (232)	3		21	1
4704	2021-11-09 11:47:49.220782+03	231	Cash object (231)	3		21	1
4705	2021-11-09 11:47:57.508271+03	21	CashRemainder object (21)	3		22	1
4706	2021-11-09 11:48:05.531081+03	1175	Document object (1175)	3		7	1
4707	2021-11-09 11:48:05.540057+03	1173	Document object (1173)	3		7	1
4708	2021-11-09 11:48:05.541971+03	1172	Document object (1172)	3		7	1
4709	2021-11-09 11:52:27.800673+03	234	Cash object (234)	3		21	1
4710	2021-11-09 11:52:35.542035+03	22	CashRemainder object (22)	3		22	1
4711	2021-11-09 11:52:46.549436+03	4426	Register object (4426)	3		14	1
4712	2021-11-09 11:52:58.409777+03	1176	Document object (1176)	3		7	1
4713	2021-11-09 12:03:38.734623+03	236	Cash object (236)	3		21	1
4714	2021-11-09 12:03:38.738734+03	235	Cash object (235)	3		21	1
4715	2021-11-09 12:03:44.231996+03	23	CashRemainder object (23)	3		22	1
4716	2021-11-09 12:03:53.213885+03	1177	Document object (1177)	3		7	1
4717	2021-11-09 12:07:02.910894+03	24	CashRemainder object (24)	3		22	1
4718	2021-11-09 12:07:09.112221+03	239	Cash object (239)	3		21	1
4719	2021-11-09 12:07:09.122533+03	238	Cash object (238)	3		21	1
4720	2021-11-09 12:07:09.124661+03	237	Cash object (237)	3		21	1
4721	2021-11-09 12:07:16.293997+03	4433	Register object (4433)	3		14	1
4722	2021-11-09 12:07:23.133569+03	1178	Document object (1178)	3		7	1
4723	2021-11-09 12:10:23.227308+03	240	Cash object (240)	3		21	1
4724	2021-11-09 12:10:28.836181+03	25	CashRemainder object (25)	3		22	1
4725	2021-11-09 12:10:43.458533+03	1179	Document object (1179)	3		7	1
4726	2021-11-09 12:18:27.19263+03	4439	Register object (4439)	3		14	1
4727	2021-11-09 12:18:38.325537+03	241	Cash object (241)	3		21	1
4728	2021-11-09 12:18:45.590921+03	26	CashRemainder object (26)	3		22	1
4729	2021-11-09 12:19:01.065894+03	1180	Document object (1180)	3		7	1
4730	2021-11-09 12:21:48.665035+03	244	Cash object (244)	3		21	1
4731	2021-11-09 12:21:48.669024+03	243	Cash object (243)	3		21	1
4732	2021-11-09 12:21:48.670843+03	242	Cash object (242)	3		21	1
4733	2021-11-09 12:21:56.453823+03	27	CashRemainder object (27)	3		22	1
4734	2021-11-09 12:22:02.918815+03	4443	Register object (4443)	3		14	1
4735	2021-11-09 12:22:13.242925+03	1181	Document object (1181)	3		7	1
4736	2021-11-09 12:25:46.274869+03	246	Cash object (246)	3		21	1
4737	2021-11-09 12:25:46.278664+03	245	Cash object (245)	3		21	1
4738	2021-11-09 12:25:53.931548+03	28	CashRemainder object (28)	3		22	1
4739	2021-11-09 12:26:05.299051+03	1182	Document object (1182)	3		7	1
4740	2021-11-09 12:26:27.380597+03	36730	RemainderHistory object (36730)	3		12	1
4741	2021-11-09 12:26:33.405146+03	1182	Document object (1182)	3		7	1
4742	2021-11-09 12:29:55.554853+03	248	Cash object (248)	3		21	1
4743	2021-11-09 12:29:55.557846+03	247	Cash object (247)	3		21	1
4744	2021-11-09 12:30:01.484361+03	29	CashRemainder object (29)	3		22	1
4745	2021-11-09 12:30:14.002582+03	4449	Register object (4449)	3		14	1
4746	2021-11-09 12:30:14.005572+03	4447	Register object (4447)	3		14	1
4747	2021-11-09 12:30:22.008774+03	1184	Document object (1184)	3		7	1
4748	2021-11-09 12:30:22.02473+03	1183	Document object (1183)	3		7	1
4749	2021-11-09 12:43:14.307706+03	252	Cash object (252)	3		21	1
4750	2021-11-09 12:43:14.312351+03	251	Cash object (251)	3		21	1
4751	2021-11-09 12:43:14.315342+03	250	Cash object (250)	3		21	1
4752	2021-11-09 12:43:14.316342+03	249	Cash object (249)	3		21	1
4753	2021-11-09 12:43:23.479299+03	30	CashRemainder object (30)	3		22	1
4754	2021-11-09 12:47:44.074923+03	4458	Register object (4458)	3		14	1
4755	2021-11-09 12:47:44.09389+03	4451	Register object (4451)	3		14	1
4756	2021-11-09 12:47:50.951643+03	255	Cash object (255)	3		21	1
4757	2021-11-09 12:47:50.955824+03	254	Cash object (254)	3		21	1
4758	2021-11-09 12:47:50.958178+03	253	Cash object (253)	3		21	1
4759	2021-11-09 12:48:04.105707+03	1186	Document object (1186)	3		7	1
4760	2021-11-09 12:48:04.110692+03	1185	Document object (1185)	3		7	1
4761	2021-11-09 12:49:57.029363+03	256	Cash object (256)	3		21	1
4762	2021-11-09 12:50:03.332469+03	31	CashRemainder object (31)	3		22	1
4763	2021-11-09 12:50:11.832763+03	4460	Register object (4460)	3		14	1
4764	2021-11-09 12:50:18.06911+03	1187	Document object (1187)	3		7	1
4765	2021-11-09 12:53:32.385004+03	257	Cash object (257)	3		21	1
4766	2021-11-09 12:53:39.454864+03	4462	Register object (4462)	3		14	1
4767	2021-11-09 12:53:48.623533+03	1188	Document object (1188)	3		7	1
4768	2021-11-09 13:02:59.867995+03	32	CashRemainder object (32)	3		22	1
4769	2021-11-09 13:03:08.371773+03	4470	Register object (4470)	3		14	1
4770	2021-11-09 13:03:45.346234+03	1189	Document object (1189)	3		7	1
4771	2021-11-09 13:04:00.033144+03	36742	RemainderHistory object (36742)	3		12	1
4772	2021-11-09 13:04:07.837818+03	1189	Document object (1189)	3		7	1
4773	2021-11-12 12:28:23.535728+03	4472	Register object (4472)	3		14	1
4774	2021-11-12 12:28:37.401479+03	1190	Document object (1190)	3		7	1
4775	2021-11-12 12:32:17.718422+03	4475	Register object (4475)	3		14	1
4776	2021-11-12 12:32:34.592995+03	1191	Document object (1191)	3		7	1
4777	2021-11-12 12:39:37.678106+03	4481	Register object (4481)	3		14	1
4778	2021-11-12 12:39:48.598754+03	1192	Document object (1192)	3		7	1
4779	2021-11-12 12:42:22.889736+03	4483	Register object (4483)	3		14	1
4780	2021-11-12 12:42:30.883957+03	1193	Document object (1193)	3		7	1
4781	2021-11-14 15:27:53.716353+03	34	CashRemainder object (34)	3		22	1
4782	2021-11-14 15:27:53.724333+03	33	CashRemainder object (33)	3		22	1
4783	2021-11-14 15:28:02.656048+03	4571	Register object (4571)	3		14	1
4784	2021-11-14 15:28:02.662036+03	4570	Register object (4570)	3		14	1
4785	2021-11-14 15:28:15.029179+03	1205	Document object (1205)	3		7	1
4786	2021-11-14 15:28:36.773354+03	273	Cash object (273)	3		21	1
4787	2021-11-14 15:28:44.295511+03	1205	Document object (1205)	3		7	1
4788	2021-11-14 15:35:15.584624+03	35	CashRemainder object (35)	3		22	1
4789	2021-11-14 15:35:23.082972+03	274	Cash object (274)	3		21	1
4790	2021-11-14 15:35:32.961073+03	4580	Register object (4580)	3		14	1
4791	2021-11-14 15:35:32.967716+03	4579	Register object (4579)	3		14	1
4792	2021-11-14 15:35:32.969717+03	4578	Register object (4578)	3		14	1
4793	2021-11-14 15:35:40.781229+03	1206	Document object (1206)	3		7	1
4794	2021-11-14 15:35:40.788211+03	1143	Document object (1143)	3		7	1
4795	2021-11-14 15:35:40.789246+03	1138	Document object (1138)	3		7	1
4796	2021-11-14 15:35:53.016787+03	1206	Document object (1206)	3		7	1
4797	2021-11-14 16:32:01.410653+03	36787	RemainderHistory object (36787)	3		12	1
4798	2021-11-14 16:32:09.544303+03	4612	Register object (4612)	3		14	1
4799	2021-11-14 16:32:19.609353+03	37	CashRemainder object (37)	3		22	1
4800	2021-11-14 16:32:19.620594+03	36	CashRemainder object (36)	3		22	1
4801	2021-11-14 16:32:29.659861+03	1210	Document object (1210)	3		7	1
4802	2021-11-15 10:52:13.268959+03	4639	Register object (4639)	3		14	1
4803	2021-11-15 12:03:50.07814+03	36812	RemainderHistory object (36812)	3		12	1
4804	2021-11-15 12:03:50.084523+03	36811	RemainderHistory object (36811)	3		12	1
4805	2021-11-15 12:03:50.086523+03	36810	RemainderHistory object (36810)	3		12	1
4806	2021-11-15 12:04:00.199479+03	2228	Identifier object (2228)	3		8	1
4807	2021-11-15 12:04:09.487803+03	5	Recognition object (5)	3		30	1
4808	2021-11-15 12:04:20.568554+03	1215	Document object (1215)	3		7	1
4809	2021-11-16 12:31:57.583237+03	6	Recognition object (6)	3		30	1
4810	2021-11-24 11:36:57.957021+03	9	SignOff object (9)	3		31	1
4811	2021-11-24 11:36:57.995153+03	8	SignOff object (8)	3		31	1
4812	2021-11-24 11:37:11.847289+03	1229	Document object (1229)	3		7	1
4813	2021-11-24 11:37:11.85427+03	1228	Document object (1228)	3		7	1
4814	2021-11-24 11:38:52.706517+03	36928	RemainderHistory object (36928)	3		12	1
4815	2021-11-24 11:38:52.714596+03	36927	RemainderHistory object (36927)	3		12	1
4816	2021-11-24 11:38:52.716464+03	36926	RemainderHistory object (36926)	3		12	1
4817	2021-11-24 11:39:04.543125+03	1229	Document object (1229)	3		7	1
4818	2021-11-24 11:39:04.55011+03	1228	Document object (1228)	3		7	1
4819	2021-11-24 11:41:14.672126+03	4869	Register object (4869)	3		14	1
4820	2021-11-24 11:41:20.569206+03	2250	Identifier object (2250)	3		8	1
4821	2021-11-24 11:41:32.790943+03	1231	Document object (1231)	3		7	1
4822	2021-11-24 12:52:10.810831+03	4886	Register object (4886)	3		14	1
4823	2021-11-24 12:52:10.817533+03	4885	Register object (4885)	3		14	1
4824	2021-11-24 12:52:10.819519+03	4884	Register object (4884)	3		14	1
4825	2021-11-24 12:52:19.842866+03	1234	Document object (1234)	3		7	1
4826	2021-11-24 12:52:37.814449+03	36932	RemainderHistory object (36932)	3		12	1
4827	2021-11-24 12:52:37.821946+03	36931	RemainderHistory object (36931)	3		12	1
4828	2021-11-24 12:52:37.82386+03	36930	RemainderHistory object (36930)	3		12	1
4829	2021-11-24 12:52:45.725697+03	1234	Document object (1234)	3		7	1
4830	2021-11-24 13:20:30.428392+03	36936	RemainderHistory object (36936)	3		12	1
4831	2021-11-24 13:20:30.435509+03	36934	RemainderHistory object (36934)	3		12	1
4832	2021-11-24 13:20:39.413233+03	4899	Register object (4899)	3		14	1
4833	2021-11-24 13:20:39.421237+03	4898	Register object (4898)	3		14	1
4834	2021-11-24 13:20:49.479114+03	1235	Document object (1235)	3		7	1
4835	2021-11-24 13:29:48.741957+03	4909	Register object (4909)	3		14	1
4836	2021-11-24 13:29:55.577735+03	1236	Document object (1236)	3		7	1
4837	2021-11-24 13:52:58.488926+03	36948	RemainderHistory object (36948)	3		12	1
4838	2021-11-24 13:52:58.497062+03	36947	RemainderHistory object (36947)	3		12	1
4839	2021-11-24 13:52:58.498911+03	36946	RemainderHistory object (36946)	3		12	1
4840	2021-11-24 13:53:08.762092+03	4917	Register object (4917)	3		14	1
4841	2021-11-24 13:53:08.776522+03	4916	Register object (4916)	3		14	1
4842	2021-11-24 13:53:08.777994+03	4915	Register object (4915)	3		14	1
4843	2021-11-24 13:53:18.667276+03	1237	Document object (1237)	3		7	1
4844	2021-11-25 06:06:15.389159+03	324	Cash object (324)	3		21	1
4845	2021-11-25 06:06:15.413438+03	323	Cash object (323)	3		21	1
4846	2021-11-25 06:06:15.417283+03	322	Cash object (322)	3		21	1
4847	2021-11-25 06:06:15.421326+03	319	Cash object (319)	3		21	1
4848	2021-11-25 06:06:26.074307+03	4984	Register object (4984)	3		14	1
4849	2021-11-25 06:06:26.090118+03	4983	Register object (4983)	3		14	1
4850	2021-11-25 06:06:26.094149+03	4972	Register object (4972)	3		14	1
4851	2021-11-25 06:06:26.098095+03	4956	Register object (4956)	3		14	1
4852	2021-11-25 06:06:26.10125+03	4951	Register object (4951)	3		14	1
4853	2021-11-25 06:06:26.105248+03	4949	Register object (4949)	3		14	1
4854	2021-11-25 06:06:26.111232+03	4948	Register object (4948)	3		14	1
4855	2021-11-25 06:06:26.115224+03	4923	Register object (4923)	3		14	1
4856	2021-11-25 06:06:26.120021+03	4922	Register object (4922)	3		14	1
4857	2021-11-25 06:06:39.706537+03	1259	Document object (1259)	3		7	1
4858	2021-11-25 06:06:39.712878+03	1258	Document object (1258)	3		7	1
4859	2021-11-25 06:06:39.71467+03	1257	Document object (1257)	3		7	1
4860	2021-11-25 06:06:39.716613+03	1256	Document object (1256)	3		7	1
4861	2021-11-25 06:06:39.718612+03	1255	Document object (1255)	3		7	1
4862	2021-11-26 01:19:51.785488+03	1	Contributor object (1)	1	[{"added": {}}]	41	1
4863	2021-11-26 01:20:10.605282+03	2	Contributor object (2)	1	[{"added": {}}]	41	1
4864	2021-11-26 01:21:00.262267+03	1265	Document object (1265)	3		7	1
4865	2021-11-26 01:21:00.268529+03	1264	Document object (1264)	3		7	1
4866	2021-11-26 01:21:00.269926+03	1263	Document object (1263)	3		7	1
4867	2021-11-26 23:44:33.777102+03	1268	Document object (1268)	3		7	1
4868	2021-11-27 00:29:02.807632+03	4995	Register object (4995)	3		14	1
4869	2021-11-27 00:29:02.814613+03	4994	Register object (4994)	3		14	1
4870	2021-11-27 00:29:10.364273+03	1269	Document object (1269)	3		7	1
4871	2021-11-27 00:32:30.013105+03	329	Cash object (329)	3		21	1
4872	2021-11-27 00:32:40.433446+03	1271	Document object (1271)	3		7	1
4873	2021-11-27 00:32:40.44346+03	1270	Document object (1270)	3		7	1
4874	2021-11-27 00:32:52.683419+03	4996	Register object (4996)	3		14	1
4875	2021-11-27 00:32:58.983482+03	1271	Document object (1271)	3		7	1
4876	2021-11-27 00:32:58.995408+03	1270	Document object (1270)	3		7	1
4877	2021-11-27 00:35:14.785468+03	4997	Register object (4997)	3		14	1
4878	2021-11-27 00:35:22.818523+03	1272	Document object (1272)	3		7	1
4879	2021-11-27 14:24:19.905591+03	2	Разное	1	[{"added": {}}]	39	1
4880	2021-11-30 00:08:08.424659+03	337	Cash object (337)	3		21	1
4881	2021-11-30 00:08:15.793628+03	1281	Document object (1281)	3		7	1
4882	2021-12-03 18:20:10.392074+03	5016	Register object (5016)	3		14	1
4883	2021-12-03 18:20:10.417315+03	5015	Register object (5015)	3		14	1
4884	2021-12-03 18:20:36.71401+03	352	Cash object (352)	3		21	1
4885	2021-12-03 18:20:36.720995+03	351	Cash object (351)	3		21	1
4886	2021-12-03 18:20:36.722987+03	350	Cash object (350)	3		21	1
4887	2021-12-03 18:20:36.723985+03	349	Cash object (349)	3		21	1
4888	2021-12-03 18:20:36.724981+03	348	Cash object (348)	3		21	1
4889	2021-12-03 18:20:36.726976+03	347	Cash object (347)	3		21	1
4890	2021-12-03 18:20:48.182761+03	1289	Document object (1289)	3		7	1
4891	2021-12-03 18:20:48.195442+03	1288	Document object (1288)	3		7	1
4892	2021-12-03 18:20:48.210548+03	1287	Document object (1287)	3		7	1
4893	2021-12-03 18:20:48.214544+03	1286	Document object (1286)	3		7	1
4894	2021-12-03 18:20:48.217536+03	1285	Document object (1285)	3		7	1
4895	2021-12-03 18:28:57.385463+03	1291	Document object (1291)	3		7	1
4896	2021-12-03 18:32:52.984606+03	38	CashRemainder object (38)	3		22	1
4897	2021-12-03 18:33:05.072617+03	363	Cash object (363)	3		21	1
4898	2021-12-03 18:33:05.07586+03	362	Cash object (362)	3		21	1
4899	2021-12-03 18:33:16.652188+03	1294	Document object (1294)	3		7	1
4900	2021-12-04 15:29:09.413179+03	41	CashRemainder object (41)	2	[{"changed": {"fields": ["Remainder"]}}]	22	1
4901	2021-12-04 15:29:19.10468+03	41	CashRemainder object (41)	3		22	1
4902	2021-12-04 15:34:42.93789+03	42	CashRemainder object (42)	3		22	1
4903	2021-12-04 15:36:20.806233+03	379	Cash object (379)	3		21	1
4904	2021-12-04 15:36:20.812512+03	378	Cash object (378)	3		21	1
4905	2021-12-04 15:36:20.815008+03	377	Cash object (377)	3		21	1
4906	2021-12-04 15:36:20.816661+03	376	Cash object (376)	3		21	1
4907	2021-12-04 15:36:27.632659+03	43	CashRemainder object (43)	3		22	1
4908	2021-12-04 15:36:34.725896+03	1302	Document object (1302)	3		7	1
4909	2021-12-04 15:36:34.7318+03	1301	Document object (1301)	3		7	1
4910	2021-12-04 15:40:54.273086+03	44	CashRemainder object (44)	3		22	1
4911	2021-12-04 15:43:06.157741+03	45	CashRemainder object (45)	3		22	1
4912	2021-12-04 15:44:49.069078+03	46	CashRemainder object (46)	3		22	1
4913	2021-12-04 15:45:50.468725+03	47	CashRemainder object (47)	3		22	1
4914	2021-12-04 16:00:33.098949+03	391	Cash object (391)	3		21	1
4915	2021-12-04 16:00:33.104934+03	390	Cash object (390)	3		21	1
4916	2021-12-04 16:00:40.993019+03	1308	Document object (1308)	3		7	1
4917	2021-12-04 16:00:50.965228+03	48	CashRemainder object (48)	3		22	1
4918	2021-12-04 16:26:27.528973+03	49	CashRemainder object (49)	3		22	1
4919	2021-12-04 16:33:16.898488+03	40	CashRemainder object (40)	2	[{"changed": {"fields": ["Remainder"]}}]	22	1
4920	2021-12-04 16:35:31.274499+03	40	CashRemainder object (40)	2	[{"changed": {"fields": ["Remainder"]}}]	22	1
4921	2021-12-04 16:35:56.725225+03	1310	Document object (1310)	3		7	1
4922	2021-12-04 16:36:17.532542+03	5034	Register object (5034)	3		14	1
4923	2021-12-04 16:36:24.691873+03	1310	Document object (1310)	3		7	1
4924	2021-12-04 16:40:01.633909+03	50	CashRemainder object (50)	3		22	1
4925	2021-12-05 20:13:08.537066+03	2300	Identifier object (2300)	3		8	1
4926	2021-12-05 20:13:08.54928+03	2289	Identifier object (2289)	3		8	1
4927	2021-12-05 20:13:08.551281+03	2287	Identifier object (2287)	3		8	1
4928	2021-12-05 20:13:08.553276+03	2286	Identifier object (2286)	3		8	1
4929	2021-12-05 20:13:08.555269+03	2280	Identifier object (2280)	3		8	1
4930	2021-12-05 20:13:08.557713+03	2277	Identifier object (2277)	3		8	1
4931	2021-12-05 20:13:08.559712+03	2274	Identifier object (2274)	3		8	1
4932	2021-12-05 20:13:08.561024+03	2272	Identifier object (2272)	3		8	1
4933	2021-12-05 20:13:08.562341+03	2271	Identifier object (2271)	3		8	1
4934	2021-12-05 20:13:08.5643+03	2259	Identifier object (2259)	3		8	1
4935	2021-12-05 20:13:08.566294+03	2258	Identifier object (2258)	3		8	1
4936	2021-12-05 20:27:08.379476+03	2301	Identifier object (2301)	3		8	1
4937	2021-12-05 20:55:55.605641+03	2302	Identifier object (2302)	3		8	1
4938	2021-12-05 21:27:27.208202+03	1320	Document object (1320)	3		7	1
4939	2021-12-05 22:07:04.734925+03	5044	Register object (5044)	3		14	1
4940	2021-12-05 22:07:04.74692+03	5042	Register object (5042)	3		14	1
4941	2021-12-06 15:04:23.365653+03	1	ООС	2	[{"changed": {"fields": ["Retail"]}}]	16	1
4942	2021-12-06 16:42:14.71384+03	370	RemainderCurrent object (370)	2	[{"changed": {"fields": ["Category"]}}]	13	1
4943	2021-12-06 16:42:22.486045+03	371	RemainderCurrent object (371)	2	[{"changed": {"fields": ["Category"]}}]	13	1
4944	2021-12-06 16:42:34.339893+03	373	RemainderCurrent object (373)	2	[{"changed": {"fields": ["Category"]}}]	13	1
4945	2021-12-06 16:42:42.029054+03	374	RemainderCurrent object (374)	2	[{"changed": {"fields": ["Category"]}}]	13	1
4946	2021-12-06 16:43:23.856359+03	376	RemainderCurrent object (376)	2	[{"changed": {"fields": ["Category", "Name"]}}]	13	1
4947	2021-12-06 16:44:09.756295+03	377	RemainderCurrent object (377)	2	[{"changed": {"fields": ["Category", "Name", "Av price", "Total av price", "Retail price"]}}]	13	1
4948	2021-12-09 01:19:53.375868+03	87	ReportTempId object (87)	3		35	1
4949	2021-12-09 01:19:53.403589+03	86	ReportTempId object (86)	3		35	1
4950	2021-12-09 01:19:53.405407+03	85	ReportTempId object (85)	3		35	1
4951	2021-12-09 01:19:53.406445+03	84	ReportTempId object (84)	3		35	1
4952	2021-12-09 01:19:53.408138+03	83	ReportTempId object (83)	3		35	1
4953	2021-12-09 01:19:53.409143+03	82	ReportTempId object (82)	3		35	1
4954	2021-12-09 01:19:53.411811+03	81	ReportTempId object (81)	3		35	1
4955	2021-12-09 01:19:53.413255+03	80	ReportTempId object (80)	3		35	1
4956	2021-12-09 01:19:53.413943+03	79	ReportTempId object (79)	3		35	1
4957	2021-12-09 01:19:53.415941+03	78	ReportTempId object (78)	3		35	1
4958	2021-12-09 01:19:53.41743+03	77	ReportTempId object (77)	3		35	1
4959	2021-12-09 01:19:53.41877+03	76	ReportTempId object (76)	3		35	1
4960	2021-12-09 01:19:53.420141+03	75	ReportTempId object (75)	3		35	1
4961	2021-12-09 01:19:53.421524+03	74	ReportTempId object (74)	3		35	1
4962	2021-12-09 01:19:53.42292+03	73	ReportTempId object (73)	3		35	1
4963	2021-12-09 01:19:53.423957+03	72	ReportTempId object (72)	3		35	1
4964	2021-12-09 01:19:53.425719+03	71	ReportTempId object (71)	3		35	1
4965	2021-12-09 01:19:53.426757+03	70	ReportTempId object (70)	3		35	1
4966	2021-12-09 01:19:53.428715+03	69	ReportTempId object (69)	3		35	1
4967	2021-12-09 01:19:53.429713+03	68	ReportTempId object (68)	3		35	1
4968	2021-12-09 01:19:53.431708+03	67	ReportTempId object (67)	3		35	1
4969	2021-12-09 01:19:53.433251+03	66	ReportTempId object (66)	3		35	1
4970	2021-12-09 01:19:53.434622+03	65	ReportTempId object (65)	3		35	1
4971	2021-12-09 01:19:53.435861+03	64	ReportTempId object (64)	3		35	1
4972	2021-12-09 01:19:53.43731+03	63	ReportTempId object (63)	3		35	1
4973	2021-12-09 01:19:53.438582+03	62	ReportTempId object (62)	3		35	1
4974	2021-12-09 01:19:53.439951+03	61	ReportTempId object (61)	3		35	1
4975	2021-12-09 01:19:53.440953+03	60	ReportTempId object (60)	3		35	1
4976	2021-12-09 01:19:53.442841+03	59	ReportTempId object (59)	3		35	1
4977	2021-12-09 01:19:53.444841+03	58	ReportTempId object (58)	3		35	1
4978	2021-12-09 01:19:53.446837+03	57	ReportTempId object (57)	3		35	1
4979	2021-12-09 01:19:53.448264+03	56	ReportTempId object (56)	3		35	1
4980	2021-12-09 01:19:53.449815+03	55	ReportTempId object (55)	3		35	1
4981	2021-12-09 01:19:53.451147+03	54	ReportTempId object (54)	3		35	1
4982	2021-12-09 01:19:53.452687+03	53	ReportTempId object (53)	3		35	1
4983	2021-12-09 01:19:53.454061+03	52	ReportTempId object (52)	3		35	1
4984	2021-12-09 01:19:53.455417+03	51	ReportTempId object (51)	3		35	1
4985	2021-12-09 01:19:53.456775+03	50	ReportTempId object (50)	3		35	1
4986	2021-12-09 01:19:53.457464+03	49	ReportTempId object (49)	3		35	1
4987	2021-12-09 01:19:53.459463+03	48	ReportTempId object (48)	3		35	1
4988	2021-12-09 01:19:53.461459+03	47	ReportTempId object (47)	3		35	1
4989	2021-12-09 01:19:53.462457+03	46	ReportTempId object (46)	3		35	1
4990	2021-12-09 01:19:53.46409+03	45	ReportTempId object (45)	3		35	1
4991	2021-12-09 01:19:53.465478+03	44	ReportTempId object (44)	3		35	1
4992	2021-12-09 01:19:53.466874+03	43	ReportTempId object (43)	3		35	1
4993	2021-12-09 01:19:53.468268+03	42	ReportTempId object (42)	3		35	1
4994	2021-12-09 01:19:53.469835+03	41	ReportTempId object (41)	3		35	1
4995	2021-12-09 01:19:53.471238+03	40	ReportTempId object (40)	3		35	1
4996	2021-12-09 01:19:53.472448+03	39	ReportTempId object (39)	3		35	1
4997	2021-12-09 01:19:53.473451+03	38	ReportTempId object (38)	3		35	1
4998	2021-12-09 01:19:53.475447+03	37	ReportTempId object (37)	3		35	1
4999	2021-12-09 01:19:53.47744+03	36	ReportTempId object (36)	3		35	1
5000	2021-12-09 01:19:53.479039+03	35	ReportTempId object (35)	3		35	1
5001	2021-12-09 01:19:53.48045+03	34	ReportTempId object (34)	3		35	1
5002	2021-12-09 01:19:53.481817+03	33	ReportTempId object (33)	3		35	1
5003	2021-12-09 01:19:53.483213+03	32	ReportTempId object (32)	3		35	1
5004	2021-12-09 01:19:53.484567+03	31	ReportTempId object (31)	3		35	1
5005	2021-12-09 01:20:08.448792+03	199	ReportTemp object (199)	3		34	1
5006	2021-12-09 01:20:08.45977+03	198	ReportTemp object (198)	3		34	1
5007	2021-12-09 01:20:08.462754+03	197	ReportTemp object (197)	3		34	1
5008	2021-12-09 01:20:08.471729+03	196	ReportTemp object (196)	3		34	1
5009	2021-12-09 01:20:08.472731+03	195	ReportTemp object (195)	3		34	1
5010	2021-12-09 01:20:08.473728+03	194	ReportTemp object (194)	3		34	1
5011	2021-12-09 01:20:08.475721+03	193	ReportTemp object (193)	3		34	1
5012	2021-12-09 01:20:08.477715+03	192	ReportTemp object (192)	3		34	1
5013	2021-12-09 01:20:08.478715+03	191	ReportTemp object (191)	3		34	1
5014	2021-12-09 01:20:08.479722+03	190	ReportTemp object (190)	3		34	1
5015	2021-12-09 01:20:08.480746+03	189	ReportTemp object (189)	3		34	1
5016	2021-12-09 01:20:08.481745+03	188	ReportTemp object (188)	3		34	1
5017	2021-12-09 01:20:08.482738+03	187	ReportTemp object (187)	3		34	1
5018	2021-12-09 01:20:08.483737+03	186	ReportTemp object (186)	3		34	1
5019	2021-12-09 01:20:08.484733+03	185	ReportTemp object (185)	3		34	1
5020	2021-12-09 01:20:08.486691+03	184	ReportTemp object (184)	3		34	1
5021	2021-12-09 01:20:08.48769+03	183	ReportTemp object (183)	3		34	1
5022	2021-12-09 01:20:08.488688+03	182	ReportTemp object (182)	3		34	1
5023	2021-12-09 01:20:08.489685+03	181	ReportTemp object (181)	3		34	1
5024	2021-12-09 01:20:08.490683+03	180	ReportTemp object (180)	3		34	1
5025	2021-12-09 01:20:08.49168+03	179	ReportTemp object (179)	3		34	1
5026	2021-12-09 01:20:08.493672+03	178	ReportTemp object (178)	3		34	1
5027	2021-12-09 01:20:08.495667+03	177	ReportTemp object (177)	3		34	1
5028	2021-12-09 01:20:08.496666+03	176	ReportTemp object (176)	3		34	1
5029	2021-12-09 01:20:08.497704+03	175	ReportTemp object (175)	3		34	1
5030	2021-12-09 01:20:08.4987+03	174	ReportTemp object (174)	3		34	1
5031	2021-12-09 01:20:08.499694+03	173	ReportTemp object (173)	3		34	1
5032	2021-12-09 01:20:08.501651+03	172	ReportTemp object (172)	3		34	1
5033	2021-12-09 01:20:08.50265+03	171	ReportTemp object (171)	3		34	1
5034	2021-12-09 01:20:08.503649+03	170	ReportTemp object (170)	3		34	1
5035	2021-12-09 01:20:08.504645+03	169	ReportTemp object (169)	3		34	1
5036	2021-12-09 01:20:08.505643+03	168	ReportTemp object (168)	3		34	1
5037	2021-12-09 01:20:08.506639+03	167	ReportTemp object (167)	3		34	1
5038	2021-12-09 01:20:08.507637+03	166	ReportTemp object (166)	3		34	1
5039	2021-12-09 01:20:08.509635+03	165	ReportTemp object (165)	3		34	1
5040	2021-12-09 01:20:08.511626+03	164	ReportTemp object (164)	3		34	1
5041	2021-12-09 01:20:08.512621+03	163	ReportTemp object (163)	3		34	1
5042	2021-12-09 01:20:08.513619+03	162	ReportTemp object (162)	3		34	1
5043	2021-12-09 01:20:08.515614+03	161	ReportTemp object (161)	3		34	1
5044	2021-12-09 01:20:08.516612+03	160	ReportTemp object (160)	3		34	1
5045	2021-12-09 01:20:08.517625+03	159	ReportTemp object (159)	3		34	1
5046	2021-12-09 01:20:08.518626+03	158	ReportTemp object (158)	3		34	1
5047	2021-12-09 01:20:08.519627+03	157	ReportTemp object (157)	3		34	1
5048	2021-12-09 01:20:08.520621+03	156	ReportTemp object (156)	3		34	1
5049	2021-12-09 01:20:08.522009+03	155	ReportTemp object (155)	3		34	1
5050	2021-12-09 01:20:08.523081+03	154	ReportTemp object (154)	3		34	1
5051	2021-12-09 01:20:08.524136+03	153	ReportTemp object (153)	3		34	1
5052	2021-12-09 01:20:08.525137+03	152	ReportTemp object (152)	3		34	1
5053	2021-12-09 01:20:08.527133+03	151	ReportTemp object (151)	3		34	1
5054	2021-12-09 01:20:08.528129+03	150	ReportTemp object (150)	3		34	1
5055	2021-12-09 01:20:08.529839+03	149	ReportTemp object (149)	3		34	1
5056	2021-12-09 01:20:08.530957+03	148	ReportTemp object (148)	3		34	1
5057	2021-12-09 01:20:08.532013+03	147	ReportTemp object (147)	3		34	1
5058	2021-12-09 01:20:08.533095+03	146	ReportTemp object (146)	3		34	1
5059	2021-12-09 01:20:08.534034+03	145	ReportTemp object (145)	3		34	1
5060	2021-12-09 01:20:08.535034+03	144	ReportTemp object (144)	3		34	1
5061	2021-12-09 01:20:08.536068+03	143	ReportTemp object (143)	3		34	1
5062	2021-12-09 01:20:08.53798+03	142	ReportTemp object (142)	3		34	1
5063	2021-12-09 01:20:08.53898+03	141	ReportTemp object (141)	3		34	1
5064	2021-12-09 01:20:08.539978+03	140	ReportTemp object (140)	3		34	1
5065	2021-12-09 01:20:08.541028+03	139	ReportTemp object (139)	3		34	1
5066	2021-12-09 01:20:08.542028+03	138	ReportTemp object (138)	3		34	1
5067	2021-12-09 01:20:08.544023+03	137	ReportTemp object (137)	3		34	1
5068	2021-12-09 01:20:08.54602+03	136	ReportTemp object (136)	3		34	1
5069	2021-12-09 01:20:08.547297+03	135	ReportTemp object (135)	3		34	1
5070	2021-12-09 01:20:08.548526+03	134	ReportTemp object (134)	3		34	1
5071	2021-12-09 01:20:08.549661+03	133	ReportTemp object (133)	3		34	1
5072	2021-12-09 01:20:08.551724+03	132	ReportTemp object (132)	3		34	1
5073	2021-12-09 01:20:20.996619+03	87	ReportTempId object (87)	3		35	1
5074	2021-12-09 01:20:21.000609+03	86	ReportTempId object (86)	3		35	1
5075	2021-12-09 01:20:21.001608+03	85	ReportTempId object (85)	3		35	1
5076	2021-12-09 01:20:21.002606+03	84	ReportTempId object (84)	3		35	1
5077	2021-12-09 01:20:21.004599+03	83	ReportTempId object (83)	3		35	1
5078	2021-12-09 01:20:21.007591+03	82	ReportTempId object (82)	3		35	1
5079	2021-12-09 01:20:21.008589+03	81	ReportTempId object (81)	3		35	1
5080	2021-12-09 01:20:21.010584+03	80	ReportTempId object (80)	3		35	1
5081	2021-12-09 01:20:21.011581+03	79	ReportTempId object (79)	3		35	1
5082	2021-12-09 01:20:21.012578+03	78	ReportTempId object (78)	3		35	1
5083	2021-12-09 01:20:21.013576+03	77	ReportTempId object (77)	3		35	1
5084	2021-12-09 01:20:21.01557+03	76	ReportTempId object (76)	3		35	1
5085	2021-12-09 01:20:21.016568+03	75	ReportTempId object (75)	3		35	1
5086	2021-12-09 01:20:21.017566+03	74	ReportTempId object (74)	3		35	1
5087	2021-12-09 01:20:21.018564+03	73	ReportTempId object (73)	3		35	1
5088	2021-12-09 01:20:21.019562+03	72	ReportTempId object (72)	3		35	1
5089	2021-12-09 01:20:21.020559+03	71	ReportTempId object (71)	3		35	1
5090	2021-12-09 01:20:21.02256+03	70	ReportTempId object (70)	3		35	1
5091	2021-12-09 01:20:21.024546+03	69	ReportTempId object (69)	3		35	1
5092	2021-12-09 01:20:21.0263+03	68	ReportTempId object (68)	3		35	1
5093	2021-12-09 01:20:21.027434+03	67	ReportTempId object (67)	3		35	1
5094	2021-12-09 01:20:21.028553+03	66	ReportTempId object (66)	3		35	1
5095	2021-12-09 01:20:21.029554+03	65	ReportTempId object (65)	3		35	1
5096	2021-12-09 01:20:21.03055+03	64	ReportTempId object (64)	3		35	1
5097	2021-12-09 01:20:21.031547+03	63	ReportTempId object (63)	3		35	1
5098	2021-12-09 01:20:21.032545+03	62	ReportTempId object (62)	3		35	1
5099	2021-12-09 01:20:21.033542+03	61	ReportTempId object (61)	3		35	1
5100	2021-12-09 01:20:21.034557+03	60	ReportTempId object (60)	3		35	1
5101	2021-12-09 01:20:21.035625+03	59	ReportTempId object (59)	3		35	1
5102	2021-12-09 01:20:21.036626+03	58	ReportTempId object (58)	3		35	1
5103	2021-12-09 01:20:21.037623+03	57	ReportTempId object (57)	3		35	1
5104	2021-12-09 01:20:21.03962+03	56	ReportTempId object (56)	3		35	1
5105	2021-12-09 01:20:21.041613+03	55	ReportTempId object (55)	3		35	1
5106	2021-12-09 01:20:21.042606+03	54	ReportTempId object (54)	3		35	1
5107	2021-12-09 01:20:21.043699+03	53	ReportTempId object (53)	3		35	1
5108	2021-12-09 01:20:21.044752+03	52	ReportTempId object (52)	3		35	1
5109	2021-12-09 01:20:21.045823+03	51	ReportTempId object (51)	3		35	1
5110	2021-12-09 01:20:21.04689+03	50	ReportTempId object (50)	3		35	1
5111	2021-12-09 01:20:21.047396+03	49	ReportTempId object (49)	3		35	1
5112	2021-12-09 01:20:21.048435+03	48	ReportTempId object (48)	3		35	1
5113	2021-12-09 01:20:21.050322+03	47	ReportTempId object (47)	3		35	1
5114	2021-12-09 01:20:21.051396+03	46	ReportTempId object (46)	3		35	1
5115	2021-12-09 01:20:21.052396+03	45	ReportTempId object (45)	3		35	1
5116	2021-12-09 01:20:21.053394+03	44	ReportTempId object (44)	3		35	1
5117	2021-12-09 01:20:21.055391+03	43	ReportTempId object (43)	3		35	1
5118	2021-12-09 01:20:21.057387+03	42	ReportTempId object (42)	3		35	1
5119	2021-12-09 01:20:21.059+03	41	ReportTempId object (41)	3		35	1
5120	2021-12-09 01:20:21.0601+03	40	ReportTempId object (40)	3		35	1
5121	2021-12-09 01:20:21.061168+03	39	ReportTempId object (39)	3		35	1
5122	2021-12-09 01:20:21.062169+03	38	ReportTempId object (38)	3		35	1
5123	2021-12-09 01:20:21.063166+03	37	ReportTempId object (37)	3		35	1
5124	2021-12-09 01:20:21.064165+03	36	ReportTempId object (36)	3		35	1
5125	2021-12-09 01:20:21.06547+03	35	ReportTempId object (35)	3		35	1
5126	2021-12-09 01:20:21.066536+03	34	ReportTempId object (34)	3		35	1
5127	2021-12-09 01:20:21.068413+03	33	ReportTempId object (33)	3		35	1
5128	2021-12-09 01:20:21.06941+03	32	ReportTempId object (32)	3		35	1
5129	2021-12-09 01:20:21.069916+03	31	ReportTempId object (31)	3		35	1
5130	2021-12-09 01:22:34.135802+03	88	ReportTempId object (88)	3		35	1
5131	2021-12-09 01:24:32.927153+03	89	ReportTempId object (89)	3		35	1
5132	2021-12-09 01:25:10.265509+03	92	ReportTempId object (92)	3		35	1
5133	2021-12-09 01:25:10.270495+03	91	ReportTempId object (91)	3		35	1
5134	2021-12-09 01:27:42.123145+03	93	ReportTempId object (93)	3		35	1
5135	2021-12-09 01:46:42.777075+03	205	ReportTemp object (205)	3		34	1
5136	2021-12-09 01:46:42.781633+03	204	ReportTemp object (204)	3		34	1
5137	2021-12-09 01:46:42.783552+03	203	ReportTemp object (203)	3		34	1
5138	2021-12-09 01:46:42.785551+03	202	ReportTemp object (202)	3		34	1
5139	2021-12-09 01:46:49.819003+03	96	ReportTempId object (96)	3		35	1
5140	2021-12-09 01:46:49.827985+03	95	ReportTempId object (95)	3		35	1
5141	2021-12-10 01:00:57.464214+03	12	Инвентаризация ТМЦ	1	[{"added": {}}]	18	1
5142	2021-12-10 01:43:30.313409+03	2337	Identifier object (2337)	3		8	1
5143	2021-12-10 01:43:30.317631+03	2336	Identifier object (2336)	3		8	1
5144	2021-12-10 01:43:30.318921+03	2335	Identifier object (2335)	3		8	1
5145	2021-12-10 01:43:30.319956+03	2334	Identifier object (2334)	3		8	1
5146	2021-12-10 01:43:30.32092+03	2333	Identifier object (2333)	3		8	1
5147	2021-12-10 01:43:30.321918+03	2331	Identifier object (2331)	3		8	1
5148	2021-12-10 01:43:30.323912+03	2330	Identifier object (2330)	3		8	1
5149	2021-12-10 01:43:30.324909+03	2305	Identifier object (2305)	3		8	1
5150	2021-12-12 14:26:54.925293+03	5108	Register object (5108)	3		14	1
5151	2021-12-12 14:26:54.950283+03	5107	Register object (5107)	3		14	1
5152	2021-12-12 14:26:54.952023+03	5106	Register object (5106)	3		14	1
5153	2021-12-12 14:26:54.95319+03	5105	Register object (5105)	3		14	1
5154	2021-12-12 14:26:54.954404+03	5104	Register object (5104)	3		14	1
5155	2021-12-12 14:26:54.955595+03	5103	Register object (5103)	3		14	1
5156	2021-12-12 14:26:54.956115+03	5102	Register object (5102)	3		14	1
5157	2021-12-12 14:26:54.957158+03	5101	Register object (5101)	3		14	1
5158	2021-12-12 14:26:54.958929+03	5100	Register object (5100)	3		14	1
5159	2021-12-12 14:26:54.96+03	5099	Register object (5099)	3		14	1
5160	2021-12-12 14:26:54.961062+03	5098	Register object (5098)	3		14	1
5161	2021-12-12 14:26:54.962062+03	5097	Register object (5097)	3		14	1
5162	2021-12-12 14:26:54.963059+03	5096	Register object (5096)	3		14	1
5163	2021-12-12 14:26:54.964057+03	5095	Register object (5095)	3		14	1
5164	2021-12-12 14:26:54.965054+03	5094	Register object (5094)	3		14	1
5165	2021-12-12 14:26:54.967098+03	5093	Register object (5093)	3		14	1
5166	2021-12-12 14:26:54.969244+03	5092	Register object (5092)	3		14	1
5167	2021-12-12 14:26:54.970651+03	5091	Register object (5091)	3		14	1
5168	2021-12-12 14:26:54.97176+03	5090	Register object (5090)	3		14	1
5169	2021-12-12 14:26:54.972861+03	5089	Register object (5089)	3		14	1
5170	2021-12-12 14:26:54.973989+03	5088	Register object (5088)	3		14	1
5171	2021-12-12 14:26:54.97499+03	5087	Register object (5087)	3		14	1
5172	2021-12-12 14:26:54.975987+03	5086	Register object (5086)	3		14	1
5173	2021-12-12 14:26:54.976984+03	5085	Register object (5085)	3		14	1
5174	2021-12-12 14:26:54.979173+03	5084	Register object (5084)	3		14	1
5175	2021-12-12 14:26:54.980175+03	5083	Register object (5083)	3		14	1
5176	2021-12-12 14:26:54.981171+03	5082	Register object (5082)	3		14	1
5177	2021-12-12 14:26:54.98322+03	5081	Register object (5081)	3		14	1
5178	2021-12-12 14:26:54.984365+03	5080	Register object (5080)	3		14	1
5179	2021-12-12 14:26:54.985458+03	5079	Register object (5079)	3		14	1
5180	2021-12-12 14:26:54.986535+03	5078	Register object (5078)	3		14	1
5181	2021-12-12 14:26:54.987637+03	5077	Register object (5077)	3		14	1
5182	2021-12-12 14:26:54.988712+03	5076	Register object (5076)	3		14	1
5183	2021-12-12 14:26:54.989772+03	5075	Register object (5075)	3		14	1
5184	2021-12-12 14:26:54.990837+03	5074	Register object (5074)	3		14	1
5185	2021-12-12 14:26:54.991842+03	5073	Register object (5073)	3		14	1
5186	2021-12-12 14:27:05.853041+03	2368	Identifier object (2368)	3		8	1
5187	2021-12-12 14:27:05.857032+03	2367	Identifier object (2367)	3		8	1
5188	2021-12-12 14:27:05.858027+03	2366	Identifier object (2366)	3		8	1
5189	2021-12-12 14:27:05.860023+03	2365	Identifier object (2365)	3		8	1
5190	2021-12-12 14:27:05.862024+03	2364	Identifier object (2364)	3		8	1
5191	2021-12-12 14:27:05.863013+03	2363	Identifier object (2363)	3		8	1
5192	2021-12-12 14:27:05.865009+03	2362	Identifier object (2362)	3		8	1
5193	2021-12-12 14:27:05.867004+03	2361	Identifier object (2361)	3		8	1
5194	2021-12-12 14:27:05.868+03	2360	Identifier object (2360)	3		8	1
5195	2021-12-12 14:27:05.869994+03	2359	Identifier object (2359)	3		8	1
5196	2021-12-12 14:27:05.870991+03	2358	Identifier object (2358)	3		8	1
5197	2021-12-12 14:27:05.871989+03	2357	Identifier object (2357)	3		8	1
5198	2021-12-12 14:27:05.872986+03	2356	Identifier object (2356)	3		8	1
5199	2021-12-12 14:27:05.872986+03	2355	Identifier object (2355)	3		8	1
5200	2021-12-12 14:27:05.873983+03	2354	Identifier object (2354)	3		8	1
5201	2021-12-12 14:27:05.875979+03	2353	Identifier object (2353)	3		8	1
5202	2021-12-12 14:27:05.877974+03	2352	Identifier object (2352)	3		8	1
5203	2021-12-12 14:27:05.878972+03	2351	Identifier object (2351)	3		8	1
5204	2021-12-12 14:27:05.880965+03	2350	Identifier object (2350)	3		8	1
5205	2021-12-12 14:27:05.881963+03	2349	Identifier object (2349)	3		8	1
5206	2021-12-12 14:27:05.883958+03	2348	Identifier object (2348)	3		8	1
5207	2021-12-12 14:27:05.884956+03	2347	Identifier object (2347)	3		8	1
5208	2021-12-12 14:27:05.885953+03	2346	Identifier object (2346)	3		8	1
5209	2021-12-12 14:27:05.88695+03	2345	Identifier object (2345)	3		8	1
5210	2021-12-12 14:27:05.887948+03	2344	Identifier object (2344)	3		8	1
5211	2021-12-12 14:27:05.888945+03	2343	Identifier object (2343)	3		8	1
5212	2021-12-12 14:27:05.889943+03	2342	Identifier object (2342)	3		8	1
5213	2021-12-12 14:27:05.89094+03	2341	Identifier object (2341)	3		8	1
5214	2021-12-12 14:27:05.891937+03	2340	Identifier object (2340)	3		8	1
5215	2021-12-12 14:27:05.893931+03	2339	Identifier object (2339)	3		8	1
5216	2021-12-12 14:27:05.895925+03	2338	Identifier object (2338)	3		8	1
5217	2021-12-12 14:27:05.896923+03	2337	Identifier object (2337)	3		8	1
5218	2021-12-12 14:27:05.897921+03	2336	Identifier object (2336)	3		8	1
5219	2021-12-12 14:27:05.898919+03	2335	Identifier object (2335)	3		8	1
5220	2021-12-12 14:27:05.899915+03	2334	Identifier object (2334)	3		8	1
5221	2021-12-12 14:27:05.900912+03	2333	Identifier object (2333)	3		8	1
5222	2021-12-12 14:27:05.902909+03	2331	Identifier object (2331)	3		8	1
5223	2021-12-12 14:27:05.903905+03	2330	Identifier object (2330)	3		8	1
5224	2021-12-12 14:27:05.904902+03	2305	Identifier object (2305)	3		8	1
5225	2021-12-12 14:27:56.934948+03	1343	Document object (1343)	3		7	1
5226	2021-12-12 14:27:56.93794+03	1342	Document object (1342)	3		7	1
5227	2021-12-12 14:27:56.938937+03	1341	Document object (1341)	3		7	1
5228	2021-12-12 14:27:56.940932+03	1340	Document object (1340)	3		7	1
5229	2021-12-12 14:27:56.941929+03	1339	Document object (1339)	3		7	1
5230	2021-12-12 14:27:56.942926+03	1338	Document object (1338)	3		7	1
5231	2021-12-12 14:27:56.943924+03	1337	Document object (1337)	3		7	1
5232	2021-12-12 14:27:56.945918+03	1336	Document object (1336)	3		7	1
5233	2021-12-12 14:27:56.946916+03	1335	Document object (1335)	3		7	1
5234	2021-12-12 14:27:56.947913+03	1334	Document object (1334)	3		7	1
5235	2021-12-12 14:27:56.94891+03	1333	Document object (1333)	3		7	1
5236	2021-12-12 14:27:56.949908+03	1332	Document object (1332)	3		7	1
5237	2021-12-12 14:27:56.950905+03	1331	Document object (1331)	3		7	1
5238	2021-12-12 14:27:56.951902+03	1330	Document object (1330)	3		7	1
5239	2021-12-12 14:27:56.9529+03	1329	Document object (1329)	3		7	1
5240	2021-12-12 14:27:56.953897+03	1328	Document object (1328)	3		7	1
5241	2021-12-12 14:27:56.954894+03	1327	Document object (1327)	3		7	1
5242	2021-12-12 14:27:56.955892+03	1326	Document object (1326)	3		7	1
5243	2021-12-12 14:27:56.95689+03	1325	Document object (1325)	3		7	1
5244	2021-12-12 14:28:23.98779+03	2368	Identifier object (2368)	3		8	1
5245	2021-12-12 14:28:37.900038+03	2367	Identifier object (2367)	3		8	1
5246	2021-12-12 14:28:37.919013+03	2366	Identifier object (2366)	3		8	1
5247	2021-12-12 14:28:37.923+03	2365	Identifier object (2365)	3		8	1
5248	2021-12-12 14:28:37.925834+03	2364	Identifier object (2364)	3		8	1
5249	2021-12-12 14:29:17.655355+03	2305	Identifier object (2305)	3		8	1
5250	2021-12-12 14:29:34.876844+03	1327	Document object (1327)	3		7	1
5251	2021-12-12 14:29:34.887407+03	1326	Document object (1326)	3		7	1
5252	2021-12-12 14:29:43.19169+03	1330	Document object (1330)	3		7	1
5253	2021-12-12 14:29:43.195639+03	1329	Document object (1329)	3		7	1
5254	2021-12-12 14:29:43.196677+03	1328	Document object (1328)	3		7	1
5255	2021-12-12 14:29:51.552583+03	1334	Document object (1334)	3		7	1
5256	2021-12-12 14:29:51.557569+03	1333	Document object (1333)	3		7	1
5257	2021-12-12 14:29:51.559565+03	1332	Document object (1332)	3		7	1
5258	2021-12-12 14:29:51.561559+03	1331	Document object (1331)	3		7	1
5259	2021-12-12 14:30:00.572578+03	1339	Document object (1339)	3		7	1
5260	2021-12-12 14:30:00.577497+03	1338	Document object (1338)	3		7	1
5261	2021-12-12 14:30:00.578536+03	1337	Document object (1337)	3		7	1
5262	2021-12-12 14:30:00.579531+03	1336	Document object (1336)	3		7	1
5263	2021-12-12 14:30:00.580494+03	1335	Document object (1335)	3		7	1
5264	2021-12-12 14:30:08.563584+03	1343	Document object (1343)	3		7	1
5265	2021-12-12 14:30:08.619902+03	1342	Document object (1342)	3		7	1
5266	2021-12-12 14:30:08.622079+03	1341	Document object (1341)	3		7	1
5267	2021-12-12 14:30:08.624077+03	1340	Document object (1340)	3		7	1
5268	2021-12-12 14:30:27.771225+03	2367	Identifier object (2367)	3		8	1
5269	2021-12-12 14:30:27.783074+03	2366	Identifier object (2366)	3		8	1
5270	2021-12-12 14:30:27.784077+03	2365	Identifier object (2365)	3		8	1
5271	2021-12-12 14:30:27.786035+03	2364	Identifier object (2364)	3		8	1
5272	2021-12-12 14:30:27.787277+03	2363	Identifier object (2363)	3		8	1
5273	2021-12-12 14:30:27.788506+03	2362	Identifier object (2362)	3		8	1
5274	2021-12-12 14:30:27.789733+03	2361	Identifier object (2361)	3		8	1
5275	2021-12-12 14:30:27.790833+03	2360	Identifier object (2360)	3		8	1
5276	2021-12-12 14:30:27.79136+03	2359	Identifier object (2359)	3		8	1
5277	2021-12-12 14:30:27.793359+03	2358	Identifier object (2358)	3		8	1
5278	2021-12-12 14:30:27.794355+03	2357	Identifier object (2357)	3		8	1
5279	2021-12-12 14:30:27.79612+03	2356	Identifier object (2356)	3		8	1
5280	2021-12-12 14:30:27.797276+03	2355	Identifier object (2355)	3		8	1
5281	2021-12-12 14:30:27.798349+03	2354	Identifier object (2354)	3		8	1
5282	2021-12-12 14:30:27.800216+03	2353	Identifier object (2353)	3		8	1
5283	2021-12-12 14:30:27.801338+03	2352	Identifier object (2352)	3		8	1
5284	2021-12-12 14:30:27.802463+03	2351	Identifier object (2351)	3		8	1
5285	2021-12-12 14:30:27.803595+03	2350	Identifier object (2350)	3		8	1
5286	2021-12-12 14:30:27.804738+03	2349	Identifier object (2349)	3		8	1
5287	2021-12-12 14:30:27.805897+03	2348	Identifier object (2348)	3		8	1
5288	2021-12-12 14:30:27.807064+03	2347	Identifier object (2347)	3		8	1
5289	2021-12-12 14:30:27.808109+03	2346	Identifier object (2346)	3		8	1
5290	2021-12-12 14:30:27.809113+03	2345	Identifier object (2345)	3		8	1
5291	2021-12-12 14:30:27.810109+03	2344	Identifier object (2344)	3		8	1
5292	2021-12-12 14:30:27.812362+03	2343	Identifier object (2343)	3		8	1
5293	2021-12-12 14:30:27.813534+03	2342	Identifier object (2342)	3		8	1
5294	2021-12-12 14:30:27.814603+03	2341	Identifier object (2341)	3		8	1
5295	2021-12-12 14:30:27.815706+03	2340	Identifier object (2340)	3		8	1
5296	2021-12-12 14:30:27.816823+03	2339	Identifier object (2339)	3		8	1
5297	2021-12-12 14:30:27.817824+03	2338	Identifier object (2338)	3		8	1
5298	2021-12-12 14:30:27.818821+03	2337	Identifier object (2337)	3		8	1
5299	2021-12-12 14:30:27.819961+03	2336	Identifier object (2336)	3		8	1
5300	2021-12-12 14:30:27.821031+03	2335	Identifier object (2335)	3		8	1
5301	2021-12-12 14:30:27.822116+03	2334	Identifier object (2334)	3		8	1
5302	2021-12-12 14:30:27.823178+03	2333	Identifier object (2333)	3		8	1
5303	2021-12-12 14:30:27.824238+03	2331	Identifier object (2331)	3		8	1
5304	2021-12-12 14:30:27.825238+03	2330	Identifier object (2330)	3		8	1
5305	2021-12-12 14:30:52.520806+03	2339	Identifier object (2339)	3		8	1
5306	2021-12-12 14:30:52.534637+03	2338	Identifier object (2338)	3		8	1
5307	2021-12-12 14:30:52.535638+03	2337	Identifier object (2337)	3		8	1
5308	2021-12-12 14:30:52.538125+03	2336	Identifier object (2336)	3		8	1
5309	2021-12-12 14:30:52.539253+03	2335	Identifier object (2335)	3		8	1
5310	2021-12-12 14:30:52.548956+03	2334	Identifier object (2334)	3		8	1
5311	2021-12-12 14:30:52.550324+03	2333	Identifier object (2333)	3		8	1
5312	2021-12-12 14:31:04.726746+03	2346	Identifier object (2346)	3		8	1
5313	2021-12-12 14:31:04.735833+03	2345	Identifier object (2345)	3		8	1
5314	2021-12-12 14:31:04.737241+03	2344	Identifier object (2344)	3		8	1
5315	2021-12-12 14:31:04.738277+03	2343	Identifier object (2343)	3		8	1
5316	2021-12-12 14:31:04.739275+03	2342	Identifier object (2342)	3		8	1
5317	2021-12-12 14:31:04.740237+03	2341	Identifier object (2341)	3		8	1
5318	2021-12-12 14:31:04.741966+03	2340	Identifier object (2340)	3		8	1
5319	2021-12-12 14:31:16.738312+03	2355	Identifier object (2355)	3		8	1
5320	2021-12-12 14:31:16.742894+03	2354	Identifier object (2354)	3		8	1
5321	2021-12-12 14:31:16.744887+03	2353	Identifier object (2353)	3		8	1
5322	2021-12-12 14:31:16.745885+03	2352	Identifier object (2352)	3		8	1
5323	2021-12-12 14:31:16.747702+03	2351	Identifier object (2351)	3		8	1
5324	2021-12-12 14:31:16.749022+03	2350	Identifier object (2350)	3		8	1
5325	2021-12-12 14:31:16.750253+03	2349	Identifier object (2349)	3		8	1
5326	2021-12-12 14:31:16.751338+03	2348	Identifier object (2348)	3		8	1
5327	2021-12-12 14:31:16.75234+03	2347	Identifier object (2347)	3		8	1
5328	2021-12-12 14:31:30.491426+03	2367	Identifier object (2367)	3		8	1
5329	2021-12-12 14:31:30.498369+03	2366	Identifier object (2366)	3		8	1
5330	2021-12-12 14:31:30.500366+03	2365	Identifier object (2365)	3		8	1
5331	2021-12-12 14:31:30.501362+03	2364	Identifier object (2364)	3		8	1
5332	2021-12-12 14:31:30.502361+03	2363	Identifier object (2363)	3		8	1
5333	2021-12-12 14:31:30.503357+03	2362	Identifier object (2362)	3		8	1
5334	2021-12-12 14:31:30.504354+03	2361	Identifier object (2361)	3		8	1
5335	2021-12-12 14:31:30.505352+03	2360	Identifier object (2360)	3		8	1
5336	2021-12-12 14:31:30.506349+03	2359	Identifier object (2359)	3		8	1
5337	2021-12-12 14:31:30.508346+03	2358	Identifier object (2358)	3		8	1
5338	2021-12-12 14:31:30.509344+03	2357	Identifier object (2357)	3		8	1
5339	2021-12-12 14:31:30.510339+03	2356	Identifier object (2356)	3		8	1
5340	2021-12-13 01:16:21.211572+03	5161	Register object (5161)	3		14	1
5341	2021-12-13 01:16:21.234477+03	5160	Register object (5160)	3		14	1
5342	2021-12-13 01:16:21.235476+03	5159	Register object (5159)	3		14	1
5343	2021-12-13 01:16:42.946235+03	5124	Register object (5124)	3		14	1
5344	2021-12-13 01:16:42.957689+03	5123	Register object (5123)	3		14	1
5345	2021-12-13 01:16:42.960065+03	5122	Register object (5122)	3		14	1
5346	2021-12-13 01:16:42.9617+03	5121	Register object (5121)	3		14	1
5347	2021-12-13 01:16:42.964336+03	5120	Register object (5120)	3		14	1
5348	2021-12-13 01:16:42.966229+03	5119	Register object (5119)	3		14	1
5349	2021-12-13 01:16:42.968226+03	5118	Register object (5118)	3		14	1
5350	2021-12-13 01:16:42.970222+03	5117	Register object (5117)	3		14	1
5351	2021-12-13 01:16:42.972214+03	5116	Register object (5116)	3		14	1
5352	2021-12-13 01:16:42.97421+03	5115	Register object (5115)	3		14	1
5353	2021-12-13 01:16:42.975891+03	5114	Register object (5114)	3		14	1
5354	2021-12-13 01:16:42.97763+03	5113	Register object (5113)	3		14	1
5355	2021-12-13 01:16:42.979628+03	5112	Register object (5112)	3		14	1
5356	2021-12-13 01:16:54.600924+03	5158	Register object (5158)	3		14	1
5357	2021-12-13 01:16:54.607893+03	5134	Register object (5134)	3		14	1
5358	2021-12-13 01:16:54.610149+03	5133	Register object (5133)	3		14	1
5359	2021-12-13 01:16:54.611408+03	5132	Register object (5132)	3		14	1
5360	2021-12-13 01:16:54.612632+03	5131	Register object (5131)	3		14	1
5361	2021-12-13 01:16:54.613842+03	5130	Register object (5130)	3		14	1
5362	2021-12-13 01:16:54.61506+03	5129	Register object (5129)	3		14	1
5363	2021-12-13 01:16:54.616156+03	5128	Register object (5128)	3		14	1
5364	2021-12-13 01:16:54.61721+03	5127	Register object (5127)	3		14	1
5365	2021-12-13 01:16:54.618259+03	5126	Register object (5126)	3		14	1
5366	2021-12-13 01:16:54.619333+03	5125	Register object (5125)	3		14	1
5367	2021-12-13 01:18:15.440055+03	2391	Identifier object (2391)	3		8	1
5368	2021-12-13 01:18:15.471126+03	2389	Identifier object (2389)	3		8	1
5369	2021-12-13 01:18:15.473081+03	2388	Identifier object (2388)	3		8	1
5370	2021-12-13 01:18:15.474614+03	2385	Identifier object (2385)	3		8	1
5371	2021-12-13 01:18:15.475651+03	2383	Identifier object (2383)	3		8	1
5372	2021-12-13 01:18:15.47713+03	2382	Identifier object (2382)	3		8	1
5373	2021-12-13 01:18:15.47771+03	2381	Identifier object (2381)	3		8	1
5374	2021-12-13 01:18:15.479711+03	2380	Identifier object (2380)	3		8	1
5375	2021-12-13 01:18:15.480706+03	2378	Identifier object (2378)	3		8	1
5376	2021-12-13 01:18:15.4826+03	2377	Identifier object (2377)	3		8	1
5377	2021-12-13 01:18:15.483601+03	2376	Identifier object (2376)	3		8	1
5378	2021-12-13 01:18:15.485256+03	2375	Identifier object (2375)	3		8	1
5379	2021-12-13 01:18:15.486501+03	2374	Identifier object (2374)	3		8	1
5380	2021-12-13 01:18:15.487503+03	2373	Identifier object (2373)	3		8	1
5381	2021-12-13 01:18:15.489497+03	2372	Identifier object (2372)	3		8	1
5382	2021-12-13 01:18:15.490384+03	2371	Identifier object (2371)	3		8	1
5383	2021-12-13 01:18:15.492384+03	2370	Identifier object (2370)	3		8	1
5384	2021-12-13 01:18:15.493627+03	2369	Identifier object (2369)	3		8	1
5385	2021-12-13 01:18:15.494843+03	2331	Identifier object (2331)	3		8	1
5386	2021-12-13 01:18:15.495455+03	2330	Identifier object (2330)	3		8	1
5387	2021-12-13 01:18:34.068174+03	2391	Identifier object (2391)	3		8	1
5388	2021-12-13 01:18:34.078148+03	2389	Identifier object (2389)	3		8	1
5389	2021-12-13 01:18:34.080152+03	2388	Identifier object (2388)	3		8	1
5390	2021-12-13 01:18:34.082143+03	2385	Identifier object (2385)	3		8	1
5391	2021-12-13 01:18:41.587345+03	2383	Identifier object (2383)	3		8	1
5392	2021-12-13 01:18:41.595269+03	2382	Identifier object (2382)	3		8	1
5393	2021-12-13 01:18:41.596775+03	2381	Identifier object (2381)	3		8	1
5394	2021-12-13 01:18:41.598769+03	2380	Identifier object (2380)	3		8	1
5395	2021-12-13 01:18:41.600768+03	2378	Identifier object (2378)	3		8	1
5396	2021-12-13 01:18:41.601761+03	2377	Identifier object (2377)	3		8	1
5397	2021-12-13 01:18:51.830217+03	2376	Identifier object (2376)	3		8	1
5398	2021-12-13 01:18:51.841187+03	2375	Identifier object (2375)	3		8	1
5399	2021-12-13 01:18:51.843183+03	2374	Identifier object (2374)	3		8	1
5400	2021-12-13 01:18:51.844179+03	2373	Identifier object (2373)	3		8	1
5401	2021-12-13 01:18:51.846174+03	2372	Identifier object (2372)	3		8	1
5402	2021-12-13 01:18:51.847171+03	2371	Identifier object (2371)	3		8	1
5403	2021-12-13 01:18:51.849165+03	2370	Identifier object (2370)	3		8	1
5404	2021-12-13 01:18:56.761318+03	2369	Identifier object (2369)	3		8	1
5405	2021-12-13 01:19:01.644722+03	2331	Identifier object (2331)	3		8	1
5406	2021-12-13 01:19:09.20126+03	2331	Identifier object (2331)	3		8	1
5407	2021-12-13 01:19:09.21235+03	2330	Identifier object (2330)	3		8	1
5408	2021-12-13 01:21:28.227731+03	36966	RemainderHistory object (36966)	3		12	1
5409	2021-12-13 01:21:37.6827+03	36964	RemainderHistory object (36964)	3		12	1
5410	2021-12-13 01:21:54.820279+03	36965	RemainderHistory object (36965)	3		12	1
5411	2021-12-13 01:21:54.828946+03	36963	RemainderHistory object (36963)	3		12	1
5412	2021-12-13 01:21:54.83057+03	36962	RemainderHistory object (36962)	3		12	1
5413	2021-12-13 01:21:54.831607+03	36961	RemainderHistory object (36961)	3		12	1
5414	2021-12-13 01:22:16.417581+03	1357	Document object (1357)	3		7	1
5415	2021-12-13 01:22:16.423604+03	1355	Document object (1355)	3		7	1
5416	2021-12-13 01:22:16.424565+03	1354	Document object (1354)	3		7	1
5417	2021-12-13 01:22:16.426559+03	1353	Document object (1353)	3		7	1
5418	2021-12-13 01:22:16.427555+03	1352	Document object (1352)	3		7	1
5419	2021-12-13 01:22:16.428561+03	1351	Document object (1351)	3		7	1
5420	2021-12-13 01:25:46.08237+03	36967	RemainderHistory object (36967)	3		12	1
5421	2021-12-13 01:25:55.997641+03	36968	RemainderHistory object (36968)	3		12	1
5422	2021-12-13 01:26:06.528445+03	1358	Document object (1358)	3		7	1
5423	2021-12-13 02:02:00.07449+03	5197	Register object (5197)	3		14	1
5424	2021-12-13 02:02:00.083635+03	5196	Register object (5196)	3		14	1
5425	2021-12-13 02:02:00.085548+03	5195	Register object (5195)	3		14	1
5426	2021-12-13 02:02:00.087583+03	5194	Register object (5194)	3		14	1
5427	2021-12-13 02:02:00.089541+03	5193	Register object (5193)	3		14	1
5428	2021-12-13 02:02:00.091255+03	5192	Register object (5192)	3		14	1
5429	2021-12-13 02:02:00.094267+03	5191	Register object (5191)	3		14	1
5430	2021-12-13 02:02:00.095947+03	5190	Register object (5190)	3		14	1
5431	2021-12-13 02:02:00.097515+03	5189	Register object (5189)	3		14	1
5432	2021-12-13 02:02:00.098906+03	5188	Register object (5188)	3		14	1
5433	2021-12-13 02:02:00.100324+03	5187	Register object (5187)	3		14	1
5434	2021-12-13 02:02:00.101727+03	5186	Register object (5186)	3		14	1
5435	2021-12-13 02:02:00.102438+03	5185	Register object (5185)	3		14	1
5436	2021-12-13 02:02:00.104437+03	5184	Register object (5184)	3		14	1
5437	2021-12-13 02:02:00.106426+03	5183	Register object (5183)	3		14	1
5438	2021-12-13 02:02:00.107428+03	5182	Register object (5182)	3		14	1
5439	2021-12-13 02:02:00.109422+03	5181	Register object (5181)	3		14	1
5440	2021-12-13 02:02:00.111446+03	5180	Register object (5180)	3		14	1
5441	2021-12-13 02:02:00.11298+03	5179	Register object (5179)	3		14	1
5442	2021-12-13 02:02:00.114398+03	5178	Register object (5178)	3		14	1
5443	2021-12-13 02:04:07.608581+03	5199	Register object (5199)	3		14	1
5444	2021-12-13 02:04:07.615854+03	5198	Register object (5198)	3		14	1
5445	2021-12-14 00:51:24.697021+03	1360	Document object (1360)	3		7	1
5446	2021-12-14 11:44:01.470269+03	1367	Document object (1367)	3		7	1
5447	2021-12-14 11:44:21.354835+03	36983	RemainderHistory object (36983)	3		12	1
5448	2021-12-14 11:44:28.720562+03	1367	Document object (1367)	3		7	1
5449	2021-12-14 12:02:43.466459+03	5291	Register object (5291)	3		14	1
5450	2021-12-14 12:02:43.476402+03	5290	Register object (5290)	3		14	1
5451	2021-12-14 12:02:43.478474+03	5289	Register object (5289)	3		14	1
5452	2021-12-14 12:02:55.08901+03	36999	RemainderHistory object (36999)	3		12	1
5453	2021-12-14 12:02:55.101372+03	36998	RemainderHistory object (36998)	3		12	1
5454	2021-12-14 12:03:11.642939+03	1374	Document object (1374)	3		7	1
5455	2021-12-14 12:03:57.810602+03	372	RemainderCurrent object (372)	2	[{"changed": {"fields": ["Current remainder", "Av price", "Total av price"]}}]	13	1
5456	2021-12-14 12:04:26.702052+03	375	RemainderCurrent object (375)	2	[{"changed": {"fields": ["Current remainder", "Av price", "Total av price"]}}]	13	1
5457	2021-12-14 12:18:29.447653+03	378	RemainderCurrent object (378)	3		13	1
5458	2021-12-19 11:57:43.892315+03	37012	RemainderHistory object (37012)	3		12	1
5459	2021-12-19 11:57:43.922528+03	37011	RemainderHistory object (37011)	3		12	1
5460	2021-12-19 11:57:57.695434+03	1383	Document object (1383)	3		7	1
5461	2021-12-19 11:57:57.699058+03	1382	Document object (1382)	3		7	1
5462	2021-12-19 11:57:57.700057+03	1381	Document object (1381)	3		7	1
5463	2021-12-19 11:57:57.70208+03	1380	Document object (1380)	3		7	1
5464	2021-12-19 11:57:57.703105+03	1379	Document object (1379)	3		7	1
5465	2021-12-19 11:58:12.504113+03	1382	Document object (1382)	3		7	1
5466	2021-12-19 11:58:12.510669+03	1381	Document object (1381)	3		7	1
5467	2021-12-19 11:58:12.513624+03	1379	Document object (1379)	3		7	1
5468	2021-12-19 11:58:24.297721+03	1380	Document object (1380)	3		7	1
5469	2021-12-19 12:01:12.017773+03	1384	Document object (1384)	3		7	1
5470	2021-12-19 12:06:34.831771+03	1380	Document object (1380)	3		7	1
5471	2021-12-19 12:10:11.453512+03	1386	Document object (1386)	3		7	1
5472	2021-12-19 12:10:11.460182+03	1385	Document object (1385)	3		7	1
5473	2021-12-19 12:22:24.566435+03	37020	RemainderHistory object (37020)	3		12	1
5474	2021-12-19 12:22:24.569429+03	37019	RemainderHistory object (37019)	3		12	1
5475	2021-12-19 12:22:24.571422+03	37018	RemainderHistory object (37018)	3		12	1
5476	2021-12-19 12:22:24.57242+03	37017	RemainderHistory object (37017)	3		12	1
5477	2021-12-19 12:22:24.573417+03	37016	RemainderHistory object (37016)	3		12	1
5478	2021-12-19 12:22:24.574453+03	37015	RemainderHistory object (37015)	3		12	1
5479	2021-12-19 12:22:24.576409+03	37014	RemainderHistory object (37014)	3		12	1
5480	2021-12-19 12:22:24.577407+03	37013	RemainderHistory object (37013)	3		12	1
5481	2021-12-19 12:22:56.917837+03	1397	Document object (1397)	3		7	1
5482	2021-12-19 12:22:56.920826+03	1396	Document object (1396)	3		7	1
5483	2021-12-19 12:22:56.921824+03	1395	Document object (1395)	3		7	1
5484	2021-12-19 12:22:56.922822+03	1394	Document object (1394)	3		7	1
5485	2021-12-19 12:22:56.923821+03	1393	Document object (1393)	3		7	1
5486	2021-12-19 12:22:56.924818+03	1392	Document object (1392)	3		7	1
5487	2021-12-19 12:22:56.926812+03	1391	Document object (1391)	3		7	1
5488	2021-12-19 12:23:10.52691+03	1390	Document object (1390)	3		7	1
5489	2021-12-19 12:23:17.794902+03	1389	Document object (1389)	3		7	1
5490	2021-12-19 12:23:17.802878+03	1388	Document object (1388)	3		7	1
5491	2021-12-19 12:23:17.803876+03	1387	Document object (1387)	3		7	1
5492	2021-12-19 12:23:27.38502+03	1383	Document object (1383)	3		7	1
5493	2021-12-19 12:23:32.570006+03	1380	Document object (1380)	3		7	1
5494	2021-12-19 12:25:53.016176+03	37022	RemainderHistory object (37022)	3		12	1
5495	2021-12-19 12:25:53.020168+03	37021	RemainderHistory object (37021)	3		12	1
5496	2021-12-19 12:26:06.002646+03	1400	Document object (1400)	3		7	1
5497	2021-12-19 12:26:06.006634+03	1399	Document object (1399)	3		7	1
5498	2021-12-19 12:26:06.007631+03	1398	Document object (1398)	3		7	1
5499	2021-12-19 12:28:47.830086+03	37024	RemainderHistory object (37024)	3		12	1
5500	2021-12-19 12:28:47.837063+03	37023	RemainderHistory object (37023)	3		12	1
5501	2021-12-19 12:28:56.020069+03	1402	Document object (1402)	3		7	1
5502	2021-12-19 12:28:56.030562+03	1401	Document object (1401)	3		7	1
5503	2021-12-19 12:30:24.606481+03	37026	RemainderHistory object (37026)	3		12	1
5504	2021-12-19 12:30:24.62214+03	37025	RemainderHistory object (37025)	3		12	1
5505	2021-12-19 12:30:36.329226+03	1405	Document object (1405)	3		7	1
5506	2021-12-19 12:30:36.334214+03	1404	Document object (1404)	3		7	1
5507	2021-12-19 12:30:36.335213+03	1403	Document object (1403)	3		7	1
5508	2021-12-19 12:31:23.343471+03	1406	Document object (1406)	3		7	1
5509	2021-12-19 12:32:25.357212+03	37028	RemainderHistory object (37028)	3		12	1
5510	2021-12-19 12:32:25.364816+03	37027	RemainderHistory object (37027)	3		12	1
5511	2021-12-19 12:32:35.597997+03	1408	Document object (1408)	3		7	1
5512	2021-12-19 12:32:35.603703+03	1407	Document object (1407)	3		7	1
5513	2021-12-19 12:34:15.041943+03	1410	Document object (1410)	3		7	1
5514	2021-12-19 13:01:15.369125+03	1411	Document object (1411)	3		7	1
5516	2021-12-19 13:23:55.547158+03	1417	Document object (1417)	3		7	1
5517	2021-12-19 13:25:53.912546+03	1415	Document object (1415)	3		7	1
5518	2021-12-19 13:25:53.921526+03	1414	Document object (1414)	3		7	1
5519	2021-12-19 13:25:53.923523+03	1413	Document object (1413)	3		7	1
5520	2021-12-19 13:25:53.925515+03	1412	Document object (1412)	3		7	1
5521	2021-12-19 13:25:53.92751+03	1411	Document object (1411)	3		7	1
5523	2021-12-19 13:27:54.969384+03	1417	Document object (1417)	3		7	1
5524	2021-12-19 13:29:16.15437+03	1417	Document object (1417)	3		7	1
5525	2021-12-19 13:33:41.624219+03	1418	Document object (1418)	3		7	1
5526	2021-12-19 13:33:47.677473+03	1419	Document object (1419)	3		7	1
5527	2021-12-19 13:35:16.811034+03	1419	Document object (1419)	3		7	1
5528	2021-12-19 13:35:31.13559+03	1420	Document object (1420)	3		7	1
5529	2021-12-19 13:46:49.056444+03	1420	Document object (1420)	3		7	1
5530	2021-12-19 23:56:27.323034+03	37035	RemainderHistory object (37035)	3		12	1
5531	2021-12-19 23:56:27.336998+03	37034	RemainderHistory object (37034)	3		12	1
5532	2021-12-19 23:56:38.193738+03	1427	Document object (1427)	3		7	1
5533	2021-12-19 23:56:38.200722+03	1426	Document object (1426)	3		7	1
5534	2021-12-19 23:56:38.20276+03	1425	Document object (1425)	3		7	1
5535	2021-12-20 00:12:34.226567+03	37037	RemainderHistory object (37037)	3		12	1
5536	2021-12-20 00:12:34.24053+03	37036	RemainderHistory object (37036)	3		12	1
5537	2021-12-20 00:12:46.849525+03	1430	Document object (1430)	3		7	1
5538	2021-12-20 00:12:46.856875+03	1429	Document object (1429)	3		7	1
5539	2021-12-20 00:12:46.85824+03	1428	Document object (1428)	3		7	1
5540	2021-12-20 00:12:58.714971+03	1428	Document object (1428)	3		7	1
5541	2021-12-20 00:13:07.528328+03	1430	Document object (1430)	3		7	1
5542	2021-12-20 00:13:07.534418+03	1429	Document object (1429)	3		7	1
5543	2021-12-20 00:13:24.267434+03	5423	Register object (5423)	3		14	1
5544	2021-12-20 00:13:24.2721+03	5422	Register object (5422)	3		14	1
5545	2021-12-20 00:13:31.718908+03	1428	Document object (1428)	3		7	1
5546	2021-12-20 00:41:23.472128+03	37039	RemainderHistory object (37039)	3		12	1
5547	2021-12-20 00:41:23.513018+03	37038	RemainderHistory object (37038)	3		12	1
5548	2021-12-20 00:41:39.563224+03	1433	Document object (1433)	3		7	1
5549	2021-12-20 00:41:39.570431+03	1432	Document object (1432)	3		7	1
5550	2021-12-20 00:41:39.572089+03	1431	Document object (1431)	3		7	1
5551	2021-12-20 01:03:13.655909+03	1436	Document object (1436)	3		7	1
5552	2021-12-20 01:03:13.664909+03	1435	Document object (1435)	3		7	1
5553	2021-12-20 01:03:13.665947+03	1434	Document object (1434)	3		7	1
5554	2021-12-20 01:03:57.13077+03	37041	RemainderHistory object (37041)	3		12	1
5555	2021-12-20 01:03:57.139745+03	37040	RemainderHistory object (37040)	3		12	1
5556	2021-12-20 01:04:06.991411+03	1436	Document object (1436)	3		7	1
5557	2021-12-20 01:04:07.010423+03	1435	Document object (1435)	3		7	1
5558	2021-12-20 01:04:07.013419+03	1434	Document object (1434)	3		7	1
5559	2021-12-21 00:54:51.364256+03	1319	Document object (1319)	3		7	1
5560	2021-12-22 18:40:42.98851+03	7	Customer object (7)	1	[{"added": {}}]	20	1
5561	2021-12-26 01:07:40.008474+03	37060	RemainderHistory object (37060)	3		12	1
5562	2021-12-26 01:07:40.025882+03	37059	RemainderHistory object (37059)	3		12	1
5563	2021-12-26 01:07:40.02688+03	37056	RemainderHistory object (37056)	3		12	1
5564	2021-12-26 01:07:57.9747+03	431	Cash object (431)	3		21	1
5565	2021-12-26 01:07:57.981766+03	430	Cash object (430)	3		21	1
5566	2021-12-26 01:07:57.983801+03	429	Cash object (429)	3		21	1
5567	2021-12-26 01:08:32.72813+03	2520	Identifier object (2520)	3		8	1
5568	2021-12-26 01:08:32.736381+03	2516	Identifier object (2516)	3		8	1
5569	2021-12-26 01:08:32.738224+03	2514	Identifier object (2514)	3		8	1
5570	2021-12-26 01:08:32.739839+03	2513	Identifier object (2513)	3		8	1
5571	2021-12-26 01:08:32.741384+03	2512	Identifier object (2512)	3		8	1
5572	2021-12-26 01:08:32.743386+03	2510	Identifier object (2510)	3		8	1
5573	2021-12-26 01:08:32.744996+03	2505	Identifier object (2505)	3		8	1
5574	2021-12-26 01:08:32.74699+03	2504	Identifier object (2504)	3		8	1
5575	2021-12-26 01:08:32.748986+03	2501	Identifier object (2501)	3		8	1
5576	2021-12-26 01:08:32.751978+03	2500	Identifier object (2500)	3		8	1
5577	2021-12-26 01:08:32.753872+03	2499	Identifier object (2499)	3		8	1
5578	2021-12-26 01:08:32.755304+03	2498	Identifier object (2498)	3		8	1
5579	2021-12-26 01:08:32.756342+03	2492	Identifier object (2492)	3		8	1
5580	2021-12-26 01:08:32.757972+03	2489	Identifier object (2489)	3		8	1
5581	2021-12-26 01:08:32.759623+03	2487	Identifier object (2487)	3		8	1
5582	2021-12-26 01:08:32.761071+03	2486	Identifier object (2486)	3		8	1
5583	2021-12-26 01:08:32.762987+03	2485	Identifier object (2485)	3		8	1
5584	2021-12-26 01:08:32.76498+03	2482	Identifier object (2482)	3		8	1
5585	2021-12-26 01:08:32.766977+03	2480	Identifier object (2480)	3		8	1
5586	2021-12-26 01:08:32.768969+03	2479	Identifier object (2479)	3		8	1
5587	2021-12-26 01:08:32.770573+03	2478	Identifier object (2478)	3		8	1
5588	2021-12-26 01:08:32.772776+03	2477	Identifier object (2477)	3		8	1
5589	2021-12-26 01:08:32.774176+03	2457	Identifier object (2457)	3		8	1
5590	2021-12-26 01:08:32.775906+03	2455	Identifier object (2455)	3		8	1
5591	2021-12-26 01:08:32.777478+03	2422	Identifier object (2422)	3		8	1
5592	2021-12-26 01:08:32.779478+03	2421	Identifier object (2421)	3		8	1
5593	2021-12-26 01:08:32.781296+03	2417	Identifier object (2417)	3		8	1
5594	2021-12-26 01:08:32.78433+03	2416	Identifier object (2416)	3		8	1
5595	2021-12-26 01:08:32.785294+03	2415	Identifier object (2415)	3		8	1
5596	2021-12-26 01:08:32.786853+03	2413	Identifier object (2413)	3		8	1
5597	2021-12-26 01:08:32.788289+03	2412	Identifier object (2412)	3		8	1
5598	2021-12-26 01:08:32.789799+03	2411	Identifier object (2411)	3		8	1
5599	2021-12-26 01:08:32.790804+03	2409	Identifier object (2409)	3		8	1
5600	2021-12-26 01:08:32.792818+03	2400	Identifier object (2400)	3		8	1
5601	2021-12-26 01:08:32.79422+03	2397	Identifier object (2397)	3		8	1
5602	2021-12-26 01:08:32.795258+03	2331	Identifier object (2331)	3		8	1
5603	2021-12-26 01:08:32.798215+03	2330	Identifier object (2330)	3		8	1
5604	2021-12-26 01:08:48.489302+03	5571	Register object (5571)	3		14	1
5605	2021-12-26 01:08:48.496307+03	5568	Register object (5568)	3		14	1
5606	2021-12-26 01:08:48.498312+03	5564	Register object (5564)	3		14	1
5607	2021-12-26 01:08:48.500301+03	5563	Register object (5563)	3		14	1
5608	2021-12-26 01:08:48.502296+03	5561	Register object (5561)	3		14	1
5609	2021-12-26 01:08:48.504291+03	5560	Register object (5560)	3		14	1
5610	2021-12-26 01:08:48.506287+03	5559	Register object (5559)	3		14	1
5611	2021-12-26 01:08:48.50828+03	5550	Register object (5550)	3		14	1
5612	2021-12-26 01:08:48.509278+03	5549	Register object (5549)	3		14	1
5613	2021-12-26 01:08:48.51227+03	5548	Register object (5548)	3		14	1
5614	2021-12-26 01:08:48.514266+03	5543	Register object (5543)	3		14	1
5615	2021-12-26 01:08:48.516259+03	5539	Register object (5539)	3		14	1
5616	2021-12-26 01:08:48.518253+03	5538	Register object (5538)	3		14	1
5617	2021-12-26 01:08:48.520247+03	5537	Register object (5537)	3		14	1
5618	2021-12-26 01:08:48.521246+03	5535	Register object (5535)	3		14	1
5619	2021-12-26 01:08:48.523242+03	5533	Register object (5533)	3		14	1
5620	2021-12-26 01:08:48.524237+03	5532	Register object (5532)	3		14	1
5621	2021-12-26 01:08:48.525804+03	5467	Register object (5467)	3		14	1
5622	2021-12-26 01:08:48.526811+03	5466	Register object (5466)	3		14	1
5623	2021-12-26 01:08:48.5288+03	5326	Register object (5326)	3		14	1
5624	2021-12-26 01:08:48.530732+03	5325	Register object (5325)	3		14	1
5625	2021-12-26 01:08:48.532043+03	5324	Register object (5324)	3		14	1
5626	2021-12-26 01:08:48.533358+03	5323	Register object (5323)	3		14	1
5627	2021-12-26 01:08:48.534006+03	5307	Register object (5307)	3		14	1
5628	2021-12-26 01:08:48.536006+03	5306	Register object (5306)	3		14	1
5629	2021-12-26 01:08:48.537522+03	5305	Register object (5305)	3		14	1
5630	2021-12-26 01:08:48.538798+03	5302	Register object (5302)	3		14	1
5631	2021-12-26 01:08:48.540483+03	5301	Register object (5301)	3		14	1
5632	2021-12-26 01:08:48.541663+03	5300	Register object (5300)	3		14	1
5633	2021-12-26 01:08:48.542665+03	5066	Register object (5066)	3		14	1
5634	2021-12-26 01:08:48.544659+03	5065	Register object (5065)	3		14	1
5635	2021-12-26 01:08:48.546654+03	5064	Register object (5064)	3		14	1
5636	2021-12-26 01:08:57.241719+03	2520	Identifier object (2520)	3		8	1
5637	2021-12-26 01:08:57.246707+03	2516	Identifier object (2516)	3		8	1
5638	2021-12-26 01:08:57.247742+03	2514	Identifier object (2514)	3		8	1
5639	2021-12-26 01:08:57.248739+03	2513	Identifier object (2513)	3		8	1
5640	2021-12-26 01:08:57.250698+03	2512	Identifier object (2512)	3		8	1
5641	2021-12-26 01:08:57.251693+03	2510	Identifier object (2510)	3		8	1
5642	2021-12-26 01:08:57.25269+03	2505	Identifier object (2505)	3		8	1
5643	2021-12-26 01:08:57.253689+03	2504	Identifier object (2504)	3		8	1
5644	2021-12-26 01:08:57.255683+03	2501	Identifier object (2501)	3		8	1
5645	2021-12-26 01:08:57.256681+03	2500	Identifier object (2500)	3		8	1
5646	2021-12-26 01:08:57.257677+03	2499	Identifier object (2499)	3		8	1
5647	2021-12-26 01:08:57.258678+03	2498	Identifier object (2498)	3		8	1
5648	2021-12-26 01:08:57.259688+03	2492	Identifier object (2492)	3		8	1
5649	2021-12-26 01:08:57.260677+03	2489	Identifier object (2489)	3		8	1
5650	2021-12-26 01:08:57.261694+03	2487	Identifier object (2487)	3		8	1
5651	2021-12-26 01:08:57.262687+03	2486	Identifier object (2486)	3		8	1
5652	2021-12-26 01:08:57.263663+03	2485	Identifier object (2485)	3		8	1
5653	2021-12-26 01:08:57.26468+03	2482	Identifier object (2482)	3		8	1
5654	2021-12-26 01:08:57.265674+03	2480	Identifier object (2480)	3		8	1
5655	2021-12-26 01:08:57.266692+03	2479	Identifier object (2479)	3		8	1
5656	2021-12-26 01:08:57.267687+03	2478	Identifier object (2478)	3		8	1
5657	2021-12-26 01:08:57.268651+03	2477	Identifier object (2477)	3		8	1
5658	2021-12-26 01:08:57.270643+03	2457	Identifier object (2457)	3		8	1
5659	2021-12-26 01:08:57.272641+03	2455	Identifier object (2455)	3		8	1
5660	2021-12-26 01:08:57.273638+03	2422	Identifier object (2422)	3		8	1
5661	2021-12-26 01:08:57.274635+03	2421	Identifier object (2421)	3		8	1
5662	2021-12-26 01:08:57.275632+03	2417	Identifier object (2417)	3		8	1
5663	2021-12-26 01:08:57.27663+03	2416	Identifier object (2416)	3		8	1
5664	2021-12-26 01:08:57.278624+03	2415	Identifier object (2415)	3		8	1
5665	2021-12-26 01:08:57.279618+03	2413	Identifier object (2413)	3		8	1
5666	2021-12-26 01:08:57.281299+03	2412	Identifier object (2412)	3		8	1
5667	2021-12-26 01:08:57.282457+03	2411	Identifier object (2411)	3		8	1
5668	2021-12-26 01:08:57.283536+03	2409	Identifier object (2409)	3		8	1
5669	2021-12-26 01:08:57.284536+03	2400	Identifier object (2400)	3		8	1
5670	2021-12-26 01:08:57.285534+03	2397	Identifier object (2397)	3		8	1
5671	2021-12-26 01:08:57.286533+03	2331	Identifier object (2331)	3		8	1
5672	2021-12-26 01:08:57.287529+03	2330	Identifier object (2330)	3		8	1
5673	2021-12-26 01:09:15.022997+03	1454	Document object (1454)	3		7	1
5674	2021-12-26 01:09:15.027847+03	1453	Document object (1453)	3		7	1
5675	2021-12-26 01:09:15.029368+03	1452	Document object (1452)	3		7	1
5676	2021-12-26 01:09:15.030629+03	1451	Document object (1451)	3		7	1
5677	2021-12-26 01:09:15.031838+03	1449	Document object (1449)	3		7	1
5678	2021-12-26 01:09:15.033069+03	1448	Document object (1448)	3		7	1
5679	2021-12-26 01:09:15.034287+03	1446	Document object (1446)	3		7	1
5680	2021-12-26 01:09:40.96532+03	1454	Document object (1454)	3		7	1
5681	2021-12-26 01:09:47.238794+03	1453	Document object (1453)	3		7	1
5682	2021-12-26 01:09:52.190044+03	1452	Document object (1452)	3		7	1
5683	2021-12-26 01:09:57.989138+03	1451	Document object (1451)	3		7	1
5684	2021-12-26 01:10:06.798452+03	1446	Document object (1446)	3		7	1
5685	2021-12-26 01:10:21.530191+03	1449	Document object (1449)	3		7	1
5686	2021-12-26 01:10:21.548416+03	1448	Document object (1448)	3		7	1
5687	2021-12-26 01:10:31.628584+03	1449	Document object (1449)	3		7	1
5688	2021-12-26 01:10:41.738223+03	1448	Document object (1448)	3		7	1
5689	2021-12-27 18:03:29.546662+03	1456	Document object (1456)	3		7	1
5690	2021-12-27 18:03:29.651059+03	1455	Document object (1455)	3		7	1
5691	2021-12-27 18:03:43.791638+03	1449	Document object (1449)	3		7	1
5692	2021-12-27 18:03:43.94657+03	1448	Document object (1448)	3		7	1
5693	2021-12-27 18:04:08.866203+03	1449	Document object (1449)	3		7	1
5694	2021-12-27 18:04:55.568938+03	428	Cash object (428)	3		21	1
5695	2021-12-27 18:05:09.181148+03	1449	Document object (1449)	3		7	1
5696	2021-12-28 11:24:27.156346+03	440	Cash object (440)	3		21	1
5697	2021-12-28 11:25:03.623545+03	1462	Document object (1462)	3		7	1
5698	2021-12-28 11:27:33.790856+03	1	PaymentRegister object (1)	3		42	1
5699	2021-12-28 11:28:12.218158+03	1462	Document object (1462)	3		7	1
5700	2021-12-28 12:30:52.493252+03	2	PaymentRegister object (2)	3		42	1
5701	2021-12-28 12:31:14.027243+03	1463	Document object (1463)	3		7	1
5702	2021-12-28 13:00:35.585488+03	3	PaymentRegister object (3)	3		42	1
5703	2021-12-28 13:00:47.526373+03	5626	Register object (5626)	3		14	1
5704	2021-12-28 13:00:47.5314+03	5622	Register object (5622)	3		14	1
5705	2021-12-28 13:00:54.048571+03	2526	Identifier object (2526)	3		8	1
5706	2021-12-28 13:01:00.591177+03	1464	Document object (1464)	3		7	1
5707	2021-12-28 13:38:37.23824+03	4	PaymentRegister object (4)	3		42	1
5708	2021-12-28 13:38:44.892308+03	1465	Document object (1465)	3		7	1
5709	2021-12-28 13:54:14.498429+03	5	PaymentRegister object (5)	3		42	1
5710	2021-12-28 13:54:26.435177+03	1466	Document object (1466)	3		7	1
5711	2021-12-28 14:05:22.514223+03	6	PaymentRegister object (6)	3		42	1
5712	2021-12-28 14:05:41.101293+03	1467	Document object (1467)	3		7	1
5713	2021-12-28 14:24:21.217175+03	37080	RemainderHistory object (37080)	3		12	1
5714	2021-12-28 14:24:32.311078+03	449	Cash object (449)	3		21	1
5715	2021-12-28 14:24:38.53575+03	1470	Document object (1470)	3		7	1
5716	2021-12-31 02:50:49.597606+03	74	DailySaleRep object (74)	3		44	1
5717	2021-12-31 02:50:49.613565+03	73	DailySaleRep object (73)	3		44	1
5718	2021-12-31 02:50:49.616554+03	72	DailySaleRep object (72)	3		44	1
5719	2021-12-31 02:50:49.618546+03	71	DailySaleRep object (71)	3		44	1
5720	2021-12-31 02:50:49.62054+03	70	DailySaleRep object (70)	3		44	1
5721	2021-12-31 02:50:49.622535+03	69	DailySaleRep object (69)	3		44	1
5722	2021-12-31 02:50:49.626527+03	68	DailySaleRep object (68)	3		44	1
5723	2021-12-31 02:50:49.628519+03	67	DailySaleRep object (67)	3		44	1
5724	2021-12-31 02:50:49.630519+03	66	DailySaleRep object (66)	3		44	1
5725	2021-12-31 02:50:49.633511+03	65	DailySaleRep object (65)	3		44	1
5726	2021-12-31 02:50:49.635501+03	64	DailySaleRep object (64)	3		44	1
5727	2021-12-31 02:50:49.637496+03	63	DailySaleRep object (63)	3		44	1
5728	2021-12-31 02:50:49.640488+03	62	DailySaleRep object (62)	3		44	1
5729	2021-12-31 02:50:49.642489+03	61	DailySaleRep object (61)	3		44	1
5730	2021-12-31 02:50:49.644477+03	60	DailySaleRep object (60)	3		44	1
5731	2021-12-31 02:50:49.646472+03	59	DailySaleRep object (59)	3		44	1
5732	2021-12-31 02:50:49.648469+03	58	DailySaleRep object (58)	3		44	1
5733	2021-12-31 02:50:49.649464+03	57	DailySaleRep object (57)	3		44	1
5734	2021-12-31 02:50:49.651458+03	56	DailySaleRep object (56)	3		44	1
5735	2021-12-31 02:50:49.653453+03	55	DailySaleRep object (55)	3		44	1
5736	2021-12-31 02:50:49.655448+03	54	DailySaleRep object (54)	3		44	1
5737	2021-12-31 02:50:49.658443+03	53	DailySaleRep object (53)	3		44	1
5738	2021-12-31 02:50:49.659443+03	52	DailySaleRep object (52)	3		44	1
5739	2021-12-31 02:50:49.661432+03	51	DailySaleRep object (51)	3		44	1
5740	2021-12-31 02:50:49.663432+03	50	DailySaleRep object (50)	3		44	1
5741	2021-12-31 02:50:49.665426+03	49	DailySaleRep object (49)	3		44	1
5742	2021-12-31 02:50:49.667415+03	48	DailySaleRep object (48)	3		44	1
5743	2021-12-31 02:50:49.669415+03	47	DailySaleRep object (47)	3		44	1
5744	2021-12-31 02:50:49.670409+03	46	DailySaleRep object (46)	3		44	1
5745	2021-12-31 02:50:49.672403+03	45	DailySaleRep object (45)	3		44	1
5746	2021-12-31 02:50:49.675399+03	44	DailySaleRep object (44)	3		44	1
5747	2021-12-31 02:50:49.678387+03	43	DailySaleRep object (43)	3		44	1
5748	2021-12-31 02:50:49.681429+03	42	DailySaleRep object (42)	3		44	1
5749	2021-12-31 02:50:49.683379+03	41	DailySaleRep object (41)	3		44	1
5750	2021-12-31 02:50:49.685367+03	40	DailySaleRep object (40)	3		44	1
5751	2021-12-31 02:50:49.687363+03	39	DailySaleRep object (39)	3		44	1
5752	2021-12-31 02:50:49.688364+03	38	DailySaleRep object (38)	3		44	1
5753	2021-12-31 02:50:49.691355+03	37	DailySaleRep object (37)	3		44	1
5754	2021-12-31 02:50:49.693351+03	36	DailySaleRep object (36)	3		44	1
5755	2021-12-31 02:50:49.695343+03	35	DailySaleRep object (35)	3		44	1
5756	2021-12-31 02:50:49.697341+03	34	DailySaleRep object (34)	3		44	1
5757	2021-12-31 02:50:49.699331+03	33	DailySaleRep object (33)	3		44	1
5758	2021-12-31 02:50:49.702323+03	32	DailySaleRep object (32)	3		44	1
5759	2021-12-31 02:50:49.703325+03	31	DailySaleRep object (31)	3		44	1
5760	2021-12-31 02:50:49.70532+03	30	DailySaleRep object (30)	3		44	1
5761	2021-12-31 02:50:49.708307+03	29	DailySaleRep object (29)	3		44	1
5762	2021-12-31 02:50:49.710301+03	28	DailySaleRep object (28)	3		44	1
5763	2021-12-31 02:50:49.713295+03	27	DailySaleRep object (27)	3		44	1
5764	2021-12-31 02:50:49.714296+03	26	DailySaleRep object (26)	3		44	1
5765	2021-12-31 02:50:49.716291+03	25	DailySaleRep object (25)	3		44	1
5766	2021-12-31 02:50:49.718286+03	24	DailySaleRep object (24)	3		44	1
5767	2021-12-31 02:50:49.720279+03	23	DailySaleRep object (23)	3		44	1
5768	2021-12-31 02:50:49.722271+03	22	DailySaleRep object (22)	3		44	1
5769	2021-12-31 02:50:49.724264+03	21	DailySaleRep object (21)	3		44	1
5770	2021-12-31 02:50:49.726258+03	20	DailySaleRep object (20)	3		44	1
5771	2021-12-31 02:50:49.728252+03	19	DailySaleRep object (19)	3		44	1
5772	2021-12-31 02:50:49.73025+03	18	DailySaleRep object (18)	3		44	1
5773	2021-12-31 02:50:49.731245+03	17	DailySaleRep object (17)	3		44	1
5774	2021-12-31 02:50:49.73324+03	16	DailySaleRep object (16)	3		44	1
5775	2021-12-31 02:50:49.735234+03	15	DailySaleRep object (15)	3		44	1
5776	2021-12-31 02:50:49.737228+03	14	DailySaleRep object (14)	3		44	1
5777	2021-12-31 02:50:49.739224+03	13	DailySaleRep object (13)	3		44	1
5778	2021-12-31 02:50:49.74122+03	12	DailySaleRep object (12)	3		44	1
5779	2021-12-31 02:50:49.743213+03	11	DailySaleRep object (11)	3		44	1
5780	2021-12-31 02:50:49.745207+03	10	DailySaleRep object (10)	3		44	1
5781	2021-12-31 02:50:49.747202+03	9	DailySaleRep object (9)	3		44	1
5782	2021-12-31 02:50:49.7482+03	8	DailySaleRep object (8)	3		44	1
5783	2021-12-31 02:50:49.750194+03	7	DailySaleRep object (7)	3		44	1
5784	2021-12-31 02:50:49.752189+03	6	DailySaleRep object (6)	3		44	1
5785	2021-12-31 02:50:49.754184+03	5	DailySaleRep object (5)	3		44	1
5786	2021-12-31 02:50:49.756178+03	4	DailySaleRep object (4)	3		44	1
5787	2021-12-31 02:50:49.758174+03	3	DailySaleRep object (3)	3		44	1
5788	2021-12-31 02:50:49.761165+03	2	DailySaleRep object (2)	3		44	1
5789	2021-12-31 02:50:49.763161+03	1	DailySaleRep object (1)	3		44	1
5790	2022-01-01 17:43:33.007328+03	310	DailySaleRep object (310)	3		44	1
5791	2022-01-01 17:43:33.050223+03	309	DailySaleRep object (309)	3		44	1
5792	2022-01-01 17:43:33.052639+03	308	DailySaleRep object (308)	3		44	1
5793	2022-01-01 17:43:33.054067+03	307	DailySaleRep object (307)	3		44	1
5794	2022-01-01 17:43:33.055069+03	306	DailySaleRep object (306)	3		44	1
5795	2022-01-01 17:43:33.057591+03	305	DailySaleRep object (305)	3		44	1
5796	2022-01-01 17:43:33.059288+03	304	DailySaleRep object (304)	3		44	1
5797	2022-01-01 17:43:33.06066+03	303	DailySaleRep object (303)	3		44	1
5798	2022-01-01 17:43:33.062007+03	302	DailySaleRep object (302)	3		44	1
5799	2022-01-01 17:43:33.06332+03	301	DailySaleRep object (301)	3		44	1
5800	2022-01-01 17:43:33.064359+03	300	DailySaleRep object (300)	3		44	1
5801	2022-01-01 17:43:33.066213+03	299	DailySaleRep object (299)	3		44	1
5802	2022-01-01 17:43:33.067685+03	298	DailySaleRep object (298)	3		44	1
5803	2022-01-01 17:43:33.069276+03	297	DailySaleRep object (297)	3		44	1
5804	2022-01-01 17:43:33.070058+03	296	DailySaleRep object (296)	3		44	1
5805	2022-01-01 17:43:33.073057+03	295	DailySaleRep object (295)	3		44	1
5806	2022-01-01 17:43:33.074102+03	294	DailySaleRep object (294)	3		44	1
5807	2022-01-01 17:43:33.076092+03	293	DailySaleRep object (293)	3		44	1
5808	2022-01-01 17:43:33.077835+03	292	DailySaleRep object (292)	3		44	1
5809	2022-01-01 17:43:33.079878+03	291	DailySaleRep object (291)	3		44	1
5810	2022-01-01 17:43:33.081355+03	290	DailySaleRep object (290)	3		44	1
5811	2022-01-01 17:43:33.083085+03	289	DailySaleRep object (289)	3		44	1
5812	2022-01-01 17:43:33.084923+03	288	DailySaleRep object (288)	3		44	1
5813	2022-01-01 17:43:33.086929+03	287	DailySaleRep object (287)	3		44	1
5814	2022-01-01 17:47:43.213377+03	330	DailySaleRep object (330)	3		44	1
5815	2022-01-01 17:47:43.22079+03	329	DailySaleRep object (329)	3		44	1
5816	2022-01-01 17:47:43.222823+03	328	DailySaleRep object (328)	3		44	1
5817	2022-01-01 17:47:43.224434+03	327	DailySaleRep object (327)	3		44	1
5818	2022-01-01 17:50:56.453028+03	334	DailySaleRep object (334)	3		44	1
5819	2022-01-01 17:50:56.46804+03	333	DailySaleRep object (333)	3		44	1
5820	2022-01-01 17:50:56.469984+03	332	DailySaleRep object (332)	3		44	1
5821	2022-01-01 17:50:56.472976+03	331	DailySaleRep object (331)	3		44	1
5822	2022-01-01 17:51:05.271925+03	338	DailySaleRep object (338)	3		44	1
5823	2022-01-01 17:51:05.277558+03	337	DailySaleRep object (337)	3		44	1
5824	2022-01-01 17:51:05.279319+03	336	DailySaleRep object (336)	3		44	1
5825	2022-01-01 17:51:05.280713+03	335	DailySaleRep object (335)	3		44	1
5826	2022-01-01 17:51:10.614212+03	342	DailySaleRep object (342)	3		44	1
5827	2022-01-01 17:51:10.716722+03	341	DailySaleRep object (341)	3		44	1
5828	2022-01-01 17:51:10.721708+03	340	DailySaleRep object (340)	3		44	1
5829	2022-01-01 17:51:10.73269+03	339	DailySaleRep object (339)	3		44	1
5830	2022-01-01 17:55:02.4235+03	366	DailySaleRep object (366)	3		44	1
5831	2022-01-01 17:55:02.428489+03	365	DailySaleRep object (365)	3		44	1
5832	2022-01-01 17:55:02.430484+03	364	DailySaleRep object (364)	3		44	1
5833	2022-01-01 17:55:02.43148+03	363	DailySaleRep object (363)	3		44	1
5834	2022-01-01 18:55:50.395438+03	390	DailySaleRep object (390)	3		44	1
5835	2022-01-01 18:55:50.401421+03	389	DailySaleRep object (389)	3		44	1
5836	2022-01-01 18:55:50.402417+03	388	DailySaleRep object (388)	3		44	1
5837	2022-01-01 18:55:50.403417+03	387	DailySaleRep object (387)	3		44	1
5838	2022-01-01 19:02:30.703903+03	398	DailySaleRep object (398)	3		44	1
5839	2022-01-01 19:02:30.710861+03	397	DailySaleRep object (397)	3		44	1
5840	2022-01-01 19:02:30.712856+03	396	DailySaleRep object (396)	3		44	1
5841	2022-01-01 19:02:30.714851+03	395	DailySaleRep object (395)	3		44	1
5842	2022-01-01 22:04:35.940396+03	486	DailySaleRep object (486)	3		44	1
5843	2022-01-01 22:04:35.963188+03	485	DailySaleRep object (485)	3		44	1
5844	2022-01-01 22:04:35.965283+03	484	DailySaleRep object (484)	3		44	1
5845	2022-01-01 22:04:35.96654+03	483	DailySaleRep object (483)	3		44	1
5846	2022-01-01 22:04:51.100957+03	490	DailySaleRep object (490)	3		44	1
5847	2022-01-01 22:04:51.105944+03	489	DailySaleRep object (489)	3		44	1
5848	2022-01-01 22:04:51.106942+03	488	DailySaleRep object (488)	3		44	1
5849	2022-01-01 22:04:51.107938+03	487	DailySaleRep object (487)	3		44	1
5850	2022-01-01 22:05:08.69819+03	494	DailySaleRep object (494)	3		44	1
5851	2022-01-01 22:05:08.702144+03	493	DailySaleRep object (493)	3		44	1
5852	2022-01-01 22:05:08.704137+03	492	DailySaleRep object (492)	3		44	1
5853	2022-01-01 22:05:08.705171+03	491	DailySaleRep object (491)	3		44	1
5854	2022-01-01 22:06:59.886434+03	506	DailySaleRep object (506)	3		44	1
5855	2022-01-01 22:06:59.890421+03	505	DailySaleRep object (505)	3		44	1
5856	2022-01-01 22:06:59.892415+03	504	DailySaleRep object (504)	3		44	1
5857	2022-01-01 22:06:59.893412+03	503	DailySaleRep object (503)	3		44	1
5858	2022-01-01 22:06:59.895407+03	502	DailySaleRep object (502)	3		44	1
5859	2022-01-01 22:06:59.896404+03	501	DailySaleRep object (501)	3		44	1
5860	2022-01-01 22:06:59.897401+03	500	DailySaleRep object (500)	3		44	1
5861	2022-01-01 22:06:59.899397+03	499	DailySaleRep object (499)	3		44	1
5862	2022-01-01 22:06:59.901394+03	498	DailySaleRep object (498)	3		44	1
5863	2022-01-01 22:06:59.903389+03	497	DailySaleRep object (497)	3		44	1
5864	2022-01-01 22:06:59.905382+03	496	DailySaleRep object (496)	3		44	1
5865	2022-01-01 22:06:59.906378+03	495	DailySaleRep object (495)	3		44	1
5866	2022-01-01 22:07:16.109877+03	510	DailySaleRep object (510)	3		44	1
5867	2022-01-01 22:07:16.142118+03	509	DailySaleRep object (509)	3		44	1
5868	2022-01-01 22:07:16.147046+03	508	DailySaleRep object (508)	3		44	1
5869	2022-01-01 22:07:16.151052+03	507	DailySaleRep object (507)	3		44	1
5870	2022-01-02 13:37:41.090017+03	380	RemainderCurrent object (380)	3		13	1
5871	2022-01-02 13:37:53.817917+03	1475	Document object (1475)	3		7	1
5872	2022-01-02 13:41:16.208234+03	1476	Document object (1476)	3		7	1
5873	2022-01-02 13:49:44.574975+03	1480	Document object (1480)	3		7	1
5874	2022-01-02 13:49:44.586385+03	1479	Document object (1479)	3		7	1
5875	2022-01-02 13:49:44.58844+03	1478	Document object (1478)	3		7	1
5876	2022-01-02 13:49:44.589493+03	1477	Document object (1477)	3		7	1
5877	2022-01-02 13:50:45.320631+03	37123	RemainderHistory object (37123)	3		12	1
5878	2022-01-02 13:50:45.324263+03	37122	RemainderHistory object (37122)	3		12	1
5879	2022-01-02 13:50:45.325252+03	37121	RemainderHistory object (37121)	3		12	1
5880	2022-01-02 13:50:45.327173+03	37120	RemainderHistory object (37120)	3		12	1
5881	2022-01-02 13:50:45.32838+03	37119	RemainderHistory object (37119)	3		12	1
5882	2022-01-02 13:50:45.329575+03	37118	RemainderHistory object (37118)	3		12	1
5883	2022-01-02 13:50:45.3307+03	37117	RemainderHistory object (37117)	3		12	1
5884	2022-01-02 13:50:45.331703+03	37116	RemainderHistory object (37116)	3		12	1
5885	2022-01-02 13:50:45.332699+03	37115	RemainderHistory object (37115)	3		12	1
5886	2022-01-02 13:50:45.333698+03	37114	RemainderHistory object (37114)	3		12	1
5887	2022-01-02 13:50:45.335692+03	37113	RemainderHistory object (37113)	3		12	1
5888	2022-01-02 13:50:45.336801+03	37112	RemainderHistory object (37112)	3		12	1
5889	2022-01-02 13:50:45.337895+03	37111	RemainderHistory object (37111)	3		12	1
5890	2022-01-02 13:50:45.338994+03	37110	RemainderHistory object (37110)	3		12	1
5891	2022-01-02 13:50:45.340116+03	37109	RemainderHistory object (37109)	3		12	1
5892	2022-01-02 13:50:45.341308+03	37108	RemainderHistory object (37108)	3		12	1
5893	2022-01-02 13:50:45.342893+03	37107	RemainderHistory object (37107)	3		12	1
5894	2022-01-02 13:50:45.343984+03	37106	RemainderHistory object (37106)	3		12	1
5895	2022-01-02 13:50:45.345084+03	37105	RemainderHistory object (37105)	3		12	1
5896	2022-01-02 13:50:45.346151+03	37104	RemainderHistory object (37104)	3		12	1
5897	2022-01-02 13:50:45.346656+03	37103	RemainderHistory object (37103)	3		12	1
5898	2022-01-02 13:50:45.348373+03	37102	RemainderHistory object (37102)	3		12	1
5899	2022-01-02 13:50:45.349375+03	37101	RemainderHistory object (37101)	3		12	1
5900	2022-01-02 13:50:45.350378+03	37100	RemainderHistory object (37100)	3		12	1
5901	2022-01-02 13:50:45.351567+03	37099	RemainderHistory object (37099)	3		12	1
5902	2022-01-02 13:50:45.352675+03	37098	RemainderHistory object (37098)	3		12	1
5903	2022-01-02 13:50:45.353621+03	37097	RemainderHistory object (37097)	3		12	1
5904	2022-01-02 13:50:45.354625+03	37096	RemainderHistory object (37096)	3		12	1
5905	2022-01-02 13:50:45.355828+03	37095	RemainderHistory object (37095)	3		12	1
5906	2022-01-02 13:50:45.356919+03	37094	RemainderHistory object (37094)	3		12	1
5907	2022-01-02 13:50:45.357876+03	37093	RemainderHistory object (37093)	3		12	1
5908	2022-01-02 13:50:45.359263+03	37092	RemainderHistory object (37092)	3		12	1
5909	2022-01-02 13:50:45.360487+03	37091	RemainderHistory object (37091)	3		12	1
5910	2022-01-02 13:50:45.361637+03	37090	RemainderHistory object (37090)	3		12	1
5911	2022-01-02 13:50:45.362639+03	37089	RemainderHistory object (37089)	3		12	1
5912	2022-01-02 13:50:45.363635+03	37088	RemainderHistory object (37088)	3		12	1
5913	2022-01-02 13:50:45.36485+03	37087	RemainderHistory object (37087)	3		12	1
5914	2022-01-02 13:51:29.273664+03	417	RemainderCurrent object (417)	3		13	1
5915	2022-01-02 13:51:29.277652+03	416	RemainderCurrent object (416)	3		13	1
5916	2022-01-02 13:51:29.279468+03	415	RemainderCurrent object (415)	3		13	1
5917	2022-01-02 13:51:29.28076+03	414	RemainderCurrent object (414)	3		13	1
5918	2022-01-02 13:51:29.28228+03	413	RemainderCurrent object (413)	3		13	1
5919	2022-01-02 13:51:29.283319+03	412	RemainderCurrent object (412)	3		13	1
5920	2022-01-02 13:51:29.284316+03	411	RemainderCurrent object (411)	3		13	1
5921	2022-01-02 13:51:29.285283+03	410	RemainderCurrent object (410)	3		13	1
5922	2022-01-02 13:51:29.287282+03	409	RemainderCurrent object (409)	3		13	1
5923	2022-01-02 13:51:29.289276+03	408	RemainderCurrent object (408)	3		13	1
5924	2022-01-02 13:51:29.290606+03	407	RemainderCurrent object (407)	3		13	1
5925	2022-01-02 13:51:29.291784+03	406	RemainderCurrent object (406)	3		13	1
5926	2022-01-02 13:51:29.292848+03	405	RemainderCurrent object (405)	3		13	1
5927	2022-01-02 13:51:29.293849+03	404	RemainderCurrent object (404)	3		13	1
5928	2022-01-02 13:51:29.294846+03	403	RemainderCurrent object (403)	3		13	1
5929	2022-01-02 13:51:29.295994+03	402	RemainderCurrent object (402)	3		13	1
5930	2022-01-02 13:51:29.296995+03	401	RemainderCurrent object (401)	3		13	1
5931	2022-01-02 13:51:29.297992+03	400	RemainderCurrent object (400)	3		13	1
5932	2022-01-02 13:51:29.298989+03	399	RemainderCurrent object (399)	3		13	1
5933	2022-01-02 13:51:29.300638+03	398	RemainderCurrent object (398)	3		13	1
5934	2022-01-02 13:51:29.301639+03	397	RemainderCurrent object (397)	3		13	1
5935	2022-01-02 13:51:29.302639+03	396	RemainderCurrent object (396)	3		13	1
5936	2022-01-02 13:51:29.30463+03	395	RemainderCurrent object (395)	3		13	1
5937	2022-01-02 13:51:29.305627+03	394	RemainderCurrent object (394)	3		13	1
5938	2022-01-02 13:51:29.306893+03	393	RemainderCurrent object (393)	3		13	1
5939	2022-01-02 13:51:29.307448+03	392	RemainderCurrent object (392)	3		13	1
5940	2022-01-02 13:51:29.308485+03	391	RemainderCurrent object (391)	3		13	1
5941	2022-01-02 13:51:29.310182+03	390	RemainderCurrent object (390)	3		13	1
5942	2022-01-02 13:51:29.311283+03	389	RemainderCurrent object (389)	3		13	1
5943	2022-01-02 13:51:29.31234+03	388	RemainderCurrent object (388)	3		13	1
5944	2022-01-02 13:51:29.312841+03	387	RemainderCurrent object (387)	3		13	1
5945	2022-01-02 13:51:29.313844+03	386	RemainderCurrent object (386)	3		13	1
5946	2022-01-02 13:51:29.315837+03	385	RemainderCurrent object (385)	3		13	1
5947	2022-01-02 13:51:29.316833+03	384	RemainderCurrent object (384)	3		13	1
5948	2022-01-02 13:51:29.317831+03	383	RemainderCurrent object (383)	3		13	1
5949	2022-01-02 13:51:29.319825+03	382	RemainderCurrent object (382)	3		13	1
5950	2022-01-02 13:51:29.320826+03	381	RemainderCurrent object (381)	3		13	1
5951	2022-01-02 13:51:49.619793+03	1480	Document object (1480)	3		7	1
5952	2022-01-02 13:51:49.629218+03	1479	Document object (1479)	3		7	1
5953	2022-01-02 13:51:49.630793+03	1478	Document object (1478)	3		7	1
5954	2022-01-02 13:51:49.6327+03	1477	Document object (1477)	3		7	1
5955	2022-01-02 14:15:15.042595+03	37160	RemainderHistory object (37160)	3		12	1
5956	2022-01-02 14:15:15.049902+03	37159	RemainderHistory object (37159)	3		12	1
5957	2022-01-02 14:15:15.051477+03	37158	RemainderHistory object (37158)	3		12	1
5958	2022-01-02 14:15:15.052677+03	37157	RemainderHistory object (37157)	3		12	1
5959	2022-01-02 14:15:15.053906+03	37156	RemainderHistory object (37156)	3		12	1
5960	2022-01-02 14:15:15.054909+03	37155	RemainderHistory object (37155)	3		12	1
5961	2022-01-02 14:15:15.055939+03	37154	RemainderHistory object (37154)	3		12	1
5962	2022-01-02 14:15:15.057311+03	37153	RemainderHistory object (37153)	3		12	1
5963	2022-01-02 14:15:15.058416+03	37152	RemainderHistory object (37152)	3		12	1
5964	2022-01-02 14:15:15.058937+03	37151	RemainderHistory object (37151)	3		12	1
5965	2022-01-02 14:15:15.059974+03	37150	RemainderHistory object (37150)	3		12	1
5966	2022-01-02 14:15:15.061934+03	37149	RemainderHistory object (37149)	3		12	1
5967	2022-01-02 14:15:15.062931+03	37148	RemainderHistory object (37148)	3		12	1
5968	2022-01-02 14:15:15.064931+03	37147	RemainderHistory object (37147)	3		12	1
5969	2022-01-02 14:15:15.065929+03	37146	RemainderHistory object (37146)	3		12	1
5970	2022-01-02 14:15:15.067042+03	37145	RemainderHistory object (37145)	3		12	1
5971	2022-01-02 14:15:15.068149+03	37144	RemainderHistory object (37144)	3		12	1
5972	2022-01-02 14:15:15.069237+03	37143	RemainderHistory object (37143)	3		12	1
5973	2022-01-02 14:15:15.070306+03	37142	RemainderHistory object (37142)	3		12	1
5974	2022-01-02 14:15:15.071369+03	37141	RemainderHistory object (37141)	3		12	1
5975	2022-01-02 14:15:15.072452+03	37140	RemainderHistory object (37140)	3		12	1
5976	2022-01-02 14:15:15.073452+03	37139	RemainderHistory object (37139)	3		12	1
5977	2022-01-02 14:15:15.07445+03	37138	RemainderHistory object (37138)	3		12	1
5978	2022-01-02 14:15:15.074937+03	37137	RemainderHistory object (37137)	3		12	1
5979	2022-01-02 14:15:15.075974+03	37136	RemainderHistory object (37136)	3		12	1
5980	2022-01-02 14:15:15.077773+03	37135	RemainderHistory object (37135)	3		12	1
5981	2022-01-02 14:15:15.079238+03	37134	RemainderHistory object (37134)	3		12	1
5982	2022-01-02 14:15:15.080521+03	37133	RemainderHistory object (37133)	3		12	1
5983	2022-01-02 14:15:15.081624+03	37132	RemainderHistory object (37132)	3		12	1
5984	2022-01-02 14:15:15.082625+03	37131	RemainderHistory object (37131)	3		12	1
5985	2022-01-02 14:15:15.083622+03	37130	RemainderHistory object (37130)	3		12	1
5986	2022-01-02 14:15:15.084605+03	37129	RemainderHistory object (37129)	3		12	1
5987	2022-01-02 14:15:15.085606+03	37128	RemainderHistory object (37128)	3		12	1
5988	2022-01-02 14:15:15.086606+03	37127	RemainderHistory object (37127)	3		12	1
5989	2022-01-02 14:15:15.087775+03	37126	RemainderHistory object (37126)	3		12	1
5990	2022-01-02 14:15:15.088842+03	37125	RemainderHistory object (37125)	3		12	1
5991	2022-01-02 14:15:15.089939+03	37124	RemainderHistory object (37124)	3		12	1
5992	2022-01-02 14:15:24.342615+03	1481	Document object (1481)	3		7	1
5993	2022-01-02 14:18:30.132714+03	37197	RemainderHistory object (37197)	3		12	1
5994	2022-01-02 14:18:30.135703+03	37196	RemainderHistory object (37196)	3		12	1
5995	2022-01-02 14:18:30.136701+03	37195	RemainderHistory object (37195)	3		12	1
5996	2022-01-02 14:18:30.137698+03	37194	RemainderHistory object (37194)	3		12	1
5997	2022-01-02 14:18:30.138732+03	37193	RemainderHistory object (37193)	3		12	1
5998	2022-01-02 14:18:30.14069+03	37192	RemainderHistory object (37192)	3		12	1
5999	2022-01-02 14:18:30.141688+03	37191	RemainderHistory object (37191)	3		12	1
6000	2022-01-02 14:18:30.142685+03	37190	RemainderHistory object (37190)	3		12	1
6001	2022-01-02 14:18:30.143719+03	37189	RemainderHistory object (37189)	3		12	1
6002	2022-01-02 14:18:30.144717+03	37188	RemainderHistory object (37188)	3		12	1
6003	2022-01-02 14:18:30.146674+03	37187	RemainderHistory object (37187)	3		12	1
6004	2022-01-02 14:18:30.147671+03	37186	RemainderHistory object (37186)	3		12	1
6005	2022-01-02 14:18:30.148669+03	37185	RemainderHistory object (37185)	3		12	1
6006	2022-01-02 14:18:30.149666+03	37184	RemainderHistory object (37184)	3		12	1
6007	2022-01-02 14:18:30.150663+03	37183	RemainderHistory object (37183)	3		12	1
6008	2022-01-02 14:18:30.15166+03	37182	RemainderHistory object (37182)	3		12	1
6009	2022-01-02 14:18:30.152659+03	37181	RemainderHistory object (37181)	3		12	1
6010	2022-01-02 14:18:30.153656+03	37180	RemainderHistory object (37180)	3		12	1
6011	2022-01-02 14:18:30.155715+03	37179	RemainderHistory object (37179)	3		12	1
6012	2022-01-02 14:18:30.156694+03	37178	RemainderHistory object (37178)	3		12	1
6013	2022-01-02 14:18:30.157697+03	37177	RemainderHistory object (37177)	3		12	1
6014	2022-01-02 14:18:30.159691+03	37176	RemainderHistory object (37176)	3		12	1
6015	2022-01-02 14:18:30.160689+03	37175	RemainderHistory object (37175)	3		12	1
6016	2022-01-02 14:18:30.161859+03	37174	RemainderHistory object (37174)	3		12	1
6017	2022-01-02 14:18:30.162958+03	37173	RemainderHistory object (37173)	3		12	1
6018	2022-01-02 14:18:30.164022+03	37172	RemainderHistory object (37172)	3		12	1
6019	2022-01-02 14:18:30.165089+03	37171	RemainderHistory object (37171)	3		12	1
6020	2022-01-02 14:18:30.166153+03	37170	RemainderHistory object (37170)	3		12	1
6021	2022-01-02 14:18:30.16721+03	37169	RemainderHistory object (37169)	3		12	1
6022	2022-01-02 14:18:30.168275+03	37168	RemainderHistory object (37168)	3		12	1
6023	2022-01-02 14:18:30.169421+03	37167	RemainderHistory object (37167)	3		12	1
6024	2022-01-02 14:18:30.170567+03	37166	RemainderHistory object (37166)	3		12	1
6025	2022-01-02 14:18:30.171657+03	37165	RemainderHistory object (37165)	3		12	1
6026	2022-01-02 14:18:30.172642+03	37164	RemainderHistory object (37164)	3		12	1
6027	2022-01-02 14:18:30.173642+03	37163	RemainderHistory object (37163)	3		12	1
6028	2022-01-02 14:18:30.174677+03	37162	RemainderHistory object (37162)	3		12	1
6029	2022-01-02 14:18:30.175674+03	37161	RemainderHistory object (37161)	3		12	1
6030	2022-01-02 14:18:39.626987+03	1482	Document object (1482)	3		7	1
6031	2022-01-05 02:23:45.331239+03	2	Правдинск	2	[{"changed": {"fields": ["Sale k"]}}]	16	1
6032	2022-01-07 02:33:02.60055+03	1	NetMaster	2	[]	4	1
6033	2022-01-07 13:02:47.749673+03	2	Правдинск	2	[{"changed": {"fields": ["Sale k"]}}]	16	1
6034	2022-01-07 13:12:43.131965+03	3	Дзержинск	2	[{"changed": {"fields": ["Sale k"]}}]	16	1
6035	2022-01-07 13:14:59.239099+03	2	Правдинск	2	[{"changed": {"fields": ["Sale k"]}}]	16	1
6036	2022-01-07 13:15:27.682603+03	2	Правдинск	2	[{"changed": {"fields": ["Sale k"]}}]	16	1
6037	2022-01-07 13:15:46.301973+03	3	Дзержинск	2	[{"changed": {"fields": ["Sale k"]}}]	16	1
6038	2022-01-07 13:16:13.682908+03	2	Правдинск	2	[{"changed": {"fields": ["Sale k"]}}]	16	1
6039	2022-01-07 13:17:34.304258+03	2	Правдинск	2	[{"changed": {"fields": ["Sale k"]}}]	16	1
6040	2022-01-07 13:34:31.733882+03	3	Дзержинск	2	[{"changed": {"fields": ["Sale k"]}}]	16	1
6041	2022-01-07 13:34:46.226038+03	3	Дзержинск	2	[{"changed": {"fields": ["Sale k"]}}]	16	1
6042	2022-01-07 13:35:04.255558+03	2	Правдинск	2	[{"changed": {"fields": ["Sale k"]}}]	16	1
6043	2022-01-07 13:35:16.387926+03	2	Правдинск	2	[{"changed": {"fields": ["Sale k"]}}]	16	1
6044	2022-01-07 13:39:42.170775+03	377	RemainderCurrent object (377)	3		13	1
6045	2022-01-07 13:39:42.179173+03	376	RemainderCurrent object (376)	3		13	1
6046	2022-01-09 03:46:00.577776+03	429	RemainderCurrent object (429)	2	[{"changed": {"fields": ["Current remainder", "Av price", "Total av price"]}}]	13	1
6047	2022-01-09 03:50:15.313315+03	68	AvPrice object (68)	3		29	1
6048	2022-01-09 03:50:15.320502+03	67	AvPrice object (67)	3		29	1
6049	2022-01-09 03:50:15.321929+03	66	AvPrice object (66)	3		29	1
6050	2022-01-09 03:50:15.32302+03	65	AvPrice object (65)	3		29	1
6051	2022-01-09 03:50:15.324022+03	64	AvPrice object (64)	3		29	1
6052	2022-01-09 03:50:15.326016+03	63	AvPrice object (63)	3		29	1
6053	2022-01-09 03:50:15.328011+03	62	AvPrice object (62)	3		29	1
6054	2022-01-09 03:50:15.329007+03	61	AvPrice object (61)	3		29	1
6055	2022-01-09 03:50:15.330005+03	60	AvPrice object (60)	3		29	1
6056	2022-01-09 03:50:15.331069+03	59	AvPrice object (59)	3		29	1
6057	2022-01-09 03:50:15.333274+03	58	AvPrice object (58)	3		29	1
6058	2022-01-09 03:50:15.334341+03	57	AvPrice object (57)	3		29	1
6059	2022-01-09 03:50:15.335555+03	56	AvPrice object (56)	3		29	1
6060	2022-01-09 03:50:15.336662+03	55	AvPrice object (55)	3		29	1
6061	2022-01-09 03:50:15.33775+03	54	AvPrice object (54)	3		29	1
6062	2022-01-09 03:50:15.338851+03	53	AvPrice object (53)	3		29	1
6063	2022-01-09 03:50:15.340012+03	52	AvPrice object (52)	3		29	1
6064	2022-01-09 03:50:15.341013+03	51	AvPrice object (51)	3		29	1
6065	2022-01-09 03:50:15.343009+03	50	AvPrice object (50)	3		29	1
6066	2022-01-09 03:50:15.344006+03	49	AvPrice object (49)	3		29	1
6067	2022-01-09 03:50:15.345039+03	48	AvPrice object (48)	3		29	1
6068	2022-01-09 03:50:15.346929+03	47	AvPrice object (47)	3		29	1
6069	2022-01-09 03:50:15.347931+03	46	AvPrice object (46)	3		29	1
6070	2022-01-09 03:50:15.348928+03	45	AvPrice object (45)	3		29	1
6071	2022-01-09 03:50:15.350679+03	44	AvPrice object (44)	3		29	1
6072	2022-01-09 03:50:15.35179+03	43	AvPrice object (43)	3		29	1
6073	2022-01-09 03:50:15.352841+03	42	AvPrice object (42)	3		29	1
6074	2022-01-09 03:50:15.355098+03	41	AvPrice object (41)	3		29	1
6075	2022-01-09 03:50:15.356893+03	40	AvPrice object (40)	3		29	1
6076	2022-01-09 03:50:15.357894+03	39	AvPrice object (39)	3		29	1
6077	2022-01-09 03:50:15.358892+03	38	AvPrice object (38)	3		29	1
6078	2022-01-09 03:50:15.360886+03	37	AvPrice object (37)	3		29	1
6079	2022-01-09 03:50:15.363441+03	36	AvPrice object (36)	3		29	1
6080	2022-01-09 03:50:15.365439+03	35	AvPrice object (35)	3		29	1
6081	2022-01-09 03:50:15.366774+03	34	AvPrice object (34)	3		29	1
6082	2022-01-09 03:50:15.367778+03	33	AvPrice object (33)	3		29	1
6083	2022-01-09 03:50:15.369355+03	32	AvPrice object (32)	3		29	1
6084	2022-01-09 03:54:13.514721+03	429	RemainderCurrent object (429)	2	[{"changed": {"fields": ["Current remainder"]}}]	13	1
6085	2022-01-09 21:38:00.045823+03	458	RemainderCurrent object (458)	2	[{"changed": {"fields": ["Av price", "Total av price", "Retail price"]}}]	13	1
6086	2022-01-09 21:48:36.84223+03	71	AvPrice object (71)	2	[{"changed": {"fields": ["Current remainder"]}}]	29	1
6087	2022-01-09 21:48:57.763818+03	71	AvPrice object (71)	2	[{"changed": {"fields": ["Sum"]}}]	29	1
6088	2022-01-09 23:43:46.110614+03	37626	RemainderHistory object (37626)	2	[{"changed": {"fields": ["Supplier", "Pre remainder"]}}]	12	1
6089	2022-01-09 23:43:58.36031+03	37626	RemainderHistory object (37626)	2	[{"changed": {"fields": ["Current remainder"]}}]	12	1
6090	2022-01-09 23:44:36.798023+03	456	RemainderCurrent object (456)	2	[{"changed": {"fields": ["Category", "Current remainder", "Av price", "Total av price"]}}]	13	1
6091	2022-01-09 23:45:02.307772+03	375	RemainderCurrent object (375)	2	[{"changed": {"fields": ["Av price", "Total av price"]}}]	13	1
6092	2022-01-09 23:45:10.157394+03	372	RemainderCurrent object (372)	2	[{"changed": {"fields": ["Av price", "Total av price"]}}]	13	1
6093	2022-01-09 23:49:10.427224+03	455	RemainderCurrent object (455)	2	[{"changed": {"fields": ["Category"]}}]	13	1
6094	2022-01-09 23:49:38.397339+03	69	AvPrice object (69)	2	[{"changed": {"fields": ["Current remainder"]}}]	29	1
6095	2022-01-09 23:49:44.871604+03	69	AvPrice object (69)	3		29	1
6096	2022-01-10 00:29:45.596884+03	456	RemainderCurrent object (456)	2	[{"changed": {"fields": ["Retail price"]}}]	13	1
6097	2022-01-10 02:11:20.025511+03	370	RemainderCurrent object (370)	2	[{"changed": {"fields": ["Retail price"]}}]	13	1
6098	2022-01-10 02:11:27.456159+03	371	RemainderCurrent object (371)	2	[{"changed": {"fields": ["Retail price"]}}]	13	1
6099	2022-01-10 02:59:51.467069+03	2630	Identifier object (2630)	3		8	1
6100	2022-01-10 02:59:51.484011+03	2629	Identifier object (2629)	3		8	1
6101	2022-01-10 02:59:51.485423+03	2628	Identifier object (2628)	3		8	1
6102	2022-01-10 02:59:51.486681+03	2627	Identifier object (2627)	3		8	1
6103	2022-01-10 02:59:51.487902+03	2607	Identifier object (2607)	3		8	1
6104	2022-01-10 02:59:51.489101+03	2589	Identifier object (2589)	3		8	1
6105	2022-01-10 02:59:51.489628+03	2588	Identifier object (2588)	3		8	1
6106	2022-01-10 02:59:51.490665+03	2587	Identifier object (2587)	3		8	1
6107	2022-01-10 02:59:51.493017+03	2560	Identifier object (2560)	3		8	1
6108	2022-01-10 03:02:21.771785+03	374	RemainderCurrent object (374)	3		13	1
6109	2022-01-10 03:02:21.786179+03	373	RemainderCurrent object (373)	3		13	1
6110	2022-01-10 03:03:21.746707+03	37072	RemainderHistory object (37072)	3		12	1
6111	2022-01-10 03:04:44.942554+03	37750	RemainderHistory object (37750)	3		12	1
6112	2022-01-10 03:04:56.11463+03	372	RemainderCurrent object (372)	3		13	1
6113	2022-01-10 03:05:02.528715+03	1517	Document object (1517)	3		7	1
6114	2022-01-11 01:25:58.987228+03	457	RemainderCurrent object (457)	2	[{"changed": {"fields": ["Retail price"]}}]	13	1
6115	2022-01-11 01:32:30.216716+03	1521	Document object (1521)	3		7	1
6116	2022-01-11 01:32:30.231087+03	1520	Document object (1520)	3		7	1
6117	2022-01-11 01:33:35.220583+03	1522	Document object (1522)	3		7	1
6118	2022-01-12 00:57:37.659842+03	1531	Document object (1531)	3		7	1
6119	2022-01-12 00:57:37.688863+03	1528	Document object (1528)	3		7	1
6120	2022-01-12 00:57:37.690274+03	1527	Document object (1527)	3		7	1
6121	2022-01-12 00:57:37.691413+03	1523	Document object (1523)	3		7	1
6122	2022-01-12 00:58:52.048874+03	37627	RemainderHistory object (37627)	3		12	1
6123	2022-01-12 00:59:02.87998+03	457	RemainderCurrent object (457)	3		13	1
6124	2022-01-12 00:59:02.884972+03	462	RemainderCurrent object (462)	3		13	1
6125	2022-01-12 00:59:14.803183+03	1508	Document object (1508)	3		7	1
6126	2022-01-12 01:01:34.277566+03	70	AvPrice object (70)	3		29	1
6127	2022-01-12 01:02:00.716822+03	37760	RemainderHistory object (37760)	3		12	1
6128	2022-01-12 01:02:17.922908+03	464	RemainderCurrent object (464)	3		13	1
6129	2022-01-12 01:02:17.927894+03	463	RemainderCurrent object (463)	3		13	1
6130	2022-01-12 01:02:50.493029+03	1534	Document object (1534)	3		7	1
6131	2022-01-12 01:35:09.176741+03	466	RemainderCurrent object (466)	3		13	1
6132	2022-01-12 15:21:04.430204+03	111	AvPrice object (111)	3		29	1
6133	2022-01-12 15:22:36.496705+03	37779	RemainderHistory object (37779)	3		12	1
6134	2022-01-12 15:23:49.939489+03	1547	Document object (1547)	3		7	1
6135	2022-01-12 15:25:35.906699+03	1547	Document object (1547)	3		7	1
6136	2022-01-12 15:25:49.979785+03	6548	Register object (6548)	3		14	1
6137	2022-01-12 15:26:05.57887+03	1547	Document object (1547)	3		7	1
6138	2022-01-12 15:26:33.356341+03	112	AvPrice object (112)	3		29	1
6139	2022-01-18 11:12:52.759398+03	37872	RemainderHistory object (37872)	3		12	1
6140	2022-01-18 11:12:52.790623+03	37871	RemainderHistory object (37871)	3		12	1
6141	2022-01-18 11:12:52.793617+03	37869	RemainderHistory object (37869)	3		12	1
6142	2022-01-18 11:12:52.796804+03	37868	RemainderHistory object (37868)	3		12	1
6143	2022-01-18 11:12:52.799568+03	37867	RemainderHistory object (37867)	3		12	1
6144	2022-01-18 11:12:52.804504+03	37866	RemainderHistory object (37866)	3		12	1
6145	2022-01-18 11:12:52.80949+03	37865	RemainderHistory object (37865)	3		12	1
6146	2022-01-18 11:12:52.813481+03	37864	RemainderHistory object (37864)	3		12	1
6147	2022-01-18 11:12:52.817469+03	37863	RemainderHistory object (37863)	3		12	1
6148	2022-01-18 11:12:52.822463+03	37862	RemainderHistory object (37862)	3		12	1
6149	2022-01-18 11:12:52.828443+03	37861	RemainderHistory object (37861)	3		12	1
6150	2022-01-18 11:12:52.833449+03	37860	RemainderHistory object (37860)	3		12	1
6151	2022-01-18 11:12:52.837429+03	37859	RemainderHistory object (37859)	3		12	1
6152	2022-01-18 11:12:52.844401+03	37858	RemainderHistory object (37858)	3		12	1
6153	2022-01-18 11:12:52.850436+03	37857	RemainderHistory object (37857)	3		12	1
6154	2022-01-18 11:12:52.853515+03	37856	RemainderHistory object (37856)	3		12	1
6155	2022-01-18 11:12:52.859568+03	37855	RemainderHistory object (37855)	3		12	1
6156	2022-01-18 11:12:52.863557+03	37854	RemainderHistory object (37854)	3		12	1
6157	2022-01-18 11:12:52.867649+03	37853	RemainderHistory object (37853)	3		12	1
6158	2022-01-18 11:12:52.871623+03	37852	RemainderHistory object (37852)	3		12	1
6159	2022-01-18 11:12:52.875892+03	37851	RemainderHistory object (37851)	3		12	1
6160	2022-01-18 11:12:52.880948+03	37850	RemainderHistory object (37850)	3		12	1
6161	2022-01-18 11:12:52.883871+03	37849	RemainderHistory object (37849)	3		12	1
6162	2022-01-18 11:12:52.88887+03	37848	RemainderHistory object (37848)	3		12	1
6163	2022-01-18 11:12:52.89286+03	37847	RemainderHistory object (37847)	3		12	1
6164	2022-01-18 11:13:04.692722+03	37846	RemainderHistory object (37846)	3		12	1
6165	2022-01-18 11:13:04.699704+03	37845	RemainderHistory object (37845)	3		12	1
6166	2022-01-18 11:13:04.71469+03	37844	RemainderHistory object (37844)	3		12	1
6167	2022-01-18 11:13:04.715693+03	37842	RemainderHistory object (37842)	3		12	1
6168	2022-01-18 11:13:04.71821+03	37841	RemainderHistory object (37841)	3		12	1
6169	2022-01-18 11:13:04.71949+03	37840	RemainderHistory object (37840)	3		12	1
6170	2022-01-18 11:13:04.720736+03	37839	RemainderHistory object (37839)	3		12	1
6171	2022-01-18 11:13:34.991477+03	517	Cash object (517)	3		21	1
6172	2022-01-18 11:13:34.999465+03	516	Cash object (516)	3		21	1
6173	2022-01-18 11:13:35.001457+03	515	Cash object (515)	3		21	1
6174	2022-01-18 11:13:35.003451+03	514	Cash object (514)	3		21	1
6175	2022-01-18 11:13:35.013494+03	513	Cash object (513)	3		21	1
6176	2022-01-18 11:13:35.015494+03	512	Cash object (512)	3		21	1
6177	2022-01-18 11:13:35.018487+03	511	Cash object (511)	3		21	1
6178	2022-01-18 11:13:35.020179+03	510	Cash object (510)	3		21	1
6179	2022-01-18 11:13:35.021392+03	509	Cash object (509)	3		21	1
6180	2022-01-18 11:13:35.022602+03	508	Cash object (508)	3		21	1
6181	2022-01-18 11:13:35.02386+03	507	Cash object (507)	3		21	1
6182	2022-01-18 11:13:35.025313+03	506	Cash object (506)	3		21	1
6183	2022-01-18 11:13:35.026315+03	505	Cash object (505)	3		21	1
6184	2022-01-18 11:13:35.02831+03	503	Cash object (503)	3		21	1
6185	2022-01-18 11:13:43.182865+03	55	Credit object (55)	3		23	1
6186	2022-01-18 11:13:43.187554+03	54	Credit object (54)	3		23	1
6187	2022-01-18 11:13:50.884761+03	103	Card object (103)	3		24	1
6188	2022-01-18 11:13:50.88875+03	102	Card object (102)	3		24	1
6189	2022-01-18 11:13:50.889748+03	101	Card object (101)	3		24	1
6190	2022-01-18 11:13:50.891742+03	100	Card object (100)	3		24	1
6191	2022-01-18 11:14:15.474186+03	1595	Document object (1595)	3		7	1
6192	2022-01-18 11:14:15.480983+03	1594	Document object (1594)	3		7	1
6193	2022-01-18 11:14:15.481633+03	1593	Document object (1593)	3		7	1
6194	2022-01-18 11:14:15.483742+03	1592	Document object (1592)	3		7	1
6195	2022-01-18 11:14:15.484981+03	1591	Document object (1591)	3		7	1
6196	2022-01-18 11:14:15.486112+03	1590	Document object (1590)	3		7	1
6197	2022-01-18 11:14:15.487113+03	1589	Document object (1589)	3		7	1
6198	2022-01-18 11:14:15.489113+03	1588	Document object (1588)	3		7	1
6199	2022-01-18 11:14:15.490107+03	1587	Document object (1587)	3		7	1
6200	2022-01-18 11:14:15.4921+03	1586	Document object (1586)	3		7	1
6201	2022-01-18 11:14:15.49311+03	1585	Document object (1585)	3		7	1
6202	2022-01-18 11:14:15.494251+03	1584	Document object (1584)	3		7	1
6203	2022-01-18 11:14:15.49543+03	1583	Document object (1583)	3		7	1
6204	2022-01-18 11:14:15.496507+03	1582	Document object (1582)	3		7	1
6205	2022-01-18 11:14:15.497598+03	1581	Document object (1581)	3		7	1
6206	2022-01-18 11:14:15.498586+03	1580	Document object (1580)	3		7	1
6207	2022-01-18 11:14:15.499908+03	1579	Document object (1579)	3		7	1
6208	2022-01-18 11:14:15.501015+03	1578	Document object (1578)	3		7	1
6209	2022-01-18 11:14:15.50212+03	1577	Document object (1577)	3		7	1
6210	2022-01-18 11:14:15.503142+03	1576	Document object (1576)	3		7	1
6211	2022-01-18 11:14:15.504112+03	1575	Document object (1575)	3		7	1
6212	2022-01-18 11:14:15.506112+03	1557	Document object (1557)	3		7	1
6213	2022-01-18 11:14:45.707804+03	6754	Register object (6754)	3		14	1
6214	2022-01-18 11:14:45.713786+03	6700	Register object (6700)	3		14	1
6215	2022-01-18 11:14:45.714786+03	6699	Register object (6699)	3		14	1
6216	2022-01-18 11:14:45.716778+03	6695	Register object (6695)	3		14	1
6217	2022-01-18 11:14:45.717776+03	6694	Register object (6694)	3		14	1
6218	2022-01-18 11:14:59.974801+03	2804	Identifier object (2804)	3		8	1
6219	2022-01-18 11:14:59.984775+03	2793	Identifier object (2793)	3		8	1
6220	2022-01-18 11:14:59.985773+03	2786	Identifier object (2786)	3		8	1
6221	2022-01-18 11:14:59.987767+03	2779	Identifier object (2779)	3		8	1
6222	2022-01-18 11:14:59.988763+03	2772	Identifier object (2772)	3		8	1
6223	2022-01-18 11:15:16.07344+03	1595	Document object (1595)	3		7	1
6224	2022-01-18 11:15:16.07739+03	1594	Document object (1594)	3		7	1
6225	2022-01-18 11:15:16.078386+03	1593	Document object (1593)	3		7	1
6226	2022-01-18 11:15:16.079383+03	1592	Document object (1592)	3		7	1
6227	2022-01-18 11:15:16.081378+03	1591	Document object (1591)	3		7	1
6228	2022-01-18 11:15:16.082376+03	1590	Document object (1590)	3		7	1
6229	2022-01-18 11:15:16.083373+03	1589	Document object (1589)	3		7	1
6230	2022-01-23 01:26:49.42714+03	9	Customer object (9)	3		20	1
6231	2022-01-23 12:12:32.139532+03	3	Огурцов	1	[{"added": {}}]	4	1
6232	2022-01-23 12:16:17.824989+03	2	sales	2	[]	3	1
6233	2022-01-23 12:16:32.158541+03	3	Огурцов	2	[{"changed": {"fields": ["Groups"]}}]	4	1
6234	2022-01-31 01:53:48.219011+03	472	RemainderCurrent object (472)	2	[{"changed": {"fields": ["Category"]}}]	13	1
6235	2022-01-31 15:39:40.000222+03	1	ООС	2	[]	16	1
6236	2022-02-02 12:33:34.612579+03	37988	RemainderHistory object (37988)	2	[]	12	1
6237	2022-02-02 13:53:39.18674+03	3	Огурцов	2	[{"changed": {"fields": ["First name", "Last name"]}}]	4	1
6238	2022-02-02 14:55:03.754931+03	71	AvPrice object (71)	2	[{"changed": {"fields": ["Current remainder"]}}]	29	1
6239	2022-02-02 14:56:59.135641+03	71	AvPrice object (71)	2	[{"changed": {"fields": ["Sum"]}}]	29	1
6240	2022-02-02 14:57:10.163258+03	71	AvPrice object (71)	2	[{"changed": {"fields": ["Current remainder", "Sum"]}}]	29	1
6241	2022-02-02 17:23:50.176808+03	111	PaymentRegister object (111)	3		42	1
6242	2022-02-02 17:23:50.187218+03	110	PaymentRegister object (110)	3		42	1
6243	2022-02-02 17:23:50.18788+03	108	PaymentRegister object (108)	3		42	1
6244	2022-02-02 17:23:50.189879+03	107	PaymentRegister object (107)	3		42	1
6245	2022-02-02 17:23:50.191336+03	106	PaymentRegister object (106)	3		42	1
6246	2022-02-02 17:23:50.192698+03	103	PaymentRegister object (103)	3		42	1
6247	2022-02-02 17:23:50.194013+03	102	PaymentRegister object (102)	3		42	1
6248	2022-02-02 17:23:50.195262+03	101	PaymentRegister object (101)	3		42	1
6249	2022-02-02 17:23:50.196408+03	100	PaymentRegister object (100)	3		42	1
6250	2022-02-02 17:23:50.197409+03	56	PaymentRegister object (56)	3		42	1
6251	2022-02-02 17:23:50.198409+03	55	PaymentRegister object (55)	3		42	1
6252	2022-02-02 17:23:50.200446+03	54	PaymentRegister object (54)	3		42	1
6253	2022-02-02 17:23:50.201447+03	53	PaymentRegister object (53)	3		42	1
6254	2022-02-02 17:23:50.204101+03	50	PaymentRegister object (50)	3		42	1
6255	2022-02-02 17:23:50.205622+03	49	PaymentRegister object (49)	3		42	1
6256	2022-02-02 17:23:50.206265+03	12	PaymentRegister object (12)	3		42	1
6257	2022-02-05 16:10:50.557382+03	163	PaymentRegister object (163)	3		42	1
6258	2022-02-05 16:10:50.563362+03	162	PaymentRegister object (162)	3		42	1
6259	2022-02-16 01:26:55.743586+03	471	RemainderCurrent object (471)	2	[{"changed": {"fields": ["Category"]}}]	13	1
6260	2022-02-16 01:27:05.831999+03	461	RemainderCurrent object (461)	2	[{"changed": {"fields": ["Category"]}}]	13	1
6261	2022-02-16 01:27:13.246648+03	478	RemainderCurrent object (478)	2	[{"changed": {"fields": ["Category"]}}]	13	1
6262	2022-02-16 01:27:30.055198+03	458	RemainderCurrent object (458)	2	[]	13	1
6263	2022-02-16 01:27:42.904364+03	473	RemainderCurrent object (473)	2	[{"changed": {"fields": ["Category"]}}]	13	1
6264	2022-02-16 01:27:50.827898+03	467	RemainderCurrent object (467)	2	[{"changed": {"fields": ["Category"]}}]	13	1
6265	2022-02-16 12:19:16.153108+03	38190	RemainderHistory object (38190)	3		12	1
6266	2022-02-16 12:19:26.089523+03	1845	Document object (1845)	3		7	1
6267	2022-02-16 12:20:13.22979+03	1846	Document object (1846)	3		7	1
6268	2022-02-16 12:21:51.615589+03	1847	Document object (1847)	3		7	1
6269	2022-02-16 12:23:31.291544+03	1848	Document object (1848)	3		7	1
6270	2022-02-16 12:27:12.201777+03	38191	RemainderHistory object (38191)	3		12	1
6271	2022-02-16 12:27:30.303537+03	1849	Document object (1849)	3		7	1
6272	2022-02-20 16:24:22.858933+03	9	КЭО	1	[{"added": {}}]	17	1
6273	2022-02-21 02:22:20.126611+03	38314	RemainderHistory object (38314)	2	[{"changed": {"fields": ["User", "Current remainder"]}}]	12	1
6274	2022-02-21 02:26:52.89273+03	38339	RemainderHistory object (38339)	2	[{"changed": {"fields": ["User", "Current remainder"]}}]	12	1
6275	2022-02-21 13:05:10.553829+03	792	Cash object (792)	3		21	1
6276	2022-02-21 13:23:13.787089+03	796	Cash object (796)	3		21	1
6277	2022-02-21 14:46:31.499281+03	809	Cash object (809)	3		21	1
6278	2022-02-25 12:15:16.130347+03	38410	RemainderHistory object (38410)	3		12	1
6279	2022-02-25 12:15:16.149124+03	38409	RemainderHistory object (38409)	3		12	1
6280	2022-02-25 12:15:16.150906+03	38408	RemainderHistory object (38408)	3		12	1
6281	2022-02-25 12:15:16.151585+03	38407	RemainderHistory object (38407)	3		12	1
6282	2022-02-25 12:15:16.153583+03	38406	RemainderHistory object (38406)	3		12	1
6283	2022-02-25 12:15:16.155581+03	38405	RemainderHistory object (38405)	3		12	1
6284	2022-02-25 12:16:05.588677+03	2002	Document object (2002)	3		7	1
6285	2022-02-25 12:16:05.592668+03	2001	Document object (2001)	3		7	1
6286	2022-02-25 12:16:05.59466+03	2000	Document object (2000)	3		7	1
6287	2022-02-25 12:16:05.59566+03	1999	Document object (1999)	3		7	1
6288	2022-02-25 12:16:05.596657+03	1998	Document object (1998)	3		7	1
6289	2022-02-25 12:16:05.597656+03	1997	Document object (1997)	3		7	1
\.


--
-- Data for Name: django_content_type; Type: TABLE DATA; Schema: public; Owner: postgres
--

COPY public.django_content_type (id, app_label, model) FROM stdin;
1	admin	logentry
2	auth	permission
3	auth	group
4	auth	user
5	contenttypes	contenttype
6	sessions	session
7	app_product	document
8	app_product	identifier
9	app_product	delivery
10	app_product	sale
11	app_product	transfer
12	app_product	remainderhistory
13	app_product	remaindercurrent
14	app_product	register
15	app_reference	supplier
16	app_reference	shop
17	app_reference	productcategory
18	app_reference	documenttype
19	app_reference	product
21	app_cash	cash
22	app_cash	cashremainder
23	app_cash	credit
24	app_cash	card
25	app_cashback	cashback
26	app_personnel	bonusaccount
27	app_reports	producthistory
28	app_product	averagepricecurrent
29	app_product	avprice
20	app_clients	customer
30	app_product	recognition
31	app_product	signoff
32	app_product	returning
33	app_product	revaluation
34	app_reports	reporttemp
35	app_reports	reporttempid
36	app_personnel	salary
37	app_product	cashoff
38	app_reference	expense
39	app_reference	voucher
40	app_cash	contributor
41	app_reference	contributor
42	app_cash	paymentregister
43	app_reports	dailysaletemp
44	app_reports	dailysalerep
45	app_reports	monthlybonus
46	app_reports	salereport
47	app_reports	paycardreport
48	app_error	errorlog
\.


--
-- Data for Name: django_migrations; Type: TABLE DATA; Schema: public; Owner: postgres
--

COPY public.django_migrations (id, app, name, applied) FROM stdin;
1	contenttypes	0001_initial	2021-07-13 10:08:39.23426+03
2	auth	0001_initial	2021-07-13 10:08:39.378875+03
3	admin	0001_initial	2021-07-13 10:08:39.418766+03
4	admin	0002_logentry_remove_auto_add	2021-07-13 10:08:39.428741+03
5	admin	0003_logentry_add_action_flag_choices	2021-07-13 10:08:39.442703+03
6	app_reference	0001_initial	2021-07-13 10:08:39.491572+03
7	app_reference	0002_alter_product_imei	2021-07-13 10:08:39.504538+03
8	app_reference	0003_productcategory_cashback_percent	2021-07-13 10:08:39.532462+03
9	app_product	0001_initial	2021-07-13 10:08:39.787781+03
10	app_product	0002_auto_20210617_2056	2021-07-13 10:08:39.846623+03
11	app_product	0003_register_quantity	2021-07-13 10:08:39.869562+03
12	app_product	0004_alter_register_quantity	2021-07-13 10:08:39.882528+03
13	app_product	0005_remove_transfer_date	2021-07-13 10:08:39.900478+03
14	app_product	0006_register_shop	2021-07-13 10:08:39.932393+03
15	app_cash	0001_initial	2021-07-13 10:08:40.046089+03
16	app_cash	0002_auto_20210626_1452	2021-07-13 10:08:40.107925+03
17	app_cash	0003_cash_document	2021-07-13 10:08:40.144825+03
18	app_cash	0004_cashremainder	2021-07-13 10:08:40.179731+03
19	app_cash	0005_alter_cashremainder_shop	2021-07-13 10:08:40.208654+03
20	app_cash	0006_rename_cash_remainder_cash_current_remainder	2021-07-13 10:08:40.23259+03
21	app_cash	0007_cash_pre_remainder	2021-07-13 10:08:40.273483+03
22	app_cashback	0001_initial	2021-07-13 10:08:40.315369+03
23	app_clients	0001_initial	2021-07-13 10:08:40.359252+03
24	app_clients	0002_alter_client_bar_code	2021-07-13 10:08:40.377206+03
25	app_reference	0004_productcategory_bonus_percent	2021-07-13 10:08:40.395156+03
26	app_reference	0005_shop_sale_k	2021-07-13 10:08:40.419127+03
27	app_reference	0006_alter_productcategory_bonus_percent	2021-07-13 10:08:40.440107+03
28	app_reference	0007_alter_productcategory_bonus_percent	2021-07-13 10:08:40.459982+03
29	app_reference	0008_alter_productcategory_bonus_percent	2021-07-13 10:08:40.482921+03
30	app_personnel	0001_initial	2021-07-13 10:08:40.528798+03
31	app_personnel	0002_auto_20210701_2242	2021-07-13 10:08:40.638506+03
32	app_personnel	0003_auto_20210701_2243	2021-07-13 10:08:40.787107+03
33	app_personnel	0004_delete_bonusaccount	2021-07-13 10:08:40.793091+03
34	app_personnel	0005_bonusaccount	2021-07-13 10:08:40.856069+03
35	app_personnel	0006_alter_bonusaccount_category	2021-07-13 10:08:40.937222+03
36	app_personnel	0007_auto_20210702_0950	2021-07-13 10:08:41.244664+03
37	app_personnel	0008_remove_bonusaccount_smarts	2021-07-13 10:08:41.296649+03
38	app_personnel	0009_bonusaccount_smarts	2021-07-13 10:08:41.32597+03
39	app_personnel	0010_bonusaccount_other	2021-07-13 10:08:41.357212+03
40	app_reference	0009_documenttype	2021-07-13 10:08:41.371657+03
41	app_product	0007_sale_user	2021-07-13 10:08:41.408498+03
42	app_product	0008_sale_supplier	2021-07-13 10:08:41.443391+03
43	app_product	0009_document_sub_total	2021-07-13 10:08:41.476357+03
44	app_product	0010_rename_sub_total_document_sum	2021-07-13 10:08:41.500534+03
45	app_product	0011_alter_document_sum	2021-07-13 10:08:41.522085+03
46	app_product	0012_document_created	2021-07-13 10:08:41.553984+03
47	app_product	0013_remove_document_datetime	2021-07-13 10:08:41.57892+03
48	app_product	0014_delivery_created	2021-07-13 10:08:41.628008+03
49	app_product	0015_sale_created	2021-07-13 10:08:41.691282+03
50	app_product	0016_auto_20210701_1939	2021-07-13 10:08:41.798313+03
51	app_product	0017_sale_staff_bonus	2021-07-13 10:08:41.865002+03
52	app_product	0018_auto_20210701_2334	2021-07-13 10:08:41.927612+03
53	app_product	0019_auto_20210704_1215	2021-07-13 10:08:42.036979+03
54	app_product	0020_remaindercurrent	2021-07-13 10:08:42.155686+03
55	app_product	0021_rename_remainder_remainderhistory	2021-07-13 10:08:42.207558+03
56	app_product	0022_alter_remainderhistory_options	2021-07-13 10:08:42.222507+03
57	app_product	0023_alter_remainderhistory_av_price	2021-07-13 10:08:42.239461+03
58	app_product	0024_alter_remainderhistory_category	2021-07-13 10:08:42.276326+03
59	app_product	0025_remaindercurrent_retail_price	2021-07-13 10:08:42.299138+03
60	app_product	0026_alter_remainderhistory_document	2021-07-13 10:08:42.352695+03
61	app_product	0027_delivery_user	2021-07-13 10:08:42.395903+03
62	app_product	0028_delivery_sub_total	2021-07-13 10:08:42.449226+03
63	app_product	0029_alter_delivery_document	2021-07-13 10:08:42.486179+03
64	app_product	0030_alter_document_title	2021-07-13 10:08:42.511277+03
65	app_product	0031_alter_document_title	2021-07-13 10:08:42.561173+03
66	app_product	0032_alter_document_title	2021-07-13 10:08:42.611682+03
67	app_product	0033_alter_document_title	2021-07-13 10:08:42.637575+03
68	app_product	0034_alter_document_title	2021-07-13 10:08:42.683319+03
69	app_product	0035_alter_document_title	2021-07-13 10:08:42.725817+03
70	app_product	0036_alter_document_title	2021-07-13 10:08:42.76051+03
71	app_product	0037_remaindercurrent_name	2021-07-13 10:08:42.782451+03
72	app_product	0038_auto_20210708_1412	2021-07-13 10:08:42.822061+03
73	app_product	0039_remainderhistory_update_check	2021-07-13 10:08:42.863997+03
74	app_product	0040_alter_document_options	2021-07-13 10:08:42.889391+03
75	app_product	0041_alter_document_options	2021-07-13 10:08:42.913029+03
76	app_product	0042_document_datetime	2021-07-13 10:08:42.948789+03
77	app_product	0043_auto_20210710_1759	2021-07-13 10:08:43.27106+03
78	app_product	0044_auto_20210710_1803	2021-07-13 10:08:43.383077+03
79	app_product	0045_alter_delivery_category	2021-07-13 10:08:43.421034+03
80	app_reports	0001_initial	2021-07-13 10:08:43.477762+03
81	app_reports	0002_auto_20210701_1814	2021-07-13 10:08:43.545348+03
82	app_reports	0003_producthistory_document	2021-07-13 10:08:43.582815+03
83	app_reports	0004_producthistory_shop	2021-07-13 10:08:43.621194+03
84	app_reports	0005_auto_20210701_1825	2021-07-13 10:08:43.703665+03
85	app_reports	0006_alter_producthistory_imei	2021-07-13 10:08:43.71882+03
86	app_reports	0007_auto_20210701_1842	2021-07-13 10:08:43.754558+03
87	app_reports	0008_producthistory_document_id	2021-07-13 10:08:43.781879+03
88	contenttypes	0002_remove_content_type_name	2021-07-13 10:08:43.825644+03
89	auth	0002_alter_permission_name_max_length	2021-07-13 10:08:43.854233+03
90	auth	0003_alter_user_email_max_length	2021-07-13 10:08:43.874186+03
91	auth	0004_alter_user_username_opts	2021-07-13 10:08:43.896125+03
92	auth	0005_alter_user_last_login_null	2021-07-13 10:08:43.917365+03
93	auth	0006_require_contenttypes_0002	2021-07-13 10:08:43.919933+03
94	auth	0007_alter_validators_add_error_messages	2021-07-13 10:08:43.939877+03
95	auth	0008_alter_user_username_max_length	2021-07-13 10:08:43.96735+03
96	auth	0009_alter_user_last_name_max_length	2021-07-13 10:08:43.988294+03
97	auth	0010_alter_group_name_max_length	2021-07-13 10:08:44.021755+03
98	auth	0011_update_proxy_permissions	2021-07-13 10:08:44.052848+03
99	auth	0012_alter_user_first_name_max_length	2021-07-13 10:08:44.074257+03
100	sessions	0001_initial	2021-07-13 10:08:44.103006+03
101	app_product	0046_remaindercurrent_av_price	2021-07-13 15:46:55.231181+03
102	app_product	0047_remaindercurrent_total_av_price	2021-07-13 15:56:28.950749+03
103	app_product	0048_remainderhistory_wholesale_price	2021-07-14 00:05:28.408728+03
104	app_product	0049_transfer_sub_total	2021-07-21 14:17:02.894243+03
105	app_product	0050_averagepricecurrent	2021-07-25 14:37:45.066754+03
106	app_product	0051_averagepricecurrent_remainder	2021-07-25 15:24:55.808566+03
107	app_product	0052_delete_averagepricecurrent	2021-07-27 02:01:15.572213+03
108	app_product	0053_avprice	2021-08-02 13:40:00.859138+03
109	app_cash	0008_alter_cash_created	2021-08-04 16:09:20.445453+03
110	app_cash	0009_rename_credit_remainder_credit_sum	2021-08-04 16:51:05.317234+03
111	app_cash	0010_auto_20210804_2110	2021-08-04 21:11:04.851699+03
112	app_cash	0011_rename_credit_remainder_card_sum	2021-08-04 21:18:29.472671+03
113	app_cashback	0002_alter_cashback_size	2021-08-06 10:02:42.35527+03
114	app_product	0054_alter_sale_sub_total	2021-08-06 10:11:14.955777+03
115	app_cashback	0003_alter_cashback_size	2021-08-06 10:13:19.613954+03
116	app_cashback	0004_alter_cashback_size	2021-08-06 17:44:20.840275+03
117	app_product	0055_alter_sale_price	2021-08-06 17:51:40.146123+03
118	app_product	0056_alter_sale_price	2021-08-06 17:53:08.699547+03
119	app_reference	0010_remove_productcategory_cashback_percent	2021-08-07 01:05:27.744465+03
120	app_clients	0003_rename_client_customer	2021-08-08 22:28:22.198216+03
121	app_product	0057_recognition	2021-08-18 10:28:09.88285+03
122	app_product	0058_signoff	2021-08-18 13:42:47.413302+03
123	app_product	0059_return	2021-08-20 13:04:03.625775+03
124	app_product	0060_rename_return_returning	2021-08-20 13:04:03.709551+03
125	app_product	0061_revaluation	2021-08-22 13:17:37.955616+03
126	app_reference	0011_alter_documenttype_options	2021-08-26 13:54:35.163266+03
127	app_product	0062_alter_delivery_shop	2021-08-26 13:54:35.310357+03
128	app_product	0063_alter_delivery_identifier	2021-08-26 14:18:40.560331+03
129	app_product	0064_register_created	2021-09-12 12:51:21.847162+03
130	app_product	0065_alter_register_quantity	2021-09-12 17:02:58.368816+03
131	app_product	0066_alter_register_quantity	2021-09-12 23:30:11.33139+03
132	app_product	0067_register_number	2021-09-13 16:19:20.356104+03
133	app_reference	0012_product_created	2021-09-19 13:59:57.299207+03
134	app_product	0068_remainderhistory_supplier	2021-09-21 22:26:12.013207+03
135	app_product	0069_remainderhistory_rho_type	2021-09-22 10:41:38.5047+03
136	app_reports	0009_reporttemp	2021-10-02 15:51:02.463116+03
137	app_reports	0010_auto_20211002_1554	2021-10-02 15:54:30.346687+03
138	app_reports	0011_auto_20211002_1557	2021-10-02 15:57:42.405522+03
139	app_product	0070_remainderhistory_product_id	2021-10-04 16:17:13.270543+03
140	app_product	0071_remainderhistory_user	2021-10-05 18:31:32.969571+03
141	app_personnel	0011_salary	2021-10-07 13:41:07.972359+03
142	app_product	0072_cashoff	2021-10-10 10:19:02.178336+03
143	app_cash	0012_cash_cash_receiver	2021-10-10 10:21:21.739557+03
144	app_reference	0013_expense	2021-10-10 23:29:04.340647+03
145	app_cash	0013_cash_reason	2021-10-10 23:46:31.110824+03
146	app_reference	0014_voucher	2021-10-11 10:08:49.306552+03
147	app_reference	0015_auto_20211011_1008	2021-10-11 10:08:49.371332+03
148	app_cash	0014_cash_contributor	2021-10-11 10:22:52.574086+03
149	app_cash	0015_rename_contributor_cash_cash_contributor	2021-10-11 10:43:47.202744+03
150	app_cash	0016_auto_20211011_1046	2021-10-11 10:46:34.675493+03
151	app_cash	0017_cash_rho_type	2021-10-11 12:21:07.400686+03
152	app_cash	0018_rename_rho_type_cash_cho_type	2021-10-11 12:22:36.600094+03
153	app_product	0073_remaindercurrent_category	2021-10-11 18:23:27.969463+03
154	app_product	0074_document_posted	2021-10-12 19:30:23.368318+03
155	app_product	0075_document_identifier	2021-10-12 19:35:32.890316+03
156	app_product	0076_register_document	2021-10-15 14:05:29.231343+03
157	app_product	0077_register_supplier	2021-10-15 14:40:21.811602+03
158	app_product	0078_register_new	2021-10-17 18:52:55.915852+03
159	app_product	0079_register_deleted	2021-10-18 00:41:46.361979+03
160	app_product	0080_auto_20211101_1316	2021-11-01 13:16:49.768244+03
161	app_product	0081_remainderhistory_status	2021-11-04 18:13:34.517943+03
162	app_product	0082_auto_20211105_0017	2021-11-05 00:18:12.531636+03
163	app_product	0083_auto_20211105_0019	2021-11-05 00:38:08.328221+03
164	app_product	0084_auto_20211105_0020	2021-11-05 00:38:08.417601+03
165	app_product	0085_auto_20211105_0030	2021-11-05 00:38:08.50086+03
166	app_product	0086_auto_20211105_0031	2021-11-05 00:38:08.574905+03
167	app_product	0087_auto_20211105_0032	2021-11-05 00:38:08.699641+03
168	app_product	0088_auto_20211105_0042	2021-11-05 00:42:10.430991+03
169	app_product	0089_auto_20211105_0054	2021-11-05 00:54:15.405747+03
170	app_product	0090_auto_20211105_0112	2021-11-05 01:12:55.680909+03
171	app_product	0091_auto_20211105_0115	2021-11-05 01:15:46.627201+03
172	app_product	0092_auto_20211105_0117	2021-11-05 01:17:16.149114+03
173	app_product	0093_alter_register_product	2021-11-25 05:59:29.050391+03
174	app_cash	0019_contributor	2021-11-26 00:58:11.290944+03
175	app_cash	0020_alter_contributor_name	2021-11-26 00:58:11.306936+03
176	app_cash	0021_delete_contributor	2021-11-26 01:05:32.849599+03
177	app_reference	0016_contributor	2021-11-26 01:08:13.413515+03
178	app_product	0094_register_contributor	2021-11-26 01:09:30.808878+03
179	app_product	0095_register_voucher	2021-11-26 01:10:34.748609+03
180	app_cash	0022_alter_cash_cash_contributor	2021-11-26 23:43:50.00605+03
181	app_product	0096_register_expense	2021-11-27 14:38:16.271467+03
182	app_cash	0023_cash_sender	2021-12-04 15:58:42.338341+03
183	app_product	0097_register_receiver	2021-12-05 19:53:46.760183+03
184	app_product	0098_rename_receiver_register_cash_receiver	2021-12-05 19:54:59.661352+03
185	app_product	0099_register_current_price	2021-12-06 14:49:10.703424+03
186	app_reference	0017_shop_retail	2021-12-06 15:03:47.236405+03
187	app_reports	0012_auto_20211209_0142	2021-12-09 01:42:44.385892+03
188	app_product	0100_auto_20211210_0129	2021-12-10 01:29:37.680554+03
189	app_product	0101_register_doc_type	2021-12-12 14:23:41.956341+03
190	app_product	0102_register_real_quantity	2021-12-12 14:58:35.061509+03
191	app_product	0103_alter_register_real_quantity	2021-12-12 14:58:58.596327+03
192	app_product	0104_document_base_doc	2021-12-19 11:25:42.315486+03
193	app_product	0105_remainderhistory_inventory_doc	2021-12-19 12:48:05.677393+03
194	app_cash	0024_paymentregister	2021-12-28 11:14:16.436781+03
195	app_product	0106_document_shop	2021-12-29 14:12:38.338116+03
196	app_reports	0013_dailsaletemp	2021-12-29 16:11:39.424839+03
197	app_reports	0014_rename_dailsaletemp_dailysaletemp	2021-12-29 16:13:08.829841+03
198	app_reports	0015_dailysaletemp_report_id	2021-12-29 16:15:07.152804+03
199	app_reports	0016_delete_dailysaletemp	2021-12-31 01:47:39.581668+03
200	app_reports	0017_dailysalerep	2021-12-31 02:19:37.225601+03
201	app_reports	0018_dailysalerep_iphone	2021-12-31 02:42:21.341385+03
202	app_reports	0019_rename_iphone_dailysalerep_iphone	2021-12-31 02:43:44.57261+03
203	app_reports	0020_auto_20220101_1539	2022-01-01 15:39:18.771663+03
204	app_reports	0021_auto_20220101_1905	2022-01-01 19:05:56.213972+03
205	app_reports	0022_dailysalerep_return_sum	2022-01-01 19:53:18.906131+03
206	app_product	0107_alter_document_created	2022-01-03 01:52:38.073362+03
207	app_product	0108_alter_document_created	2022-01-03 01:56:53.39734+03
208	app_reports	0023_monthlybonus	2022-01-06 16:43:41.993232+03
209	app_reports	0024_monthlybonus_user	2022-01-06 17:02:15.922409+03
210	app_reports	0025_remove_monthlybonus_final_balance	2022-01-06 17:13:50.671746+03
211	app_reports	0026_auto_20220107_0227	2022-01-07 02:27:32.352488+03
212	app_reports	0027_rename_shop_monthlybonus_user_name	2022-01-07 02:29:01.68145+03
213	app_product	0109_auto_20220109_2135	2022-01-09 21:35:37.880221+03
214	app_product	0110_alter_remainderhistory_inventory_doc	2022-01-09 23:43:25.809687+03
215	app_product	0111_remove_remaindercurrent_total_av_price	2022-01-09 23:46:25.368565+03
216	app_product	0112_remove_remaindercurrent_av_price	2022-01-09 23:47:20.6624+03
217	app_product	0113_delete_delivery	2022-01-12 01:43:56.122705+03
218	app_product	0114_delete_recognition	2022-01-12 01:47:19.620599+03
219	app_product	0115_delete_signoff	2022-01-12 01:48:53.529531+03
220	app_product	0116_delete_returning	2022-01-12 01:50:43.442534+03
221	app_clients	0004_customer_purchase_counter	2022-01-23 01:07:18.551615+03
222	app_clients	0005_remove_customer_purchase_counter	2022-01-24 01:47:14.771514+03
223	app_product	0117_remainderhistory_clinet_phone	2022-01-24 01:47:14.966089+03
224	app_product	0118_rename_clinet_phone_remainderhistory_client_phone	2022-01-24 01:51:26.50683+03
225	app_product	0119_remainderhistory_number	2022-01-28 14:06:25.665074+03
226	app_product	0120_remainderhistory_cash_back_paid	2022-02-02 12:08:56.265484+03
227	app_product	0121_remainderhistory_cash_back_awarded	2022-02-02 12:16:00.309298+03
228	app_product	0122_alter_remainderhistory_supplier	2022-02-02 12:32:36.997651+03
229	app_reports	0028_saleregort	2022-02-02 13:05:29.857954+03
230	app_reports	0029_rename_saleregort_salereport	2022-02-02 13:05:51.315037+03
231	app_reports	0030_salereport_report_id	2022-02-02 13:11:00.570691+03
232	app_reports	0031_alter_salereport_product	2022-02-02 13:40:48.678961+03
233	app_product	0123_register_cash_back	2022-02-02 17:29:06.746186+03
234	app_product	0124_auto_20220202_1738	2022-02-02 17:38:30.45631+03
235	app_product	0125_alter_register_client_phone	2022-02-02 18:17:37.667055+03
236	app_product	0126_document_cashback_off	2022-02-03 03:26:01.098628+03
237	app_product	0127_document_sum_minus_cashback	2022-02-03 18:09:44.016955+03
238	app_product	0128_document_client	2022-02-03 18:53:43.488652+03
239	app_product	0129_remove_register_client_phone	2022-02-03 18:54:24.881177+03
240	app_product	0130_remove_register_cash_back_paid	2022-02-03 18:54:53.653846+03
241	app_product	0131_auto_20220203_1855	2022-02-03 18:55:38.927238+03
242	app_product	0132_remove_remainderhistory_cash_back_awarded	2022-02-03 19:02:58.803956+03
243	app_product	0133_auto_20220204_0125	2022-02-04 01:25:28.272094+03
244	app_product	0134_document_supplier	2022-02-05 14:29:24.336201+03
245	app_product	0135_auto_20220207_1554	2022-02-07 15:54:32.98539+03
246	app_product	0136_auto_20220207_1706	2022-02-07 17:06:09.181577+03
247	app_product	0137_delete_transfer	2022-02-19 18:24:38.925348+03
248	app_reports	0032_salereport_margin	2022-02-19 18:24:38.98131+03
249	app_reports	0033_dailysalerep_report_id	2022-02-20 02:12:16.86+03
250	app_reports	0034_auto_20220220_0225	2022-02-20 02:25:46.570274+03
251	app_reports	0035_auto_20220220_1328	2022-02-20 13:28:26.90432+03
252	app_cash	0025_auto_20220220_1426	2022-02-20 14:26:40.574984+03
253	app_reports	0036_dailysalerep_created	2022-02-20 14:59:19.68731+03
254	app_reports	0037_alter_dailysalerep_created	2022-02-20 15:05:42.366449+03
255	app_reports	0038_dailysalerep_pay_cards	2022-02-20 16:26:34.132672+03
256	app_product	0138_alter_remainderhistory_current_remainder	2022-02-20 16:46:28.292589+03
257	app_product	0139_alter_register_sub_total	2022-02-20 16:48:13.458989+03
258	app_reports	0039_rename_smarphones_dailysalerep_smartphones	2022-02-20 20:14:00.703313+03
259	app_reports	0040_remove_dailysalerep_shop	2022-02-20 20:19:35.48316+03
260	app_reports	0041_dailysalerep_shop	2022-02-20 20:21:47.130895+03
261	app_reports	0042_alter_dailysalerep_shop	2022-02-20 20:25:42.408338+03
262	app_reports	0043_dailysalerep_net_sales	2022-02-20 21:53:09.01592+03
263	app_reports	0044_remove_dailysalerep_sub_total	2022-02-20 21:58:42.059281+03
264	app_reports	0045_remove_dailysalerep_sum	2022-02-20 23:10:26.441882+03
265	app_reports	0046_remove_dailysalerep_category	2022-02-20 23:14:46.806286+03
266	app_reports	0047_paycardreport	2022-02-21 00:40:09.935395+03
267	app_reports	0048_paycardreport_created	2022-02-21 01:06:59.379234+03
268	app_product	0140_alter_remainderhistory_product_id	2022-02-21 02:21:57.424605+03
269	app_cash	0026_auto_20220221_1455	2022-02-21 14:55:21.808684+03
270	app_error	0001_initial	2022-02-22 00:58:18.051104+03
271	app_product	0141_alter_remainderhistory_created	2022-02-22 03:02:59.540235+03
272	app_product	0142_auto_20220222_0309	2022-02-22 03:09:26.923435+03
273	app_product	0143_remove_remainderhistory_updated	2022-02-22 05:23:07.254696+03
\.


--
-- Data for Name: django_session; Type: TABLE DATA; Schema: public; Owner: postgres
--

COPY public.django_session (session_key, session_data, expire_date) FROM stdin;
x16x2vkwnj8r0uri3i8y25nmhe9edf5o	.eJxVjMEOwiAQBf-FsyEsUKE9evcbCAuLRQ00pU00xn_XJr30-mbmfZhr1FquxdFryvObDeLEnF-X0a2NZpcjGxiww4Y-PKhsIN59uVUealnmjHxT-E4bv9ZIz8vuHg5G38Z_jYheQRRghU0ydsGilRpMp86QLJFHi4qS7g31UkkVwAirodeUDCgd2fcHC_Q-rw:1m3Cis:RLYZFOQKnewDoQDNXBsnaBiha_LcxT8qAEhgSIdcTM4	2021-07-13 22:20:54.96961+03
di7zz3vbqmavyt3ceevii78tp84pnxb7	.eJxVjEEOwiAQRe_C2hAGqAwu3fcMhIFBqoYmpV0Z765NutDtf-_9lwhxW2vYOi9hyuIiQJx-N4rpwW0H-R7bbZZpbusykdwVedAuxznz83q4fwc19vqtiSgayApQYdF5SEioLbjBnKEgcyQkw8V6x14bbRI4hRa85eLA2CzeH-MJN3I:1m3PfD:kHi5Bm6Wb-RbGwiSR8-ycCi8P3KlwaB-uG2B_CQyfxA	2021-07-14 12:09:59.608338+03
0rm90fuqla2h1pjfgqfx7h090fp1gqsg	.eJxVjEEOwiAQRe_C2hAGqAwu3fcMhIFBqoYmpV0Z765NutDtf-_9lwhxW2vYOi9hyuIiQJx-N4rpwW0H-R7bbZZpbusykdwVedAuxznz83q4fwc19vqtiSgayApQYdF5SEioLbjBnKEgcyQkw8V6x14bbRI4hRa85eLA2CzeH-MJN3I:1m3au3:uDb8_ynosIzJdf_ESYtYdmW9blXKghU0pAtr1B-drHw	2021-07-15 00:10:03.446141+03
ztiywhmhdhzsk8gjqk7h0o5spik0643r	.eJxVjMEOwiAQBf-FsyEsUKE9evcbCAuLRQ00pU00xn_XJr30-mbmfZhr1FquxdFryvObDeLEnF-X0a2NZpcjGxiww4Y-PKhsIN59uVUealnmjHxT-E4bv9ZIz8vuHg5G38Z_jYheQRRghU0ydsGilRpMp86QLJFHi4qS7g31UkkVwAirodeUDCgd2fcHC_Q-rw:1m4fJk:_6BAi2vFuxO9NK0ktCBBZ1AxuR2fAUGGp-B_Cza8Woc	2021-07-17 23:05:00.930983+03
kdp7suomztalwbc130xxm78dwwflgfss	.eJxVjEEOwiAQRe_C2hAGqAwu3fcMhIFBqoYmpV0Z765NutDtf-_9lwhxW2vYOi9hyuIiQJx-N4rpwW0H-R7bbZZpbusykdwVedAuxznz83q4fwc19vqtiSgayApQYdF5SEioLbjBnKEgcyQkw8V6x14bbRI4hRa85eLA2CzeH-MJN3I:1m52P6:LkO9fwpnGbIiy9BhTmwIOLaLYmoQU7WT_EjeGBTPETQ	2021-07-18 23:44:04.872461+03
7vf3jh3qo9z93ygte3vnyyn31cddubib	.eJxVjMEOwiAQBf-FsyEsUKE9evcbCAuLRQ00pU00xn_XJr30-mbmfZhr1FquxdFryvObDeLEnF-X0a2NZpcjGxiww4Y-PKhsIN59uVUealnmjHxT-E4bv9ZIz8vuHg5G38Z_jYheQRRghU0ydsGilRpMp86QLJFHi4qS7g31UkkVwAirodeUDCgd2fcHC_Q-rw:1m5FB9:s4kdHGOUipp0X7kefmgLuPMlLp29A8OEvVJ1_AtYmY4	2021-07-19 13:22:31.431411+03
ke7rvgj5ybacb934mnst3i8q08jjgg4b	.eJxVjMEOwiAQBf-FsyEsUKE9evcbCAuLRQ00pU00xn_XJr30-mbmfZhr1FquxdFryvObDeLEnF-X0a2NZpcjGxiww4Y-PKhsIN59uVUealnmjHxT-E4bv9ZIz8vuHg5G38Z_jYheQRRghU0ydsGilRpMp86QLJFHi4qS7g31UkkVwAirodeUDCgd2fcHC_Q-rw:1m5x5r:uLQn9O1s1rUSsmkEevlnMoNAD0l92JX9KsR3TkpUHuQ	2021-07-21 12:15:59.320399+03
m39znsossjebst9atnnx4uze2si1p121	.eJxVjEEOwiAQRe_C2hAGqAwu3fcMhIFBqoYmpV0Z765NutDtf-_9lwhxW2vYOi9hyuIiQJx-N4rpwW0H-R7bbZZpbusykdwVedAuxznz83q4fwc19vqtiSgayApQYdF5SEioLbjBnKEgcyQkw8V6x14bbRI4hRa85eLA2CzeH-MJN3I:1m68Zg:STGvi3aSaPMkKvub7M2yi3CLHLRU2PMw5VS7C2duve4	2021-07-22 00:31:32.377059+03
1z8rofecg4v57qwnv7pd2203kfryus40	.eJxVjEEOwiAQRe_C2hAGqAwu3fcMhIFBqoYmpV0Z765NutDtf-_9lwhxW2vYOi9hyuIiQJx-N4rpwW0H-R7bbZZpbusykdwVedAuxznz83q4fwc19vqtiSgayApQYdF5SEioLbjBnKEgcyQkw8V6x14bbRI4hRa85eLA2CzeH-MJN3I:1m6KKw:WrxvaIRraZa1H0JIi_j_P-LGP_NMUPIs6QvCU4mht1M	2021-07-22 13:05:06.514102+03
3810qcljv8jrzfzgv0zabhnk15o9hkpg	.eJxVjMEOwiAQBf-FsyEsUKE9evcbCAuLRQ00pU00xn_XJr30-mbmfZhr1FquxdFryvObDeLEnF-X0a2NZpcjGxiww4Y-PKhsIN59uVUealnmjHxT-E4bv9ZIz8vuHg5G38Z_jYheQRRghU0ydsGilRpMp86QLJFHi4qS7g31UkkVwAirodeUDCgd2fcHC_Q-rw:1m6hAV:pl4lvodjH5k9Rb0lOvo-laZD3X8tQVxqwvpAvTA4J9Q	2021-07-23 13:27:51.666636+03
hlg530f9t7tt3i0guyoudfo5dgmpee6q	.eJxVjEEOwiAQRe_C2hAGqAwu3fcMhIFBqoYmpV0Z765NutDtf-_9lwhxW2vYOi9hyuIiQJx-N4rpwW0H-R7bbZZpbusykdwVedAuxznz83q4fwc19vqtiSgayApQYdF5SEioLbjBnKEgcyQkw8V6x14bbRI4hRa85eLA2CzeH-MJN3I:1m7Csm:BijSFG9ZctpaxvNEakISXX5LUSiCPL4JWEGkImBQMLc	2021-07-24 23:19:40.067604+03
mutn7ll9mtg7g8av8plpfwrxlllyxvqe	.eJxVjMEOwiAQBf-FsyEsUKE9evcbCAuLRQ00pU00xn_XJr30-mbmfZhr1FquxdFryvObDeLEnF-X0a2NZpcjGxiww4Y-PKhsIN59uVUealnmjHxT-E4bv9ZIz8vuHg5G38Z_jYheQRRghU0ydsGilRpMp86QLJFHi4qS7g31UkkVwAirodeUDCgd2fcHC_Q-rw:1m7ZTt:SHFvHtLT1bzgSYUKJyD1JvX1PPe64oyJExBT_3jCKZY	2021-07-25 23:27:29.65934+03
lh8nxljrlyen3oecq1uxxvav9btkv1u9	.eJxVjMEOwiAQBf-FsyEsUKE9evcbCAuLRQ00pU00xn_XJr30-mbmfZhr1FquxdFryvObDeLEnF-X0a2NZpcjGxiww4Y-PKhsIN59uVUealnmjHxT-E4bv9ZIz8vuHg5G38Z_jYheQRRghU0ydsGilRpMp86QLJFHi4qS7g31UkkVwAirodeUDCgd2fcHC_Q-rw:1m89Ya:78qEELC3KrkpbBfGvl-Ywn9TVhRLocdtQR-wTkz0ZUU	2021-07-27 13:58:44.212675+03
ht4oxnubayarqly5oi6nk3ua0ayegs7n	.eJxVjEEOwiAQRe_C2hAGqAwu3fcMhIFBqoYmpV0Z765NutDtf-_9lwhxW2vYOi9hyuIiQJx-N4rpwW0H-R7bbZZpbusykdwVedAuxznz83q4fwc19vqtiSgayApQYdF5SEioLbjBnKEgcyQkw8V6x14bbRI4hRa85eLA2CzeH-MJN3I:1m8HH8:fpEx1zuXuxtp8yDgv8yiu78GBezs4ec0UGOdoP_8XDU	2021-07-27 22:13:14.345583+03
b6uls51oaqh0ztff1lq5awrvoj8wosjp	.eJxVjMEOwiAQBf-FsyEsUKE9evcbCAuLRQ00pU00xn_XJr30-mbmfZhr1FquxdFryvObDeLEnF-X0a2NZpcjGxiww4Y-PKhsIN59uVUealnmjHxT-E4bv9ZIz8vuHg5G38Z_jYheQRRghU0ydsGilRpMp86QLJFHi4qS7g31UkkVwAirodeUDCgd2fcHC_Q-rw:1m8qIa:KQdDbAgJPN1QXl_7KyeaWImT1JUISiDtWUhTHRRi45A	2021-07-29 11:37:04.967215+03
3cl094dx6hvm67jhtkthqdspcxfxqyts	.eJxVjMEOwiAQBf-FsyEsUKE9evcbCAuLRQ00pU00xn_XJr30-mbmfZhr1FquxdFryvObDeLEnF-X0a2NZpcjGxiww4Y-PKhsIN59uVUealnmjHxT-E4bv9ZIz8vuHg5G38Z_jYheQRRghU0ydsGilRpMp86QLJFHi4qS7g31UkkVwAirodeUDCgd2fcHC_Q-rw:1m9NZK:5Uqhw1PCgi8wcHr3t41b8IrWjuGuUJFcRZ3lMc-HGOk	2021-07-30 23:08:34.866234+03
6qlg56l22jz6ns92u0qnilabmtfxgvng	.eJxVjMEOwiAQBf-FsyEsUKE9evcbCAuLRQ00pU00xn_XJr30-mbmfZhr1FquxdFryvObDeLEnF-X0a2NZpcjGxiww4Y-PKhsIN59uVUealnmjHxT-E4bv9ZIz8vuHg5G38Z_jYheQRRghU0ydsGilRpMp86QLJFHi4qS7g31UkkVwAirodeUDCgd2fcHC_Q-rw:1m9obe:D9M4n35FQqvvSxyfYr7gm4jDbgVt-BK_qkULiCQAuBk	2021-08-01 04:00:46.939488+03
urnma60bzn6hg9sslmymbvhgdvu1ip0i	.eJxVjMEOwiAQBf-FsyEsUKE9evcbCAuLRQ00pU00xn_XJr30-mbmfZhr1FquxdFryvObDeLEnF-X0a2NZpcjGxiww4Y-PKhsIN59uVUealnmjHxT-E4bv9ZIz8vuHg5G38Z_jYheQRRghU0ydsGilRpMp86QLJFHi4qS7g31UkkVwAirodeUDCgd2fcHC_Q-rw:1mA6qo:HxLeUYvE_ZYZvEQATux0QKknXXWm8-FrDxBErx2FJ0Q	2021-08-01 23:29:38.618734+03
504wpwqs4qzgay2jbtfgk186f91yjhjo	.eJxVjEEOwiAQRe_C2hAGqAwu3fcMhIFBqoYmpV0Z765NutDtf-_9lwhxW2vYOi9hyuIiQJx-N4rpwW0H-R7bbZZpbusykdwVedAuxznz83q4fwc19vqtiSgayApQYdF5SEioLbjBnKEgcyQkw8V6x14bbRI4hRa85eLA2CzeH-MJN3I:1mAI5n:kEh0NMw1ptXM7ED4zR5BpZlfctSKrGKQOxY6-7PxMAs	2021-08-02 11:29:51.743529+03
bq93jz6t26v6wfdjkky128vjsvnrsaro	.eJxVjEEOwiAQRe_C2hAGqAwu3fcMhIFBqoYmpV0Z765NutDtf-_9lwhxW2vYOi9hyuIiQJx-N4rpwW0H-R7bbZZpbusykdwVedAuxznz83q4fwc19vqtiSgayApQYdF5SEioLbjBnKEgcyQkw8V6x14bbRI4hRa85eLA2CzeH-MJN3I:1mATLL:b6ChCOYWPsYu3NBIQnyiimsp9qllS8Kp5790T6mp3gA	2021-08-02 23:30:39.355575+03
8s97qziacv5jhb8loqejd64326ir5cmn	.eJxVjMEOwiAQBf-FsyEsUKE9evcbCAuLRQ00pU00xn_XJr30-mbmfZhr1FquxdFryvObDeLEnF-X0a2NZpcjGxiww4Y-PKhsIN59uVUealnmjHxT-E4bv9ZIz8vuHg5G38Z_jYheQRRghU0ydsGilRpMp86QLJFHi4qS7g31UkkVwAirodeUDCgd2fcHC_Q-rw:1mAoN6:B2hdVoeRL06gzhoSyP94rI6wjOQBSwlCgO_uSaXztQo	2021-08-03 21:57:52.979071+03
1tvpkcuv4r5zpreqtf6wkp5jvbm3c2r6	.eJxVjEEOwiAQRe_C2hAGqAwu3fcMhIFBqoYmpV0Z765NutDtf-_9lwhxW2vYOi9hyuIiQJx-N4rpwW0H-R7bbZZpbusykdwVedAuxznz83q4fwc19vqtiSgayApQYdF5SEioLbjBnKEgcyQkw8V6x14bbRI4hRa85eLA2CzeH-MJN3I:1mB183:mozzD1vameX9DdCn84LFMPOMYUYCqTo45oDT50SC_0w	2021-08-04 11:35:11.688346+03
fybow47k7k9n1m7gqklsmsz0o555a159	.eJxVjMEOwiAQBf-FsyEsUKE9evcbCAuLRQ00pU00xn_XJr30-mbmfZhr1FquxdFryvObDeLEnF-X0a2NZpcjGxiww4Y-PKhsIN59uVUealnmjHxT-E4bv9ZIz8vuHg5G38Z_jYheQRRghU0ydsGilRpMp86QLJFHi4qS7g31UkkVwAirodeUDCgd2fcHC_Q-rw:1mBDg6:UNGMTk7CKEsEaPaK0PkXBd3BShumd6QpAW6Oqin_lkE	2021-08-05 00:59:10.23599+03
sanxvuj2bvt9c6iu3beeqajzqm790ti1	.eJxVjMEOwiAQBf-FsyEsUKE9evcbCAuLRQ00pU00xn_XJr30-mbmfZhr1FquxdFryvObDeLEnF-X0a2NZpcjGxiww4Y-PKhsIN59uVUealnmjHxT-E4bv9ZIz8vuHg5G38Z_jYheQRRghU0ydsGilRpMp86QLJFHi4qS7g31UkkVwAirodeUDCgd2fcHC_Q-rw:1mBVhY:wwBFNmo2lrNpZCS2KqIfl2erKkVQB7K6KJRMfxVoox8	2021-08-05 20:13:52.383434+03
8u1xj0u3ircfllpthqlt88hqv57aajqt	e30:1mpz2g:4JFnvO1wRHLnI8-yNrivkgrA9LAJDC-ripqLuyNZ-i4	2021-11-25 11:38:58.71542+03
84xfy7d4h3jhvvjjobj8mcyng9bjon8g	.eJxVjMEOwiAQBf-FsyEsUKE9evcbCAuLRQ00pU00xn_XJr30-mbmfZhr1FquxdFryvObDeLEnF-X0a2NZpcjGxiww4Y-PKhsIN59uVUealnmjHxT-E4bv9ZIz8vuHg5G38Z_jYheQRRghU0ydsGilRpMp86QLJFHi4qS7g31UkkVwAirodeUDCgd2fcHC_Q-rw:1mBtUQ:_RevsHKquqHxdJWFkxNpoRA3LPJk2AdIDZwgHgUtYRo	2021-08-06 21:37:54.378214+03
nx85p2lgqtgli5k5ws6wp48rf91o27fd	.eJxVjMEOwiAQBf-FsyEsUKE9evcbCAuLRQ00pU00xn_XJr30-mbmfZhr1FquxdFryvObDeLEnF-X0a2NZpcjGxiww4Y-PKhsIN59uVUealnmjHxT-E4bv9ZIz8vuHg5G38Z_jYheQRRghU0ydsGilRpMp86QLJFHi4qS7g31UkkVwAirodeUDCgd2fcHC_Q-rw:1n7Ot0:u0Vpz6OVgF9LCvV80PrguemSrqUMqROSDUAqXkvfCMY	2022-01-12 12:40:58.048653+03
xzcq9dghkvisrv7mrcbn6niid0yl6qxj	.eJxVjMEOwiAQBf-FsyEsUKE9evcbCAuLRQ00pU00xn_XJr30-mbmfZhr1FquxdFryvObDeLEnF-X0a2NZpcjGxiww4Y-PKhsIN59uVUealnmjHxT-E4bv9ZIz8vuHg5G38Z_jYheQRRghU0ydsGilRpMp86QLJFHi4qS7g31UkkVwAirodeUDCgd2fcHC_Q-rw:1mC7wx:Xht6SeQ5w0n1Q3QWtcIQOibXyvUa4dahfa08fh0EOeQ	2021-08-07 13:04:19.379026+03
tubwiputm9fddl15tecei36n311ikdlx	.eJxVjEEOwiAQRe_C2hAGqAwu3fcMhIFBqoYmpV0Z765NutDtf-_9lwhxW2vYOi9hyuIiQJx-N4rpwW0H-R7bbZZpbusykdwVedAuxznz83q4fwc19vqtiSgayApQYdF5SEioLbjBnKEgcyQkw8V6x14bbRI4hRa85eLA2CzeH-MJN3I:1mCfae:EeSN6QgBA92WDNca4vvYnO30paDk1Y-C9OrhiISV2Uw	2021-08-09 00:59:32.10396+03
zwdg9usy8jtincembdbq0x24936yuihz	.eJxVjEEOwiAQRe_C2hAGqAwu3fcMhIFBqoYmpV0Z765NutDtf-_9lwhxW2vYOi9hyuIiQJx-N4rpwW0H-R7bbZZpbusykdwVedAuxznz83q4fwc19vqtiSgayApQYdF5SEioLbjBnKEgcyQkw8V6x14bbRI4hRa85eLA2CzeH-MJN3I:1mD0OL:cp0GsWzgGZ23swa7zcs__33YLHsm5Hl4Z-yGPmClIC8	2021-08-09 23:12:13.518338+03
53llj588iz96lk8syoh2nw1b6a81v0aw	.eJxVjMEOwiAQBf-FsyEsUKE9evcbCAuLRQ00pU00xn_XJr30-mbmfZhr1FquxdFryvObDeLEnF-X0a2NZpcjGxiww4Y-PKhsIN59uVUealnmjHxT-E4bv9ZIz8vuHg5G38Z_jYheQRRghU0ydsGilRpMp86QLJFHi4qS7g31UkkVwAirodeUDCgd2fcHC_Q-rw:1mFXTv:hiV6xLTp94MnyYUiJPsFc4DAPLWE-4UZgbwd9zPevzw	2021-08-16 22:56:27.289105+03
ap5nwlg55kdg5oxk36kfi3esbav5jd1b	.eJxVjEEOwiAQRe_C2hAGqAwu3fcMhIFBqoYmpV0Z765NutDtf-_9lwhxW2vYOi9hyuIiQJx-N4rpwW0H-R7bbZZpbusykdwVedAuxznz83q4fwc19vqtiSgayApQYdF5SEioLbjBnKEgcyQkw8V6x14bbRI4hRa85eLA2CzeH-MJN3I:1mFcmH:S1CC8Qj_hOQRkV0EHh2FDB0HwFk2hq6hnL8utuVzWek	2021-08-17 04:35:45.881391+03
v4jvxp1t0zg6tg1k4248440eov7uk57k	.eJxVjEEOwiAQRe_C2hAGqAwu3fcMhIFBqoYmpV0Z765NutDtf-_9lwhxW2vYOi9hyuIiQJx-N4rpwW0H-R7bbZZpbusykdwVedAuxznz83q4fwc19vqtiSgayApQYdF5SEioLbjBnKEgcyQkw8V6x14bbRI4hRa85eLA2CzeH-MJN3I:1mG1MW:IVoxOWZJWwXjh_GJnfkzJ3D4C0kRPoMgAFK3aYqBARg	2021-08-18 06:50:48.419357+03
xr6a51m5umbsbisdonhddf4btcklsa2r	.eJxVjMEOwiAQBf-FsyEsUKE9evcbCAuLRQ00pU00xn_XJr30-mbmfZhr1FquxdFryvObDeLEnF-X0a2NZpcjGxiww4Y-PKhsIN59uVUealnmjHxT-E4bv9ZIz8vuHg5G38Z_jYheQRRghU0ydsGilRpMp86QLJFHi4qS7g31UkkVwAirodeUDCgd2fcHC_Q-rw:1mGFAF:4lgfFg3_vCyh4-VIAtiUFgojIo9Hn9KrPQC5euumjNI	2021-08-18 21:35:03.943639+03
w0m49kgf7rga8mh40yw4axjsp07ok5d2	.eJxVjMEOwiAQBf-FsyEsUKE9evcbCAuLRQ00pU00xn_XJr30-mbmfZhr1FquxdFryvObDeLEnF-X0a2NZpcjGxiww4Y-PKhsIN59uVUealnmjHxT-E4bv9ZIz8vuHg5G38Z_jYheQRRghU0ydsGilRpMp86QLJFHi4qS7g31UkkVwAirodeUDCgd2fcHC_Q-rw:1mGywG:NBPr3NeYodr6VfhTXEfJ74NhMfI6w1mFDxwuAZmYmGI	2021-08-20 22:27:40.856+03
f6bdg58l5d58jqkkkkxdqbuosu064aav	.eJxVjEEOwiAQRe_C2hAGqAwu3fcMhIFBqoYmpV0Z765NutDtf-_9lwhxW2vYOi9hyuIiQJx-N4rpwW0H-R7bbZZpbusykdwVedAuxznz83q4fwc19vqtiSgayApQYdF5SEioLbjBnKEgcyQkw8V6x14bbRI4hRa85eLA2CzeH-MJN3I:1mHjyp:MF7FOaGfuPKnEOV2XJxmbHjPZYodk6u4grlZDYb3AfM	2021-08-23 00:41:27.363167+03
nkn8g2fp75pk5g46y1y2xjntxb0jzm6k	.eJxVjEEOwiAQRe_C2hAGqAwu3fcMhIFBqoYmpV0Z765NutDtf-_9lwhxW2vYOi9hyuIiQJx-N4rpwW0H-R7bbZZpbusykdwVedAuxznz83q4fwc19vqtiSgayApQYdF5SEioLbjBnKEgcyQkw8V6x14bbRI4hRa85eLA2CzeH-MJN3I:1mISie:8KTPtYEprclOSpxIOpSlMHLAXeIP_tJFdWfwW7qiiaA	2021-08-25 00:27:44.215707+03
y6h6ejoyxjiyoew4tl80vpwd7cvuf6st	.eJxVjMEOwiAQBf-FsyEsUKE9evcbCAuLRQ00pU00xn_XJr30-mbmfZhr1FquxdFryvObDeLEnF-X0a2NZpcjGxiww4Y-PKhsIN59uVUealnmjHxT-E4bv9ZIz8vuHg5G38Z_jYheQRRghU0ydsGilRpMp86QLJFHi4qS7g31UkkVwAirodeUDCgd2fcHC_Q-rw:1mJCPM:G4YlFrCnx_BS6EtUQSvlA0IQACfpQwNxHpkVSHB5pm8	2021-08-27 01:14:52.278473+03
cqy4ub82t1g8p1p7bdu1utzj7vz7merj	.eJxVjMEOwiAQBf-FsyEsUKE9evcbCAuLRQ00pU00xn_XJr30-mbmfZhr1FquxdFryvObDeLEnF-X0a2NZpcjGxiww4Y-PKhsIN59uVUealnmjHxT-E4bv9ZIz8vuHg5G38Z_jYheQRRghU0ydsGilRpMp86QLJFHi4qS7g31UkkVwAirodeUDCgd2fcHC_Q-rw:1mJNeY:agEVwcu_Fh5f37yUg1eCrIM3mjdPpJfFIZkbPtDIjRI	2021-08-27 13:15:18.547055+03
uop955x0e71pzpyzrgrled91ex22h4i8	.eJxVjMEOwiAQBf-FsyEsUKE9evcbCAuLRQ00pU00xn_XJr30-mbmfZhr1FquxdFryvObDeLEnF-X0a2NZpcjGxiww4Y-PKhsIN59uVUealnmjHxT-E4bv9ZIz8vuHg5G38Z_jYheQRRghU0ydsGilRpMp86QLJFHi4qS7g31UkkVwAirodeUDCgd2fcHC_Q-rw:1mJcNo:Ks3scJsknEIyxrC9coHXVqjkDOFjJm49M9_wxmYdCas	2021-08-28 04:59:00.815878+03
4u1iejvtr5nz18u34n2h0apqqywsm8ys	.eJxVjMEOwiAQBf-FsyEsUKE9evcbCAuLRQ00pU00xn_XJr30-mbmfZhr1FquxdFryvObDeLEnF-X0a2NZpcjGxiww4Y-PKhsIN59uVUealnmjHxT-E4bv9ZIz8vuHg5G38Z_jYheQRRghU0ydsGilRpMp86QLJFHi4qS7g31UkkVwAirodeUDCgd2fcHC_Q-rw:1mKQSc:ztJ4_FDqGuGS2Kg1Z7aS0pziMpVTuqskNlVCj-OIxb8	2021-08-30 10:27:18.293398+03
8gh4tbm179cta1whei15j4wkddpqys1n	.eJxVjMEOwiAQBf-FsyEsUKE9evcbCAuLRQ00pU00xn_XJr30-mbmfZhr1FquxdFryvObDeLEnF-X0a2NZpcjGxiww4Y-PKhsIN59uVUealnmjHxT-E4bv9ZIz8vuHg5G38Z_jYheQRRghU0ydsGilRpMp86QLJFHi4qS7g31UkkVwAirodeUDCgd2fcHC_Q-rw:1mKbt8:KRL2Zxk4clas2J_a2O8DwDsGXTcjLiGvCHvJH4344_k	2021-08-30 22:39:26.194005+03
hm83yn4mqpv3bptow32opj1hr4hadduk	.eJxVjMEOwiAQBf-FsyEsUKE9evcbCAuLRQ00pU00xn_XJr30-mbmfZhr1FquxdFryvObDeLEnF-X0a2NZpcjGxiww4Y-PKhsIN59uVUealnmjHxT-E4bv9ZIz8vuHg5G38Z_jYheQRRghU0ydsGilRpMp86QLJFHi4qS7g31UkkVwAirodeUDCgd2fcHC_Q-rw:1mKksD:XbHkwQSvVQUm0zzxNoyphcPMoSPn_RtaRWNV-AfyvEQ	2021-08-31 08:15:05.985216+03
f9i11eeriqutxntzodhwptllhecxuo8l	.eJxVjMEOwiAQBf-FsyEsUKE9evcbCAuLRQ00pU00xn_XJr30-mbmfZhr1FquxdFryvObDeLEnF-X0a2NZpcjGxiww4Y-PKhsIN59uVUealnmjHxT-E4bv9ZIz8vuHg5G38Z_jYheQRRghU0ydsGilRpMp86QLJFHi4qS7g31UkkVwAirodeUDCgd2fcHC_Q-rw:1mKxXL:uiCWOkQUuk9LqwNcfkVoKyCZ-MzTMQ-_wKPYB83hA_0	2021-08-31 21:46:23.372619+03
wd2n82xuctu1h8fc0hglg6s79n9fbvth	.eJxVjEEOwiAQRe_C2hAGqAwu3fcMhIFBqoYmpV0Z765NutDtf-_9lwhxW2vYOi9hyuIiQJx-N4rpwW0H-R7bbZZpbusykdwVedAuxznz83q4fwc19vqtiSgayApQYdF5SEioLbjBnKEgcyQkw8V6x14bbRI4hRa85eLA2CzeH-MJN3I:1mLALa:lLsuMDONRtLbKmUMdR3Xu28r4ZWMA6Sv9lisKNnoLDY	2021-09-01 11:27:06.358533+03
vxsusdtmzhf2gzq0zy03wsjqstgpcxim	.eJxVjMEOwiAQBf-FsyEsUKE9evcbCAuLRQ00pU00xn_XJr30-mbmfZhr1FquxdFryvObDeLEnF-X0a2NZpcjGxiww4Y-PKhsIN59uVUealnmjHxT-E4bv9ZIz8vuHg5G38Z_jYheQRRghU0ydsGilRpMp86QLJFHi4qS7g31UkkVwAirodeUDCgd2fcHC_Q-rw:1mLhqU:Y_akQ6zFeA3Tm2wk6skI7T7UJ9jijcON0qkKbQQaU1E	2021-09-02 23:13:14.486657+03
kdn2mllkxb8mhdc28j5kjue14d21rubp	.eJxVjMEOwiAQBf-FsyEsUKE9evcbCAuLRQ00pU00xn_XJr30-mbmfZhr1FquxdFryvObDeLEnF-X0a2NZpcjGxiww4Y-PKhsIN59uVUealnmjHxT-E4bv9ZIz8vuHg5G38Z_jYheQRRghU0ydsGilRpMp86QLJFHi4qS7g31UkkVwAirodeUDCgd2fcHC_Q-rw:1mLtS7:uywRmgyDlc32JMT9saZYkMy1QG6I_zxiy_tXDu-kUmw	2021-09-03 11:36:51.182089+03
hzf1dljlc31kuipml4g102tg1zr5fjka	.eJxVjEEOwiAQRe_C2hAGqAwu3fcMhIFBqoYmpV0Z765NutDtf-_9lwhxW2vYOi9hyuIiQJx-N4rpwW0H-R7bbZZpbusykdwVedAuxznz83q4fwc19vqtiSgayApQYdF5SEioLbjBnKEgcyQkw8V6x14bbRI4hRa85eLA2CzeH-MJN3I:1mM8Yv:KuCwYjjX7U2Z5weGKWnFF3hrmBqKk4Q7YyudnKOQURc	2021-09-04 03:44:53.64091+03
qhlpjan8qm1x5dkhou1iws7rjtn9rrbr	.eJxVjMEOwiAQBf-FsyEsUKE9evcbCAuLRQ00pU00xn_XJr30-mbmfZhr1FquxdFryvObDeLEnF-X0a2NZpcjGxiww4Y-PKhsIN59uVUealnmjHxT-E4bv9ZIz8vuHg5G38Z_jYheQRRghU0ydsGilRpMp86QLJFHi4qS7g31UkkVwAirodeUDCgd2fcHC_Q-rw:1mMQDN:30kHYUFFTnyTIoxJuHiL5UeyBb9fEWh_JAje0oQuwYE	2021-09-04 22:35:49.832722+03
1ym0f274glgqtiky2mqpn1ofy1lmct9h	.eJxVjEEOwiAQRe_C2hAGqAwu3fcMhIFBqoYmpV0Z765NutDtf-_9lwhxW2vYOi9hyuIiQJx-N4rpwW0H-R7bbZZpbusykdwVedAuxznz83q4fwc19vqtiSgayApQYdF5SEioLbjBnKEgcyQkw8V6x14bbRI4hRa85eLA2CzeH-MJN3I:1mMdHu:dgUyEkHMXuWJ4ywZnk1OTGgerrzOhCvPtKlml4fyv8o	2021-09-05 12:33:22.21845+03
f2dw1u1jfpbrss68yksgk9xy9xjlxp9q	.eJxVjMEOwiAQBf-FsyEsUKE9evcbCAuLRQ00pU00xn_XJr30-mbmfZhr1FquxdFryvObDeLEnF-X0a2NZpcjGxiww4Y-PKhsIN59uVUealnmjHxT-E4bv9ZIz8vuHg5G38Z_jYheQRRghU0ydsGilRpMp86QLJFHi4qS7g31UkkVwAirodeUDCgd2fcHC_Q-rw:1mMoiw:0_1NYsr_mAJdPTqZeJJt5aiLoMINmCd9WodkOFMOgLo	2021-09-06 00:46:02.808498+03
oa9ehffmezi32y7601ch2x7bpm1ww6rc	.eJxVjMEOwiAQBf-FsyEsUKE9evcbCAuLRQ00pU00xn_XJr30-mbmfZhr1FquxdFryvObDeLEnF-X0a2NZpcjGxiww4Y-PKhsIN59uVUealnmjHxT-E4bv9ZIz8vuHg5G38Z_jYheQRRghU0ydsGilRpMp86QLJFHi4qS7g31UkkVwAirodeUDCgd2fcHC_Q-rw:1mNAeW:35xocwEscITCfx_0c01E1Rf-dsB-lHHhnZwI36z6Dp0	2021-09-07 00:10:56.36026+03
clhmg423v7i2271xu6mg52sbnvqf2erm	.eJxVjMEOwiAQBf-FsyEsUKE9evcbCAuLRQ00pU00xn_XJr30-mbmfZhr1FquxdFryvObDeLEnF-X0a2NZpcjGxiww4Y-PKhsIN59uVUealnmjHxT-E4bv9ZIz8vuHg5G38Z_jYheQRRghU0ydsGilRpMp86QLJFHi4qS7g31UkkVwAirodeUDCgd2fcHC_Q-rw:1mNHMn:ngYi0K60t-jlWV7YdIAUI-_33LbWZILZlxqUU_IefHU	2021-09-07 07:21:05.589228+03
wjxmrhdhmsdtyqpd3dqbb0qsz6rqxxk8	.eJxVjMEOwiAQBf-FsyEsUKE9evcbCAuLRQ00pU00xn_XJr30-mbmfZhr1FquxdFryvObDeLEnF-X0a2NZpcjGxiww4Y-PKhsIN59uVUealnmjHxT-E4bv9ZIz8vuHg5G38Z_jYheQRRghU0ydsGilRpMp86QLJFHi4qS7g31UkkVwAirodeUDCgd2fcHC_Q-rw:1mNWsp:I_YC2JqIcCi1nUFUR6bNJUSsLCyJ9x0VBZMZBcG9KY0	2021-09-07 23:55:11.113406+03
ci0tglo5gimqxosbzg6sede60eixqrdi	.eJxVjMEOwiAQBf-FsyEsUKE9evcbCAuLRQ00pU00xn_XJr30-mbmfZhr1FquxdFryvObDeLEnF-X0a2NZpcjGxiww4Y-PKhsIN59uVUealnmjHxT-E4bv9ZIz8vuHg5G38Z_jYheQRRghU0ydsGilRpMp86QLJFHi4qS7g31UkkVwAirodeUDCgd2fcHC_Q-rw:1mNjWG:JDp8TPTCGX0N97gs1PjSBBVG3bsuScym7UvEK3cnDP0	2021-09-08 13:24:44.305745+03
igchrzzjc6d12kznjug696hal7dncyv4	.eJxVjEEOwiAQRe_C2hAGqAwu3fcMhIFBqoYmpV0Z765NutDtf-_9lwhxW2vYOi9hyuIiQJx-N4rpwW0H-R7bbZZpbusykdwVedAuxznz83q4fwc19vqtiSgayApQYdF5SEioLbjBnKEgcyQkw8V6x14bbRI4hRa85eLA2CzeH-MJN3I:1mO4tP:UVfcewafLTSUgCf8HPhmRsbldgUTnp3cavB3n33zDBo	2021-09-09 12:14:03.770745+03
o6vkt3gvag493utox0bxmwpevauezd8r	.eJxVjMEOwiAQBf-FsyEsUKE9evcbCAuLRQ00pU00xn_XJr30-mbmfZhr1FquxdFryvObDeLEnF-X0a2NZpcjGxiww4Y-PKhsIN59uVUealnmjHxT-E4bv9ZIz8vuHg5G38Z_jYheQRRghU0ydsGilRpMp86QLJFHi4qS7g31UkkVwAirodeUDCgd2fcHC_Q-rw:1mOyWC:y9cyAgMZNIGorwPUWvFblHPrwCC6Y3Bbe1LN9UKEQSo	2021-09-11 23:37:48.784312+03
2siy81gcqsm0bq2275raehvymoh2ldxn	.eJxVjMEOwiAQBf-FsyEsUKE9evcbCAuLRQ00pU00xn_XJr30-mbmfZhr1FquxdFryvObDeLEnF-X0a2NZpcjGxiww4Y-PKhsIN59uVUealnmjHxT-E4bv9ZIz8vuHg5G38Z_jYheQRRghU0ydsGilRpMp86QLJFHi4qS7g31UkkVwAirodeUDCgd2fcHC_Q-rw:1mPLYr:NNs0RlevsBEFS6IrpvxlyiM7bjzBdazRwrw70-yudog	2021-09-13 00:14:05.51588+03
2qjei0kc2cc96xce41w8dkwpay8uw3hq	.eJxVjMEOwiAQBf-FsyEsUKE9evcbCAuLRQ00pU00xn_XJr30-mbmfZhr1FquxdFryvObDeLEnF-X0a2NZpcjGxiww4Y-PKhsIN59uVUealnmjHxT-E4bv9ZIz8vuHg5G38Z_jYheQRRghU0ydsGilRpMp86QLJFHi4qS7g31UkkVwAirodeUDCgd2fcHC_Q-rw:1mPWrh:yDltVJVZZnpD-feRwyHug2deXOJLl3mo0Dk7kNwbddk	2021-09-13 12:18:17.825298+03
9p1osomzk7xurfmhswpxc5j75khwte87	.eJxVjMEOwiAQBf-FsyEsUKE9evcbCAuLRQ00pU00xn_XJr30-mbmfZhr1FquxdFryvObDeLEnF-X0a2NZpcjGxiww4Y-PKhsIN59uVUealnmjHxT-E4bv9ZIz8vuHg5G38Z_jYheQRRghU0ydsGilRpMp86QLJFHi4qS7g31UkkVwAirodeUDCgd2fcHC_Q-rw:1mPYlX:UJGy-h91AkEP2YoWuClGSRDVJijynDwCUCC06lsEIGk	2021-09-13 14:20:03.006385+03
nftegvcf89grta7cjrv6zlyvdi7e2fgo	.eJxVjMEOwiAQBf-FsyEsUKE9evcbCAuLRQ00pU00xn_XJr30-mbmfZhr1FquxdFryvObDeLEnF-X0a2NZpcjGxiww4Y-PKhsIN59uVUealnmjHxT-E4bv9ZIz8vuHg5G38Z_jYheQRRghU0ydsGilRpMp86QLJFHi4qS7g31UkkVwAirodeUDCgd2fcHC_Q-rw:1mPm1e:HVDvUxYSq4dlpUgRik0EHpHU2eI_ioeOOLRF7tyiabE	2021-09-14 04:29:34.4481+03
6kxuo7tzbn68gro8fw37e59if9vtgu0z	.eJxVjMEOwiAQBf-FsyEsUKE9evcbCAuLRQ00pU00xn_XJr30-mbmfZhr1FquxdFryvObDeLEnF-X0a2NZpcjGxiww4Y-PKhsIN59uVUealnmjHxT-E4bv9ZIz8vuHg5G38Z_jYheQRRghU0ydsGilRpMp86QLJFHi4qS7g31UkkVwAirodeUDCgd2fcHC_Q-rw:1mQ70g:zOevtzGZ--0taz4p3OtAG0Fo3nBavcDjLBKZxoB0Uz8	2021-09-15 02:53:58.804587+03
jmay8bae84h0rt3d336f4zii0epp4nle	.eJxVjMEOwiAQBf-FsyEsUKE9evcbCAuLRQ00pU00xn_XJr30-mbmfZhr1FquxdFryvObDeLEnF-X0a2NZpcjGxiww4Y-PKhsIN59uVUealnmjHxT-E4bv9ZIz8vuHg5G38Z_jYheQRRghU0ydsGilRpMp86QLJFHi4qS7g31UkkVwAirodeUDCgd2fcHC_Q-rw:1mQlWC:Yc7mgWgB79L_utII7J-3cwSTzSjnwUd_rqXcTarm8RI	2021-09-16 22:09:12.433265+03
cf3dlzdh0nq14lm6lc2ktoqswbo08g7b	.eJxVjMEOwiAQBf-FsyEsUKE9evcbCAuLRQ00pU00xn_XJr30-mbmfZhr1FquxdFryvObDeLEnF-X0a2NZpcjGxiww4Y-PKhsIN59uVUealnmjHxT-E4bv9ZIz8vuHg5G38Z_jYheQRRghU0ydsGilRpMp86QLJFHi4qS7g31UkkVwAirodeUDCgd2fcHC_Q-rw:1mQlrk:VWGKSgJL7SbZj0RKfRNIvJ_w8PIPf1uc83aj2esS1G0	2021-09-16 22:31:28.816374+03
ry2ee09cvr4gx0mn9avq5v3lt0rwuq9s	.eJxVjMEOwiAQBf-FsyEsUKE9evcbCAuLRQ00pU00xn_XJr30-mbmfZhr1FquxdFryvObDeLEnF-X0a2NZpcjGxiww4Y-PKhsIN59uVUealnmjHxT-E4bv9ZIz8vuHg5G38Z_jYheQRRghU0ydsGilRpMp86QLJFHi4qS7g31UkkVwAirodeUDCgd2fcHC_Q-rw:1mQmeD:63YSAazFBOeutetD_GdCmIkaHmOx-t1tsdE3BuMvFIU	2021-09-16 23:21:33.943192+03
41hnhk9w7g446b5oj30p9j5yeomd4l1y	.eJxVjMEOwiAQBf-FsyEsUKE9evcbCAuLRQ00pU00xn_XJr30-mbmfZhr1FquxdFryvObDeLEnF-X0a2NZpcjGxiww4Y-PKhsIN59uVUealnmjHxT-E4bv9ZIz8vuHg5G38Z_jYheQRRghU0ydsGilRpMp86QLJFHi4qS7g31UkkVwAirodeUDCgd2fcHC_Q-rw:1mQnTC:isMclUV-vAEEsxQ9ncXn89wG4ruUhSSF2vUMHy2hhN4	2021-09-17 00:14:14.017497+03
zi6nb5xsmcxurxtwsn2klywmv8cjqe3h	.eJxVjMEOwiAQBf-FsyEsUKE9evcbCAuLRQ00pU00xn_XJr30-mbmfZhr1FquxdFryvObDeLEnF-X0a2NZpcjGxiww4Y-PKhsIN59uVUealnmjHxT-E4bv9ZIz8vuHg5G38Z_jYheQRRghU0ydsGilRpMp86QLJFHi4qS7g31UkkVwAirodeUDCgd2fcHC_Q-rw:1mRVbu:In-6J2sNPd56O4o2iyfZDRRD_WGoA7EL_VJmYzIF7zE	2021-09-18 23:22:10.488729+03
ilctsy3qb3hg2jrobi3eexjmvt2qk9y9	.eJxVjMEOwiAQBf-FsyEsUKE9evcbCAuLRQ00pU00xn_XJr30-mbmfZhr1FquxdFryvObDeLEnF-X0a2NZpcjGxiww4Y-PKhsIN59uVUealnmjHxT-E4bv9ZIz8vuHg5G38Z_jYheQRRghU0ydsGilRpMp86QLJFHi4qS7g31UkkVwAirodeUDCgd2fcHC_Q-rw:1mRj48:OSunn6P83MSLLt7TS4IHZTk-N0JnDLEfVwyzCqTNw2s	2021-09-19 13:44:12.89404+03
6rfa2649h5mrdb2tz1fmp2ljjjiw4ivq	.eJxVjEEOwiAQRe_C2hAGqAwu3fcMhIFBqoYmpV0Z765NutDtf-_9lwhxW2vYOi9hyuIiQJx-N4rpwW0H-R7bbZZpbusykdwVedAuxznz83q4fwc19vqtiSgayApQYdF5SEioLbjBnKEgcyQkw8V6x14bbRI4hRa85eLA2CzeH-MJN3I:1mRuZ3:wZzPqHXJ41AZdYOVopDig4Yt-2JzmgbBkx5l2NO8XKs	2021-09-20 02:00:53.449886+03
1r8y4d19lhldzx82p9r1kyl47yoby61t	.eJxVjMEOwiAQBf-FsyEsUKE9evcbCAuLRQ00pU00xn_XJr30-mbmfZhr1FquxdFryvObDeLEnF-X0a2NZpcjGxiww4Y-PKhsIN59uVUealnmjHxT-E4bv9ZIz8vuHg5G38Z_jYheQRRghU0ydsGilRpMp86QLJFHi4qS7g31UkkVwAirodeUDCgd2fcHC_Q-rw:1mSHi5:X878GnBAQ0fTL7lBsZhctBixBY3AYFd4xnSpccpSBPw	2021-09-21 02:43:45.831821+03
ywfc9g6ct6k8fjdusr1ttoich59kbyv4	.eJxVjMEOwiAQBf-FsyEsUKE9evcbCAuLRQ00pU00xn_XJr30-mbmfZhr1FquxdFryvObDeLEnF-X0a2NZpcjGxiww4Y-PKhsIN59uVUealnmjHxT-E4bv9ZIz8vuHg5G38Z_jYheQRRghU0ydsGilRpMp86QLJFHi4qS7g31UkkVwAirodeUDCgd2fcHC_Q-rw:1mSamr:Q4iRRuLWqowq16KWHDmeWmtR9eEkFRpUWVCIm7Zc0sw	2021-09-21 23:05:57.28539+03
7xh4v3w5a4s2o5yigeejfudfvyme3xmh	.eJxVjMEOwiAQBf-FsyEsUKE9evcbCAuLRQ00pU00xn_XJr30-mbmfZhr1FquxdFryvObDeLEnF-X0a2NZpcjGxiww4Y-PKhsIN59uVUealnmjHxT-E4bv9ZIz8vuHg5G38Z_jYheQRRghU0ydsGilRpMp86QLJFHi4qS7g31UkkVwAirodeUDCgd2fcHC_Q-rw:1mSaoP:leJOMCA8h-QkaeB-eD2SQFFxuZfP8bPtPF0guYLloUA	2021-09-21 23:07:33.989884+03
2cg857tluzi3ncoxmpyhdci8wrga45yf	.eJxVjMEOwiAQBf-FsyEsUKE9evcbCAuLRQ00pU00xn_XJr30-mbmfZhr1FquxdFryvObDeLEnF-X0a2NZpcjGxiww4Y-PKhsIN59uVUealnmjHxT-E4bv9ZIz8vuHg5G38Z_jYheQRRghU0ydsGilRpMp86QLJFHi4qS7g31UkkVwAirodeUDCgd2fcHC_Q-rw:1mSaqn:B-HoktMLAddxrPP5ZFFjiLXbHUAPKKB_WZ4kpN9-Cts	2021-09-21 23:10:01.452337+03
u0enmfmyw6t5rdjdf3qpep36g8ol3lqp	.eJxVjMEOwiAQBf-FsyEsUKE9evcbCAuLRQ00pU00xn_XJr30-mbmfZhr1FquxdFryvObDeLEnF-X0a2NZpcjGxiww4Y-PKhsIN59uVUealnmjHxT-E4bv9ZIz8vuHg5G38Z_jYheQRRghU0ydsGilRpMp86QLJFHi4qS7g31UkkVwAirodeUDCgd2fcHC_Q-rw:1mSnCp:VcJXsabCRMY5SqDLgiTydwqYVY2ssaMacFoDmjPbhyM	2021-09-22 12:21:35.866016+03
ngj1x3pf59vlc639bvgignqwgv6xa6t4	.eJxVjMEOwiAQBf-FsyEsUKE9evcbCAuLRQ00pU00xn_XJr30-mbmfZhr1FquxdFryvObDeLEnF-X0a2NZpcjGxiww4Y-PKhsIN59uVUealnmjHxT-E4bv9ZIz8vuHg5G38Z_jYheQRRghU0ydsGilRpMp86QLJFHi4qS7g31UkkVwAirodeUDCgd2fcHC_Q-rw:1mTYLn:maPs5c3gMuQFTsWkMiJ2g21gyerIyXhqhtthaKMRX3U	2021-09-24 14:41:59.951858+03
b1usw20hrod7ck3j5s6g4r9dl5d8bwrp	.eJxVjMEOwiAQBf-FsyEsUKE9evcbCAuLRQ00pU00xn_XJr30-mbmfZhr1FquxdFryvObDeLEnF-X0a2NZpcjGxiww4Y-PKhsIN59uVUealnmjHxT-E4bv9ZIz8vuHg5G38Z_jYheQRRghU0ydsGilRpMp86QLJFHi4qS7g31UkkVwAirodeUDCgd2fcHC_Q-rw:1mTZLI:r0p3nU_o2zR0LohoxsRZ_zARyN7HYx8nRZ4HFitXk9Q	2021-09-24 15:45:32.950926+03
7q7b0y2vap7nrhaf1ousd3juxpubmiqf	.eJxVjMEOwiAQBf-FsyEsUKE9evcbCAuLRQ00pU00xn_XJr30-mbmfZhr1FquxdFryvObDeLEnF-X0a2NZpcjGxiww4Y-PKhsIN59uVUealnmjHxT-E4bv9ZIz8vuHg5G38Z_jYheQRRghU0ydsGilRpMp86QLJFHi4qS7g31UkkVwAirodeUDCgd2fcHC_Q-rw:1mTtDa:7W42slJCIIO3kpRMAkjoie8rFebR-UeRfa-kYoo7NBU	2021-09-25 12:58:54.890122+03
o60lypd1wv1l4nvljte6eabt2iblmakw	.eJxVjMEOwiAQBf-FsyEsUKE9evcbCAuLRQ00pU00xn_XJr30-mbmfZhr1FquxdFryvObDeLEnF-X0a2NZpcjGxiww4Y-PKhsIN59uVUealnmjHxT-E4bv9ZIz8vuHg5G38Z_jYheQRRghU0ydsGilRpMp86QLJFHi4qS7g31UkkVwAirodeUDCgd2fcHC_Q-rw:1mTtY0:zyWoqtCXjJDqcivqhlYqAZSb9bLvqWJarHMCaf9-hv4	2021-09-25 13:20:00.884929+03
c9gyr3xcpmavj2me20dzr00w059xhop1	.eJxVjMEOwiAQBf-FsyEsUKE9evcbCAuLRQ00pU00xn_XJr30-mbmfZhr1FquxdFryvObDeLEnF-X0a2NZpcjGxiww4Y-PKhsIN59uVUealnmjHxT-E4bv9ZIz8vuHg5G38Z_jYheQRRghU0ydsGilRpMp86QLJFHi4qS7g31UkkVwAirodeUDCgd2fcHC_Q-rw:1mTtcr:h7TvWtMndT9469yXrg5EL1Nx2CrSt3qWfIdDx-Ki3hw	2021-09-25 13:25:01.224681+03
g0ic6gor73uuybew23q9egow2o6qm1ls	.eJxVjMEOwiAQBf-FsyEsUKE9evcbCAuLRQ00pU00xn_XJr30-mbmfZhr1FquxdFryvObDeLEnF-X0a2NZpcjGxiww4Y-PKhsIN59uVUealnmjHxT-E4bv9ZIz8vuHg5G38Z_jYheQRRghU0ydsGilRpMp86QLJFHi4qS7g31UkkVwAirodeUDCgd2fcHC_Q-rw:1mUFlw:_6mKGC4_0-vUjfAyF90vrQMe3v_FoYuk4bTaNXxa-Eg	2021-09-26 13:03:52.315661+03
5s28ou7nhg7qgez5myqgng2sp39z5t0u	.eJxVjMEOwiAQBf-FsyEsUKE9evcbCAuLRQ00pU00xn_XJr30-mbmfZhr1FquxdFryvObDeLEnF-X0a2NZpcjGxiww4Y-PKhsIN59uVUealnmjHxT-E4bv9ZIz8vuHg5G38Z_jYheQRRghU0ydsGilRpMp86QLJFHi4qS7g31UkkVwAirodeUDCgd2fcHC_Q-rw:1mUFtE:e9ClEujTA_Lon3JQiGjGiqWmlBT5PdVRd8ZlQwyYy7k	2021-09-26 13:11:24.995777+03
4352jqivt8xyzq5vtbxtr7kza3cfmcbn	.eJxVjMEOwiAQBf-FsyEsUKE9evcbCAuLRQ00pU00xn_XJr30-mbmfZhr1FquxdFryvObDeLEnF-X0a2NZpcjGxiww4Y-PKhsIN59uVUealnmjHxT-E4bv9ZIz8vuHg5G38Z_jYheQRRghU0ydsGilRpMp86QLJFHi4qS7g31UkkVwAirodeUDCgd2fcHC_Q-rw:1mUFx1:heFQz1o2lVLodsZEqxEy0BkHQPg8mLZU32fgFHbyepY	2021-09-26 13:15:19.287785+03
mos83g9qyzrhmcnf8nnm81tg7ymork01	.eJxVjMEOwiAQBf-FsyEsUKE9evcbCAuLRQ00pU00xn_XJr30-mbmfZhr1FquxdFryvObDeLEnF-X0a2NZpcjGxiww4Y-PKhsIN59uVUealnmjHxT-E4bv9ZIz8vuHg5G38Z_jYheQRRghU0ydsGilRpMp86QLJFHi4qS7g31UkkVwAirodeUDCgd2fcHC_Q-rw:1mUG1N:-zI9SCCRVGCGQroijFtZrfhDb-sH4ihuQM6i02I_nMg	2021-09-26 13:19:49.208617+03
yhvyn6ari7ew31bzdlbwj1tcaf7sdslq	.eJxVjMEOwiAQBf-FsyEsUKE9evcbCAuLRQ00pU00xn_XJr30-mbmfZhr1FquxdFryvObDeLEnF-X0a2NZpcjGxiww4Y-PKhsIN59uVUealnmjHxT-E4bv9ZIz8vuHg5G38Z_jYheQRRghU0ydsGilRpMp86QLJFHi4qS7g31UkkVwAirodeUDCgd2fcHC_Q-rw:1mUGGs:H1Nr9kRL6_3Y5zXEXcYhs9voz9dPTCDfWnolcHmFwo4	2021-09-26 13:35:50.252028+03
ajo2g0cz25cxoqnqr9toi9kt6yi72jrk	.eJxVjMEOwiAQBf-FsyEsUKE9evcbCAuLRQ00pU00xn_XJr30-mbmfZhr1FquxdFryvObDeLEnF-X0a2NZpcjGxiww4Y-PKhsIN59uVUealnmjHxT-E4bv9ZIz8vuHg5G38Z_jYheQRRghU0ydsGilRpMp86QLJFHi4qS7g31UkkVwAirodeUDCgd2fcHC_Q-rw:1mUcr4:HyVJmDdyrsnviTA6v52zz8zUvnTa3rWIn9f9mk8FMaI	2021-09-27 13:42:42.602677+03
un6j9ci7y2aoi0y2mxpr8c0kir9r0jup	.eJxVjMEOwiAQBf-FsyEsUKE9evcbCAuLRQ00pU00xn_XJr30-mbmfZhr1FquxdFryvObDeLEnF-X0a2NZpcjGxiww4Y-PKhsIN59uVUealnmjHxT-E4bv9ZIz8vuHg5G38Z_jYheQRRghU0ydsGilRpMp86QLJFHi4qS7g31UkkVwAirodeUDCgd2fcHC_Q-rw:1mUd3P:2qyLu67BsgJ4tbzgTnvqbhRGOhz6JwdEES63NAEOoQ8	2021-09-27 13:55:27.695012+03
binwi091hey25bxmc98qsc7w8a0sevmj	.eJxVjMEOwiAQBf-FsyEsUKE9evcbCAuLRQ00pU00xn_XJr30-mbmfZhr1FquxdFryvObDeLEnF-X0a2NZpcjGxiww4Y-PKhsIN59uVUealnmjHxT-E4bv9ZIz8vuHg5G38Z_jYheQRRghU0ydsGilRpMp86QLJFHi4qS7g31UkkVwAirodeUDCgd2fcHC_Q-rw:1mUyA9:MASPGfWZu0hoBoFkGnEah0l136RFSDtIiiz9y6TRBeg	2021-09-28 12:27:49.981085+03
fs0gzjw2wqpmwwbtacyg2tshg3pnvzci	.eJxVjMEOwiAQBf-FsyEsUKE9evcbCAuLRQ00pU00xn_XJr30-mbmfZhr1FquxdFryvObDeLEnF-X0a2NZpcjGxiww4Y-PKhsIN59uVUealnmjHxT-E4bv9ZIz8vuHg5G38Z_jYheQRRghU0ydsGilRpMp86QLJFHi4qS7g31UkkVwAirodeUDCgd2fcHC_Q-rw:1mUyEO:VONkZ_ILYquRk6CeAnB6pwCsxVN0TQMZT6ouq9yQPCc	2021-09-28 12:32:12.102847+03
bzs27qg4zrzg9kv8pn9ty5r2g1jnnvxx	.eJxVjMEOwiAQBf-FsyEsUKE9evcbCAuLRQ00pU00xn_XJr30-mbmfZhr1FquxdFryvObDeLEnF-X0a2NZpcjGxiww4Y-PKhsIN59uVUealnmjHxT-E4bv9ZIz8vuHg5G38Z_jYheQRRghU0ydsGilRpMp86QLJFHi4qS7g31UkkVwAirodeUDCgd2fcHC_Q-rw:1mVSxR:OJQv1VW1j0-3LEaaQvPVQr3irTh2E1uP6HEP5TH0WAM	2021-09-29 21:20:45.672842+03
2w98bhxpbl2eznk8g53ezf9k5eqleil3	.eJxVjMEOwiAQBf-FsyEsUKE9evcbCAuLRQ00pU00xn_XJr30-mbmfZhr1FquxdFryvObDeLEnF-X0a2NZpcjGxiww4Y-PKhsIN59uVUealnmjHxT-E4bv9ZIz8vuHg5G38Z_jYheQRRghU0ydsGilRpMp86QLJFHi4qS7g31UkkVwAirodeUDCgd2fcHC_Q-rw:1mVSzz:vp5t7f2IH6qrHMG_7WpbjR5WEeXYa3tJJbpBYWDJG00	2021-09-29 21:23:23.960705+03
3tvg4ose4tc1jedgiher7qp8qo0zguko	.eJxVjMEOwiAQBf-FsyEsUKE9evcbCAuLRQ00pU00xn_XJr30-mbmfZhr1FquxdFryvObDeLEnF-X0a2NZpcjGxiww4Y-PKhsIN59uVUealnmjHxT-E4bv9ZIz8vuHg5G38Z_jYheQRRghU0ydsGilRpMp86QLJFHi4qS7g31UkkVwAirodeUDCgd2fcHC_Q-rw:1mVT3b:t3NTdb0x-7xeG6aIsvgcGVdV8Rj2Wkg4yW1N_FbLf5k	2021-09-29 21:27:07.958509+03
61582wm3lvpjiqvqdtltdntlhrr2dfml	.eJxVjMEOwiAQBf-FsyEsUKE9evcbCAuLRQ00pU00xn_XJr30-mbmfZhr1FquxdFryvObDeLEnF-X0a2NZpcjGxiww4Y-PKhsIN59uVUealnmjHxT-E4bv9ZIz8vuHg5G38Z_jYheQRRghU0ydsGilRpMp86QLJFHi4qS7g31UkkVwAirodeUDCgd2fcHC_Q-rw:1mVT5f:uNsb7HvR43zUfrPDWFSmIupafIiKMPy0qJ4P-n02ZYE	2021-09-29 21:29:15.040946+03
z7of1aro2dxtpec2oo1wnjis3wm0nubj	.eJxVjMEOwiAQBf-FsyEsUKE9evcbCAuLRQ00pU00xn_XJr30-mbmfZhr1FquxdFryvObDeLEnF-X0a2NZpcjGxiww4Y-PKhsIN59uVUealnmjHxT-E4bv9ZIz8vuHg5G38Z_jYheQRRghU0ydsGilRpMp86QLJFHi4qS7g31UkkVwAirodeUDCgd2fcHC_Q-rw:1mVT72:qnNKLp8JMi7eilB7rN4plwUYEbaqf8s-k28wUTJCYn4	2021-09-29 21:30:40.044672+03
4kpod6j10v0gdy94bdt2pw72lzpypnmv	.eJxVjMEOwiAQBf-FsyEsUKE9evcbCAuLRQ00pU00xn_XJr30-mbmfZhr1FquxdFryvObDeLEnF-X0a2NZpcjGxiww4Y-PKhsIN59uVUealnmjHxT-E4bv9ZIz8vuHg5G38Z_jYheQRRghU0ydsGilRpMp86QLJFHi4qS7g31UkkVwAirodeUDCgd2fcHC_Q-rw:1mVg3W:tcY3nBoUG3pL3tvJA-mX4DE_DZrsZ3wgpuKu8nSZRpA	2021-09-30 11:19:54.92517+03
viw2ef6vej1pmdojwfsdzfj2x2m515rb	.eJxVjMEOwiAQBf-FsyEsUKE9evcbCAuLRQ00pU00xn_XJr30-mbmfZhr1FquxdFryvObDeLEnF-X0a2NZpcjGxiww4Y-PKhsIN59uVUealnmjHxT-E4bv9ZIz8vuHg5G38Z_jYheQRRghU0ydsGilRpMp86QLJFHi4qS7g31UkkVwAirodeUDCgd2fcHC_Q-rw:1mVgAA:l2Pg6NrlH1zC3dnp7bAbjx1f4-tW1MWDTkKOOaBnfCU	2021-09-30 11:26:46.880476+03
zboq1jrcfn91hrgsncb1ex7vyzbb3sw7	.eJxVjMEOwiAQBf-FsyEsUKE9evcbCAuLRQ00pU00xn_XJr30-mbmfZhr1FquxdFryvObDeLEnF-X0a2NZpcjGxiww4Y-PKhsIN59uVUealnmjHxT-E4bv9ZIz8vuHg5G38Z_jYheQRRghU0ydsGilRpMp86QLJFHi4qS7g31UkkVwAirodeUDCgd2fcHC_Q-rw:1mW3is:3gIaO9azTePwEXbHof7TlW6bPlLNoBLtcThbO2b9HM8	2021-10-01 12:36:10.310163+03
a9rxwka7j7f3v7atq59k0zgv8snt9z8s	.eJxVjMEOwiAQBf-FsyEsUKE9evcbCAuLRQ00pU00xn_XJr30-mbmfZhr1FquxdFryvObDeLEnF-X0a2NZpcjGxiww4Y-PKhsIN59uVUealnmjHxT-E4bv9ZIz8vuHg5G38Z_jYheQRRghU0ydsGilRpMp86QLJFHi4qS7g31UkkVwAirodeUDCgd2fcHC_Q-rw:1mW3u6:ULsMOzCJj2ooHUF4dtaCwV7bcWL5OJMJiu-loe1uwRk	2021-10-01 12:47:46.316695+03
9o64mgloh0j7rslkzje8dq6d62cxg4f2	.eJxVjMEOwiAQBf-FsyEsUKE9evcbCAuLRQ00pU00xn_XJr30-mbmfZhr1FquxdFryvObDeLEnF-X0a2NZpcjGxiww4Y-PKhsIN59uVUealnmjHxT-E4bv9ZIz8vuHg5G38Z_jYheQRRghU0ydsGilRpMp86QLJFHi4qS7g31UkkVwAirodeUDCgd2fcHC_Q-rw:1mWLDZ:FIETuZZDDNfXbfxoLkHk3Ep7Hvq6w0IznwrXFl2Qxvc	2021-10-02 07:17:01.358017+03
y8t6rn5e6xkg2oonhktfnku6wo6rfzsw	.eJxVjMEOwiAQBf-FsyEsUKE9evcbCAuLRQ00pU00xn_XJr30-mbmfZhr1FquxdFryvObDeLEnF-X0a2NZpcjGxiww4Y-PKhsIN59uVUealnmjHxT-E4bv9ZIz8vuHg5G38Z_jYheQRRghU0ydsGilRpMp86QLJFHi4qS7g31UkkVwAirodeUDCgd2fcHC_Q-rw:1mWdds:FYcH7UH1vC8LoO6tglD6C9jMp1jRiaLiwjaj475dquE	2021-10-03 02:57:24.790865+03
k3at33kc3d8vna7am6rqms5ygabogcm2	.eJxVjMEOwiAQBf-FsyEsUKE9evcbCAuLRQ00pU00xn_XJr30-mbmfZhr1FquxdFryvObDeLEnF-X0a2NZpcjGxiww4Y-PKhsIN59uVUealnmjHxT-E4bv9ZIz8vuHg5G38Z_jYheQRRghU0ydsGilRpMp86QLJFHi4qS7g31UkkVwAirodeUDCgd2fcHC_Q-rw:1mq4Hf:6sOjusIWp0d4j8rw905RDJ7krIn0Jx2XIIIpdaAxCmY	2021-11-25 17:14:47.158311+03
kb8kqw5yt2vffv7vo2js0ozf35rcj7om	.eJxVjMEOwiAQBf-FsyEsUKE9evcbCAuLRQ00pU00xn_XJr30-mbmfZhr1FquxdFryvObDeLEnF-X0a2NZpcjGxiww4Y-PKhsIN59uVUealnmjHxT-E4bv9ZIz8vuHg5G38Z_jYheQRRghU0ydsGilRpMp86QLJFHi4qS7g31UkkVwAirodeUDCgd2fcHC_Q-rw:1mWxGL:5joNErUJrzzlrltY5pstFibYTxEu0nLsgx6RYX3Ge7o	2021-10-03 23:54:25.77075+03
3muehmbj0ncnx5d25cgvk6n4cp530m9h	.eJxVjMEOwiAQBf-FsyEsUKE9evcbCAuLRQ00pU00xn_XJr30-mbmfZhr1FquxdFryvObDeLEnF-X0a2NZpcjGxiww4Y-PKhsIN59uVUealnmjHxT-E4bv9ZIz8vuHg5G38Z_jYheQRRghU0ydsGilRpMp86QLJFHi4qS7g31UkkVwAirodeUDCgd2fcHC_Q-rw:1mX2vn:wkAflFONnIdSlj87G_8e_jP0zB-SLaQRsY9WN2lTbtE	2021-10-04 05:57:35.413632+03
rcqxukfgxst87lyn3liy3iwxnmz2n3o9	.eJxVjMEOwiAQBf-FsyEsUKE9evcbCAuLRQ00pU00xn_XJr30-mbmfZhr1FquxdFryvObDeLEnF-X0a2NZpcjGxiww4Y-PKhsIN59uVUealnmjHxT-E4bv9ZIz8vuHg5G38Z_jYheQRRghU0ydsGilRpMp86QLJFHi4qS7g31UkkVwAirodeUDCgd2fcHC_Q-rw:1mXJbf:E6u-UePT2pgX7DIEgqztxudASBCzsT-IDwFNigd5ZbU	2021-10-04 23:45:55.663334+03
wkau7r2l83gpb4veqks8lw93m1km3e6j	.eJxVjMEOwiAQBf-FsyEsUKE9evcbCAuLRQ00pU00xn_XJr30-mbmfZhr1FquxdFryvObDeLEnF-X0a2NZpcjGxiww4Y-PKhsIN59uVUealnmjHxT-E4bv9ZIz8vuHg5G38Z_jYheQRRghU0ydsGilRpMp86QLJFHi4qS7g31UkkVwAirodeUDCgd2fcHC_Q-rw:1mXJdk:mwIJEodEQ2UOphFee_PPM8ROqG2P616oZSRPhukUDZc	2021-10-04 23:48:04.436783+03
5jcqu2dz7cwx0d301svwm43z6md5zssi	.eJxVjMEOwiAQBf-FsyEsUKE9evcbCAuLRQ00pU00xn_XJr30-mbmfZhr1FquxdFryvObDeLEnF-X0a2NZpcjGxiww4Y-PKhsIN59uVUealnmjHxT-E4bv9ZIz8vuHg5G38Z_jYheQRRghU0ydsGilRpMp86QLJFHi4qS7g31UkkVwAirodeUDCgd2fcHC_Q-rw:1mXJhK:bAd-uuuN868IsPeb49mYfFZgsROqYdaz3oZCAatQuAc	2021-10-04 23:51:46.699949+03
to1q3vf7fw1k95a0y3d34l4u8fid9qlr	.eJxVjMEOwiAQBf-FsyEsUKE9evcbCAuLRQ00pU00xn_XJr30-mbmfZhr1FquxdFryvObDeLEnF-X0a2NZpcjGxiww4Y-PKhsIN59uVUealnmjHxT-E4bv9ZIz8vuHg5G38Z_jYheQRRghU0ydsGilRpMp86QLJFHi4qS7g31UkkVwAirodeUDCgd2fcHC_Q-rw:1mXWRJ:5DaoEY8cAGngf-lBHtVsgiE88fybmRcBg-FkfkWKqA8	2021-10-05 13:28:05.164957+03
8hk844iemu28cehqkl6x2r9irz1p7vct	.eJxVjMEOwiAQBf-FsyEsUKE9evcbCAuLRQ00pU00xn_XJr30-mbmfZhr1FquxdFryvObDeLEnF-X0a2NZpcjGxiww4Y-PKhsIN59uVUealnmjHxT-E4bv9ZIz8vuHg5G38Z_jYheQRRghU0ydsGilRpMp86QLJFHi4qS7g31UkkVwAirodeUDCgd2fcHC_Q-rw:1mXm8z:E2yBbZk_wRmBtwKdvPBzN7l5ka_9BKCi3ANP23rhR0c	2021-10-06 06:14:13.003179+03
antr9zy6be5wmswrabbanvp4btij2olt	.eJxVjMEOwiAQBf-FsyEsUKE9evcbCAuLRQ00pU00xn_XJr30-mbmfZhr1FquxdFryvObDeLEnF-X0a2NZpcjGxiww4Y-PKhsIN59uVUealnmjHxT-E4bv9ZIz8vuHg5G38Z_jYheQRRghU0ydsGilRpMp86QLJFHi4qS7g31UkkVwAirodeUDCgd2fcHC_Q-rw:1mY2XB:iyrhoVXmc0Q8xOpod4Zq66tM1z1heA-hpH3IgiNaSxQ	2021-10-06 23:44:17.004784+03
x1tce6pcif4dra5ktldf09pqkxu6zugx	.eJxVjMEOwiAQBf-FsyEsUKE9evcbCAuLRQ00pU00xn_XJr30-mbmfZhr1FquxdFryvObDeLEnF-X0a2NZpcjGxiww4Y-PKhsIN59uVUealnmjHxT-E4bv9ZIz8vuHg5G38Z_jYheQRRghU0ydsGilRpMp86QLJFHi4qS7g31UkkVwAirodeUDCgd2fcHC_Q-rw:1mY8nc:8ZZpNDCI5hvJnvZcWnNUlRwKZnuxNHYowSK1vz0CJWY	2021-10-07 06:25:40.821529+03
hqdhfn210usa6wq9u9kyz2ek5iz9zh9q	.eJxVjMEOwiAQBf-FsyEsUKE9evcbCAuLRQ00pU00xn_XJr30-mbmfZhr1FquxdFryvObDeLEnF-X0a2NZpcjGxiww4Y-PKhsIN59uVUealnmjHxT-E4bv9ZIz8vuHg5G38Z_jYheQRRghU0ydsGilRpMp86QLJFHi4qS7g31UkkVwAirodeUDCgd2fcHC_Q-rw:1mYNuC:fFpaeP_AgBNMCnAJ0BnWDjnz5nBpZKr68dzZDXe5g9I	2021-10-07 22:33:28.933039+03
avzoefvzisn9l3tzzlqnpu2i3r1lbxkn	.eJxVjMEOwiAQBf-FsyEsUKE9evcbCAuLRQ00pU00xn_XJr30-mbmfZhr1FquxdFryvObDeLEnF-X0a2NZpcjGxiww4Y-PKhsIN59uVUealnmjHxT-E4bv9ZIz8vuHg5G38Z_jYheQRRghU0ydsGilRpMp86QLJFHi4qS7g31UkkVwAirodeUDCgd2fcHC_Q-rw:1mYagR:cOOlDWsGEcrH3CHq6eEsqsYrp-fdrQN6ZATpGTu5PSk	2021-10-08 12:12:07.023547+03
f3cbvgz70ztrhiupmgnm1kgrgcg0whz6	.eJxVjMEOwiAQBf-FsyEsUKE9evcbCAuLRQ00pU00xn_XJr30-mbmfZhr1FquxdFryvObDeLEnF-X0a2NZpcjGxiww4Y-PKhsIN59uVUealnmjHxT-E4bv9ZIz8vuHg5G38Z_jYheQRRghU0ydsGilRpMp86QLJFHi4qS7g31UkkVwAirodeUDCgd2fcHC_Q-rw:1mYxWT:dcKVb12pRQRgROdk98IRKEwsO3UZt1SpYH4VM0RkMnc	2021-10-09 12:35:21.183557+03
klyd5f2ck90s9qh8bwcmfbxauc5l966g	.eJxVjEEOwiAQRe_C2hAGqAwu3fcMhIFBqoYmpV0Z765NutDtf-_9lwhxW2vYOi9hyuIiQJx-N4rpwW0H-R7bbZZpbusykdwVedAuxznz83q4fwc19vqtiSgayApQYdF5SEioLbjBnKEgcyQkw8V6x14bbRI4hRa85eLA2CzeH-MJN3I:1mZT0j:cyL8y868Zn2i0jjnuc6dl4URfrvqhbfH7tsc76iYmg4	2021-10-10 22:12:41.618669+03
rxbzwkb7jfxnziqj6dnq079yoz0mt2hf	.eJxVjMEOwiAQBf-FsyEsUKE9evcbCAuLRQ00pU00xn_XJr30-mbmfZhr1FquxdFryvObDeLEnF-X0a2NZpcjGxiww4Y-PKhsIN59uVUealnmjHxT-E4bv9ZIz8vuHg5G38Z_jYheQRRghU0ydsGilRpMp86QLJFHi4qS7g31UkkVwAirodeUDCgd2fcHC_Q-rw:1mZecN:6mUk9YZkbgXOv8prJZipjJAEjzq7EbXcK7b930R9X6M	2021-10-11 10:36:19.359621+03
xygm150jzsyv45euzoy8q4l2y9ln90d1	.eJxVjEEOwiAQRe_C2hAGqAwu3fcMhIFBqoYmpV0Z765NutDtf-_9lwhxW2vYOi9hyuIiQJx-N4rpwW0H-R7bbZZpbusykdwVedAuxznz83q4fwc19vqtiSgayApQYdF5SEioLbjBnKEgcyQkw8V6x14bbRI4hRa85eLA2CzeH-MJN3I:1mZpt2:PFZ7I_6CEFuC-iWwXgm0nj_SyXSTfzBzqzBULCARi4Y	2021-10-11 22:38:16.942577+03
x5ivx8e6wmg6z56uzazwl8ww8szqtyiy	.eJxVjMEOwiAQBf-FsyEsUKE9evcbCAuLRQ00pU00xn_XJr30-mbmfZhr1FquxdFryvObDeLEnF-X0a2NZpcjGxiww4Y-PKhsIN59uVUealnmjHxT-E4bv9ZIz8vuHg5G38Z_jYheQRRghU0ydsGilRpMp86QLJFHi4qS7g31UkkVwAirodeUDCgd2fcHC_Q-rw:1maBLR:KqAas-Skk3_W0g-p7G0VdSTAteO-h9N6Sohk8v078N8	2021-10-12 21:33:01.327358+03
uxqpvrk92cahc4k3n7ypq3rtbh857541	.eJxVjMEOwiAQBf-FsyEsUKE9evcbCAuLRQ00pU00xn_XJr30-mbmfZhr1FquxdFryvObDeLEnF-X0a2NZpcjGxiww4Y-PKhsIN59uVUealnmjHxT-E4bv9ZIz8vuHg5G38Z_jYheQRRghU0ydsGilRpMp86QLJFHi4qS7g31UkkVwAirodeUDCgd2fcHC_Q-rw:1maOO1:nQxXDHKuin4V_J2EnPGu0cIKVXo5A0VOTY17HTm0DjA	2021-10-13 11:28:33.647657+03
dwqh8p6rbyva1okz0pia7sk6wr6qpbr5	.eJxVjMEOwiAQBf-FsyEsUKE9evcbCAuLRQ2Y0iYa479rTQ96fTNvnsz5ZR7d0mhyObKBAdv9bujDhcoK4tmXU-WhlnnKyFeFb7TxY410PWzuX2D0bfy8EdEriAKssEnGLli0UoPp1B6SJfJoUVHSvaFeKqkCGGE19JqSAaW_0Uat5Voc3W95erBBvN6CRz6v:1maeac:RcmMau229fHZMrAKhE4yNfB0YseAga4I2xhVLocnMws	2021-10-14 04:46:38.110401+03
s9rf1fzcw02wtryiqmwsb3ihe4afat4l	.eJxVjMEOwiAQBf-FsyEsUKE9evcbCAuLRQ00pU00xn_XJr30-mbmfZhr1FquxdFryvObDeLEnF-X0a2NZpcjGxiww4Y-PKhsIN59uVUealnmjHxT-E4bv9ZIz8vuHg5G38Z_jYheQRRghU0ydsGilRpMp86QLJFHi4qS7g31UkkVwAirodeUDCgd2fcHC_Q-rw:1mb2Bn:nCOdHK9wYUqIifDOLiWO21hUfTTIoApFdnWWWh_UYxM	2021-10-15 05:58:35.833906+03
5jst6hsjbb2gc8vmnkjiroeeui2c6tck	.eJxVjMEOwiAQBf-FsyEsUKE9evcbCAuLRQ00pU00xn_XJr30-mbmfZhr1FquxdFryvObDeLEnF-X0a2NZpcjGxiww4Y-PKhsIN59uVUealnmjHxT-E4bv9ZIz8vuHg5G38Z_jYheQRRghU0ydsGilRpMp86QLJFHi4qS7g31UkkVwAirodeUDCgd2fcHC_Q-rw:1mbKtf:D_Sl3ui0oIV9UHWSlOp1NjqfbRJ4oFtgOcMpe8YMBio	2021-10-16 01:57:07.541588+03
cbvkmba6mr13gu61k8zoa6na4rnuf35p	.eJxVjMEOwiAQBf-FsyEsUKE9evcbCAuLRQ00pU00xn_XJr30-mbmfZhr1FquxdFryvObDeLEnF-X0a2NZpcjGxiww4Y-PKhsIN59uVUealnmjHxT-E4bv9ZIz8vuHg5G38Z_jYheQRRghU0ydsGilRpMp86QLJFHi4qS7g31UkkVwAirodeUDCgd2fcHC_Q-rw:1mbNPs:daI7dVxUNNFAN4WUcHjkiYrpuXyCl-QkMs6gF2bWbV0	2021-10-16 04:38:32.381381+03
8lhor2ntxqnxxj9g4gqgo2vzltkjigdl	.eJxVjMEOwiAQBf-FsyEsUKE9evcbCAuLRQ00pU00xn_XJr30-mbmfZhr1FquxdFryvObDeLEnF-X0a2NZpcjGxiww4Y-PKhsIN59uVUealnmjHxT-E4bv9ZIz8vuHg5G38Z_jYheQRRghU0ydsGilRpMp86QLJFHi4qS7g31UkkVwAirodeUDCgd2fcHC_Q-rw:1mbNQw:8pJjA_aWQoGc1xdUjopOYazkra0wGUMFM0KisAGdGso	2021-10-16 04:39:38.694137+03
1llrg4b3aog6ndlffu3alejmp1thhy9n	.eJxVjMEOwiAQBf-FsyEsUKE9evcbCAuLRQ00pU00xn_XJr30-mbmfZhr1FquxdFryvObDeLEnF-X0a2NZpcjGxiww4Y-PKhsIN59uVUealnmjHxT-E4bv9ZIz8vuHg5G38Z_jYheQRRghU0ydsGilRpMp86QLJFHi4qS7g31UkkVwAirodeUDCgd2fcHC_Q-rw:1mbfPZ:w9hVlm0Q5f3bK7Q6wzuq_YqzDkbsaWUPH4LH_JZf4mc	2021-10-16 23:51:25.852669+03
k55j4eeiwphqb049rtyr8mi8xjqxb0w9	.eJxVjEEOwiAQRe_C2hAGqAwu3fcMhIFBqoYmpV0Z765NutDtf-_9lwhxW2vYOi9hyuIiQJx-N4rpwW0H-R7bbZZpbusykdwVedAuxznz83q4fwc19vqtiSgayApQYdF5SEioLbjBnKEgcyQkw8V6x14bbRI4hRa85eLA2CzeH-MJN3I:1mc2Sc:12181KnWjOG7Anq9v8AP_kErNCvPZs6oACLDDtCUVwQ	2021-10-18 00:28:06.177548+03
cxyopaalochag86mfgl21ydo7oxgve1n	.eJxVjMEOwiAQBf-FsyEsUKE9evcbCAuLRQ00pU00xn_XJr30-mbmfZhr1FquxdFryvObDeLEnF-X0a2NZpcjGxiww4Y-PKhsIN59uVUealnmjHxT-E4bv9ZIz8vuHg5G38Z_jYheQRRghU0ydsGilRpMp86QLJFHi4qS7g31UkkVwAirodeUDCgd2fcHC_Q-rw:1mc90o:duSDKvtEQWPOVkqBnTmCN0QqO0sQeGu076Gk8uR6HRc	2021-10-18 07:27:50.824286+03
9j562ljh534ia01q65tnm3jcomy0jbiw	.eJxVjEEOwiAQRe_C2hAGqAwu3fcMhIFBqoYmpV0Z765NutDtf-_9lwhxW2vYOi9hyuIiQJx-N4rpwW0H-R7bbZZpbusykdwVedAuxznz83q4fwc19vqtiSgayApQYdF5SEioLbjBnKEgcyQkw8V6x14bbRI4hRa85eLA2CzeH-MJN3I:1mckyh:B1U1vPQt_9rjimpbFn704WmX_y2Wqq6nvdeijcg5sYo	2021-10-20 00:00:11.912602+03
i7vkn6tr7pjv3wijgu91u9fc57xwjc8y	.eJxVjMEOwiAQBf-FsyEsUKE9evcbCAuLRQ00pU00xn_XJr30-mbmfZhr1FquxdFryvObDeLEnF-X0a2NZpcjGxiww4Y-PKhsIN59uVUealnmjHxT-E4bv9ZIz8vuHg5G38Z_jYheQRRghU0ydsGilRpMp86QLJFHi4qS7g31UkkVwAirodeUDCgd2fcHC_Q-rw:1mgwSj:2S0WBByD7ksPdwKkxHcS0MqiyIK6igKrgSzM_yeLJsM	2021-10-31 13:04:29.725143+03
bsdzyu0p8iqw7wnal53jlqk4r954q7uu	.eJxVjMEOwiAQBf-FsyEsUKE9evcbCAuLRQ00pU00xn_XJr30-mbmfZhr1FquxdFryvObDeLEnF-X0a2NZpcjGxiww4Y-PKhsIN59uVUealnmjHxT-E4bv9ZIz8vuHg5G38Z_jYheQRRghU0ydsGilRpMp86QLJFHi4qS7g31UkkVwAirodeUDCgd2fcHC_Q-rw:1mgws8:XSOhLG5iNsF-1gv6ZgVMukPgmigbi55jVLNCCUEtMx0	2021-10-31 13:30:44.151569+03
f171mnzmvz64ceen70ujnfe2uzmpwp5u	.eJxVjMEOwiAQBf-FsyEsUKE9evcbCAuLRQ00pU00xn_XJr30-mbmfZhr1FquxdFryvObDeLEnF-X0a2NZpcjGxiww4Y-PKhsIN59uVUealnmjHxT-E4bv9ZIz8vuHg5G38Z_jYheQRRghU0ydsGilRpMp86QLJFHi4qS7g31UkkVwAirodeUDCgd2fcHC_Q-rw:1mhHOK:w_dZCYXsQMfzCpEEJbSQwiDQn-3IUidZmNATKOFK6Tw	2021-11-01 11:25:20.43827+03
svazydb3tx1mwt9jhsilymjyjtp0zcdl	.eJxVjMEOwiAQBf-FsyEsUKE9evcbCAuLRQ00pU00xn_XJr30-mbmfZhr1FquxdFryvObDeLEnF-X0a2NZpcjGxiww4Y-PKhsIN59uVUealnmjHxT-E4bv9ZIz8vuHg5G38Z_jYheQRRghU0ydsGilRpMp86QLJFHi4qS7g31UkkVwAirodeUDCgd2fcHC_Q-rw:1mhTcc:YRlG7cMtcg-w2OVOjWozZ08KszcyuPhcsb8Km0tvst8	2021-11-02 00:28:54.785257+03
cjtjuxlf4oayrgw48n3q3g02q1rgxwda	eyJfc2Vzc2lvbl9leHBpcnkiOjB9:1n13OS:hMhY_HKA9ABZ7qV4DFQIG2eabcQCXcpXBcjSpcCRt1k	2021-12-26 00:31:12.585489+03
qvojgf14z6afps0h4vc0k7uyj6st0oem	.eJxVjMEOwiAQBf-FsyEsUKE9evcbCAuLRQ00pU00xn_XJr30-mbmfZhr1FquxdFryvObDeLEnF-X0a2NZpcjGxiww4Y-PKhsIN59uVUealnmjHxT-E4bv9ZIz8vuHg5G38Z_jYheQRRghU0ydsGilRpMp86QLJFHi4qS7g31UkkVwAirodeUDCgd2fcHC_Q-rw:1mhTec:vRAvaExtBf1CvUy6a98uVvV16ynImry6HiuyZGct_xs	2021-11-02 00:30:58.378955+03
8tqh5vfaskmlbqabrz9eygyhga9hyro2	eyJfc2Vzc2lvbl9leHBpcnkiOjB9:1n13Oh:JJmEYNlOwPqEk1e7ERrCRnN5Hr2Nr1ETGGzxdgIFwho	2021-12-26 00:31:27.531294+03
3rf2tjce0gc3m87rqiuqlxg380ei2pvk	.eJxVjMEOwiAQBf-FsyEsUKE9evcbCAuLRQ00pU00xn_XJr30-mbmfZhr1FquxdFryvObDeLEnF-X0a2NZpcjGxiww4Y-PKhsIN59uVUealnmjHxT-E4bv9ZIz8vuHg5G38Z_jYheQRRghU0ydsGilRpMp86QLJFHi4qS7g31UkkVwAirodeUDCgd2fcHC_Q-rw:1miZ7g:c0iVCewlYYHPlu0PuCKPehChITEjB8Pt0n3FtkHb9g8	2021-11-05 00:33:28.562322+03
mjzikdcepiobq81u31aub6t8h2i4nqrx	.eJxVjEEOwiAQRe_C2hAGqAwu3fcMhIFBqoYmpV0Z765NutDtf-_9lwhxW2vYOi9hyuIiQJx-N4rpwW0H-R7bbZZpbusykdwVedAuxznz83q4fwc19vqtiSgayApQYdF5SEioLbjBnKEgcyQkw8V6x14bbRI4hRa85eLA2CzeH-MJN3I:1mikNr:P7RB6CcZbIOyXnvc94q3ruX6U85biqTNjd8i3tJk2t4	2021-11-05 12:34:55.495148+03
h7r213q8g94wn7bpilfgq1t9uie1q4qd	.eJxVjMEOwiAQBf-FsyEsUKE9evcbCAuLRQ00pU00xn_XJr30-mbmfZhr1FquxdFryvObDeLEnF-X0a2NZpcjGxiww4Y-PKhsIN59uVUealnmjHxT-E4bv9ZIz8vuHg5G38Z_jYheQRRghU0ydsGilRpMp86QLJFHi4qS7g31UkkVwAirodeUDCgd2fcHC_Q-rw:1mjTbn:UROkmlwisbNlsUSZZz3Lo-q7-ZG7sfQwHO45bI9izY8	2021-11-07 12:52:19.526588+03
dsal7jt3fq1ydzwwkiaa8hfn7r2rl150	.eJxVjMEOwiAQBf-FsyEsUKE9evcbCAuLRQ00pU00xn_XJr30-mbmfZhr1FquxdFryvObDeLEnF-X0a2NZpcjGxiww4Y-PKhsIN59uVUealnmjHxT-E4bv9ZIz8vuHg5G38Z_jYheQRRghU0ydsGilRpMp86QLJFHi4qS7g31UkkVwAirodeUDCgd2fcHC_Q-rw:1mjfmj:idZhgn0X9Km4bXYjPdyDgXEjbahqFAPoM3OsrnaF9GI	2021-11-08 01:52:25.645678+03
ti8qi6zp1u3x0djknugavpzyrsuzb3jj	.eJxVjMEOwiAQBf-FsyEsUKE9evcbCAuLRQ00pU00xn_XJr30-mbmfZhr1FquxdFryvObDeLEnF-X0a2NZpcjGxiww4Y-PKhsIN59uVUealnmjHxT-E4bv9ZIz8vuHg5G38Z_jYheQRRghU0ydsGilRpMp86QLJFHi4qS7g31UkkVwAirodeUDCgd2fcHC_Q-rw:1mjlBf:UOhHGwpdSjVOSUD-EoSmhU0z7bFRnvZ3w5MYEQ9_FYo	2021-11-08 07:38:31.831604+03
ijzidipenopi51t4ckvoo7edhho99qx8	.eJxVjMEOwiAQBf-FsyEsUKE9evcbCAuLRQ00pU00xn_XJr30-mbmfZhr1FquxdFryvObDeLEnF-X0a2NZpcjGxiww4Y-PKhsIN59uVUealnmjHxT-E4bv9ZIz8vuHg5G38Z_jYheQRRghU0ydsGilRpMp86QLJFHi4qS7g31UkkVwAirodeUDCgd2fcHC_Q-rw:1mjlWm:7Z5LJyBzO_SUd9MvZooYeFXMiikOuUGkAm9ZsIsh5jw	2021-11-08 08:00:20.030021+03
05kb8gqfbv1omw7ybdtxhkl5u0iaaemo	.eJxVjMEOwiAQBf-FsyEsUKE9evcbCAuLRQ00pU00xn_XJr30-mbmfZhr1FquxdFryvObDeLEnF-X0a2NZpcjGxiww4Y-PKhsIN59uVUealnmjHxT-E4bv9ZIz8vuHg5G38Z_jYheQRRghU0ydsGilRpMp86QLJFHi4qS7g31UkkVwAirodeUDCgd2fcHC_Q-rw:1mk0Mt:lyJdTrLGFEzfF16QAYMcD0ZHKbY104Ppj9NGbr5kND0	2021-11-08 23:51:07.838021+03
0zko4xge9ezgr7ei0c0ca6w8crukbp8i	.eJxVjMEOwiAQBf-FsyEsUKE9evcbCAuLRQ00pU00xn_XJr30-mbmfZhr1FquxdFryvObDeLEnF-X0a2NZpcjGxiww4Y-PKhsIN59uVUealnmjHxT-E4bv9ZIz8vuHg5G38Z_jYheQRRghU0ydsGilRpMp86QLJFHi4qS7g31UkkVwAirodeUDCgd2fcHC_Q-rw:1mkE3M:0tcMNpUWJta5LTUYBPsqJNT4fBalgWHEkwOi6hWn-Kw	2021-11-09 14:27:52.566777+03
ohi3u2j1bqrkhgznyyh59g3m1d8eutki	.eJxVjMEOwiAQBf-FsyEsUKE9evcbCAuLRQ00pU00xn_XJr30-mbmfZhr1FquxdFryvObDeLEnF-X0a2NZpcjGxiww4Y-PKhsIN59uVUealnmjHxT-E4bv9ZIz8vuHg5G38Z_jYheQRRghU0ydsGilRpMp86QLJFHi4qS7g31UkkVwAirodeUDCgd2fcHC_Q-rw:1mkEFE:4Bg4pfnGc1fv2Fon8sSBgu8mj2giaSeLos7hRorxasI	2021-11-09 14:40:08.075116+03
u6ij6j6xcc2gu0qyi9livnxex0qdko24	.eJxVjEEOwiAQRe_C2hAGqAwu3fcMhIFBqoYmpV0Z765NutDtf-_9lwhxW2vYOi9hyuIiQJx-N4rpwW0H-R7bbZZpbusykdwVedAuxznz83q4fwc19vqtiSgayApQYdF5SEioLbjBnKEgcyQkw8V6x14bbRI4hRa85eLA2CzeH-MJN3I:1mkNiz:fkKfISyp49DBut_EuSgEjVLmB5G6MztTj8NhI3QASiU	2021-11-10 00:47:29.044549+03
sqx6d8gybfqjggqyarv9mhrq5hv3kfix	.eJxVjMEOwiAQBf-FsyEsUKE9evcbCAuLRQ00pU00xn_XJr30-mbmfZhr1FquxdFryvObDeLEnF-X0a2NZpcjGxiww4Y-PKhsIN59uVUealnmjHxT-E4bv9ZIz8vuHg5G38Z_jYheQRRghU0ydsGilRpMp86QLJFHi4qS7g31UkkVwAirodeUDCgd2fcHC_Q-rw:1mlSmi:eP2mRbOK9ski_tcZwIk7xB-5nvXocZ3S3bllLPbFumg	2021-11-13 00:23:48.714449+03
q8a73txg9h5bxvesgt40lhp23r5h71ls	.eJxVjMEOwiAQBf-FsyEsUKE9evcbCAuLRQ00pU00xn_XJr30-mbmfZhr1FquxdFryvObDeLEnF-X0a2NZpcjGxiww4Y-PKhsIN59uVUealnmjHxT-E4bv9ZIz8vuHg5G38Z_jYheQRRghU0ydsGilRpMp86QLJFHi4qS7g31UkkVwAirodeUDCgd2fcHC_Q-rw:1mmDHy:yGuA7kH3SAS-fLUrzWHKwxxNFUpX2L4D0WMjQ-HKKNk	2021-11-15 02:03:10.679763+03
wywa96cctunnvsd6m9otcp8o3s0t88s9	.eJxVjMEOwiAQBf-FsyEsUKE9evcbCAuLRQ00pU00xn_XJr30-mbmfZhr1FquxdFryvObDeLEnF-X0a2NZpcjGxiww4Y-PKhsIN59uVUealnmjHxT-E4bv9ZIz8vuHg5G38Z_jYheQRRghU0ydsGilRpMp86QLJFHi4qS7g31UkkVwAirodeUDCgd2fcHC_Q-rw:1mmW95:_qeYb9w-bsyhtlgH28bZNmciuYg8-m4liaAZByHIVqs	2021-11-15 22:11:15.037318+03
fm6gwvum7k745wq4uiw8azfbg3tpqfw3	.eJxVjMEOwiAQBf-FsyEsUKE9evcbCAuLRQ00pU00xn_XJr30-mbmfZhr1FquxdFryvObDeLEnF-X0a2NZpcjGxiww4Y-PKhsIN59uVUealnmjHxT-E4bv9ZIz8vuHg5G38Z_jYheQRRghU0ydsGilRpMp86QLJFHi4qS7g31UkkVwAirodeUDCgd2fcHC_Q-rw:1mmthf:ocxsqjhFLVdj7X5RF8VdHxK46-yDOUk-BY3KRbv6biQ	2021-11-16 23:20:31.017568+03
jbfu1wb16egjs2ft4gxnje7rllit166a	.eJxVjEEOwiAQRe_C2hAGqAwu3fcMhIFBqoYmpV0Z765NutDtf-_9lwhxW2vYOi9hyuIiQJx-N4rpwW0H-R7bbZZpbusykdwVedAuxznz83q4fwc19vqtiSgayApQYdF5SEioLbjBnKEgcyQkw8V6x14bbRI4hRa85eLA2CzeH-MJN3I:1mpXPb:4ePP_lPFwnU-9tuYa7eD3X_tbZaTRwtkTCstmSOVVNU	2021-11-24 06:08:47.197172+03
fawp6fxdx8hgjrhej6bdo4bozxdzirj0	e30:1mpz0p:Pmg7wryBv0vLdKr3i78T22E9eSwq5_qY0Bho8O7CXrQ	2021-11-25 11:37:03.521333+03
xetsazw1y8m1gvam4834ijxnd0ohghid	e30:1mpz1T:YJk8cLeP9-LuMHt561bL8uCOGUsakLx30sK6dKrH_84	2021-11-25 11:37:43.117407+03
38aampmh381ay82i1zk6a55j2mb8l7aw	.eJxVjMEOwiAQBf-FsyEsUKE9evcbCAuLRQ00pU00xn_XJr30-mbmfZhr1FquxdFryvObDeLEnF-X0a2NZpcjGxiww4Y-PKhsIN59uVUealnmjHxT-E4bv9ZIz8vuHg5G38Z_jYheQRRghU0ydsGilRpMp86QLJFHi4qS7g31UkkVwAirodeUDCgd2fcHC_Q-rw:1mqMOP:aFuZCrjCQn_ELGqzvT7u7UNrrRkFwlFOnXJ-ndudpt4	2021-11-26 12:34:57.494854+03
ac7ewbug59r60hdebf5zepgoct7rof6k	.eJxVjMEOwiAQBf-FsyEsUKE9evcbCAuLRQ00pU00xn_XJr30-mbmfZhr1FquxdFryvObDeLEnF-X0a2NZpcjGxiww4Y-PKhsIN59uVUealnmjHxT-E4bv9ZIz8vuHg5G38Z_jYheQRRghU0ydsGilRpMp86QLJFHi4qS7g31UkkVwAirodeUDCgd2fcHC_Q-rw:1mqi19:CmmdIVVyUbwZExNAv0HJXVDgiylWaNYxkwwOtTPvnAg	2021-11-27 11:40:23.251897+03
lkq5yit9nqe6kwa6lj764le9wimhflaz	.eJxVjEEOwiAQRe_C2hAGqAwu3fcMhIFBqoYmpV0Z765NutDtf-_9lwhxW2vYOi9hyuIiQJx-N4rpwW0H-R7bbZZpbusykdwVedAuxznz83q4fwc19vqtiSgayApQYdF5SEioLbjBnKEgcyQkw8V6x14bbRI4hRa85eLA2CzeH-MJN3I:1mqvUu:HKZFZjtjZhC9F-3zfAOlvD2ENwrA9_CQRPmMXnpqsNM	2021-11-28 02:04:00.19449+03
4dc3w7p6ef22hdbn1sgj8zgjnmlum5tn	.eJxVjMEOwiAQBf-FsyEsUKE9evcbCAuLRQ00pU00xn_XJr30-mbmfZhr1FquxdFryvObDeLEnF-X0a2NZpcjGxiww4Y-PKhsIN59uVUealnmjHxT-E4bv9ZIz8vuHg5G38Z_jYheQRRghU0ydsGilRpMp86QLJFHi4qS7g31UkkVwAirodeUDCgd2fcHC_Q-rw:1mrmrK:BiSnykMy3vwCFOurnpIuqa8i-GC4WGa2HWwNH3BFzYY	2021-11-30 11:02:42.121206+03
e0zunhxeyf9fp2dgn653bqk13fmo6yl6	.eJxVjMEOwiAQBf-FsyEsUKE9evcbCAuLRQ00pU00xn_XJr30-mbmfZhr1FquxdFryvObDeLEnF-X0a2NZpcjGxiww4Y-PKhsIN59uVUealnmjHxT-E4bv9ZIz8vuHg5G38Z_jYheQRRghU0ydsGilRpMp86QLJFHi4qS7g31UkkVwAirodeUDCgd2fcHC_Q-rw:1mtA6q:s80NKu4OifwHqMXC3zTc53A_M-aPaft2JgWxz2F4BZ8	2021-12-04 06:04:24.455997+03
c4exekxanh7ooc6a22e5fr2lg8htjgho	.eJxVjMEOwiAQBf-FsyEsUKE9evcbCAuLRQ00pU00xn_XJr30-mbmfZhr1FquxdFryvObDeLEnF-X0a2NZpcjGxiww4Y-PKhsIN59uVUealnmjHxT-E4bv9ZIz8vuHg5G38Z_jYheQRRghU0ydsGilRpMp86QLJFHi4qS7g31UkkVwAirodeUDCgd2fcHC_Q-rw:1n7Qf8:GpmpywB6usIvJ3lCSPFnEABNL4QroGSlwUemi6u-kAo	2022-01-12 14:34:46.433141+03
tc5385ooyy2qhkj2paz2wp7ov8l89549	.eJxVjMEOwiAQBf-FsyEsUKE9evcbCAuLRQ00pU00xn_XJr30-mbmfZhr1FquxdFryvObDeLEnF-X0a2NZpcjGxiww4Y-PKhsIN59uVUealnmjHxT-E4bv9ZIz8vuHg5G38Z_jYheQRRghU0ydsGilRpMp86QLJFHi4qS7g31UkkVwAirodeUDCgd2fcHC_Q-rw:1mtU8x:vvgqYNttkpV9Iv8CUfEJ_FZfTRhl2Fckx0VUkq_szAc	2021-12-05 03:27:55.135545+03
t9ewxonom3jegc21um0ingboi94hho81	.eJxVjMEOwiAQBf-FsyEsUKE9evcbCAuLRQ2Y0iYa479rTQ96fTNvnsz5ZR7d0mhyObKBAdv9bujDhcoK4tmXU-WhlnnKyFeFb7TxY410PWzuX2D0bfy8EdEriAKssEnGLli0UoPp1B6SJfJoUVHSvaFeKqkCGGE19JqSAaW_0Uat5Voc3W95erBBvN6CRz6v:1mtcZg:uUKEpqDtHszEMPelfJL_ymMhgIXJlPdf4tnU6KDhHuI	2021-12-05 12:28:04.329386+03
j5deykfe57oxb2ieax9wz7iku2d27crj	.eJxVjMEOwiAQBf-FsyEsUKE9evcbCAuLRQ00pU00xn_XJr30-mbmfZhr1FquxdFryvObDeLEnF-X0a2NZpcjGxiww4Y-PKhsIN59uVUealnmjHxT-E4bv9ZIz8vuHg5G38Z_jYheQRRghU0ydsGilRpMp86QLJFHi4qS7g31UkkVwAirodeUDCgd2fcHC_Q-rw:1mtutM:iTLaePVT8MfsifDPULH-xFumP26xtadHpF3QucnJ1Z4	2021-12-06 08:01:36.056082+03
3km13e4ezkybzl7d431yodl4p35i5m19	.eJxVjMEOwiAQBf-FsyEsUKE9evcbCAuLRQ00pU00xn_XJr30-mbmfZhr1FquxdFryvObDeLEnF-X0a2NZpcjGxiww4Y-PKhsIN59uVUealnmjHxT-E4bv9ZIz8vuHg5G38Z_jYheQRRghU0ydsGilRpMp86QLJFHi4qS7g31UkkVwAirodeUDCgd2fcHC_Q-rw:1mtwJB:LCIhsRCF-k-_-sRK1ZamRlDezPFJsOFn_00MOTdNFYQ	2021-12-06 09:32:21.980313+03
jdba5tfks3x8ut7ht2is78aqus00hgx4	.eJxVjMEOwiAQBf-FsyEsUKE9evcbCAuLRQ00pU00xn_XJr30-mbmfZhr1FquxdFryvObDeLEnF-X0a2NZpcjGxiww4Y-PKhsIN59uVUealnmjHxT-E4bv9ZIz8vuHg5G38Z_jYheQRRghU0ydsGilRpMp86QLJFHi4qS7g31UkkVwAirodeUDCgd2fcHC_Q-rw:1muC2m:7NNR6B-Cxbgty3svHRqr-9aiijNGKNj6ZRtCwym0A20	2021-12-07 02:20:28.76171+03
kd9komjtop586ts4td4og6wmp9n0x2sg	.eJxVjMEOwiAQBf-FsyEsUKE9evcbCAuLRQ00pU00xn_XJr30-mbmfZhr1FquxdFryvObDeLEnF-X0a2NZpcjGxiww4Y-PKhsIN59uVUealnmjHxT-E4bv9ZIz8vuHg5G38Z_jYheQRRghU0ydsGilRpMp86QLJFHi4qS7g31UkkVwAirodeUDCgd2fcHC_Q-rw:1mub2o:pLZYx-0xnVFoElVSQvKqCrXGIYJqPp6gIcZQn-RKOG4	2021-12-08 05:02:10.162678+03
h1knpjx1hxiiyoiyxopo3objugsqf2l8	.eJxVjMEOwiAQBf-FsyEsUKE9evcbCAuLRQ00pU00xn_XJr30-mbmfZhr1FquxdFryvObDeLEnF-X0a2NZpcjGxiww4Y-PKhsIN59uVUealnmjHxT-E4bv9ZIz8vuHg5G38Z_jYheQRRghU0ydsGilRpMp86QLJFHi4qS7g31UkkVwAirodeUDCgd2fcHC_Q-rw:1muuSI:tajcvlYY0OAj4LeCnlwlTbsOeUZ4LKofW2dCUChzzu4	2021-12-09 01:45:46.583514+03
ike28flnb1n2bz24s8d4kd5yyn06phd0	.eJxVjEEOwiAQRe_C2hAGqAwu3fcMhIFBqoYmpV0Z765NutDtf-_9lwhxW2vYOi9hyuIiQJx-N4rpwW0H-R7bbZZpbusykdwVedAuxznz83q4fwc19vqtiSgayApQYdF5SEioLbjBnKEgcyQkw8V6x14bbRI4hRa85eLA2CzeH-MJN3I:1mv4cz:KJnQPWoh9WWmlNd1dMaouLIFg_BWAnBDQZNKQzpSaLI	2021-12-09 12:37:29.253462+03
mm2hzfzzgbgizvc6v5yfp0109x45uj4e	.eJxVjMEOwiAQBf-FsyEsUKE9evcbCAuLRQ00pU00xn_XJr30-mbmfZhr1FquxdFryvObDeLEnF-X0a2NZpcjGxiww4Y-PKhsIN59uVUealnmjHxT-E4bv9ZIz8vuHg5G38Z_jYheQRRghU0ydsGilRpMp86QLJFHi4qS7g31UkkVwAirodeUDCgd2fcHC_Q-rw:1mvRAE:ICqRko_5xid6-9WY5qOb_rj7B1voY14Mfh1eTq6sZz4	2021-12-10 12:41:18.995977+03
bw8x8j9f5zmhat1i8llhsw71smsn4ori	.eJxVjMEOwiAQBf-FsyEsUKE9evcbCAuLRQ00pU00xn_XJr30-mbmfZhr1FquxdFryvObDeLEnF-X0a2NZpcjGxiww4Y-PKhsIN59uVUealnmjHxT-E4bv9ZIz8vuHg5G38Z_jYheQRRghU0ydsGilRpMp86QLJFHi4qS7g31UkkVwAirodeUDCgd2fcHC_Q-rw:1mwLth:fLWfahJ043LvkiC2eCvQhfm-IR3C43ZQNUM2fFo0puU	2021-12-13 01:16:01.877703+03
j1nmyjrcdhm8hip4l02zhprvidcmyua6	.eJxVjEEOwiAQRe_C2hAGqAwu3fcMhIFBqoYmpV0Z765NutDtf-_9lwhxW2vYOi9hyuIiQJx-N4rpwW0H-R7bbZZpbusykdwVedAuxznz83q4fwc19vqtiSgayApQYdF5SEioLbjBnKEgcyQkw8V6x14bbRI4hRa85eLA2CzeH-MJN3I:1mwX8d:Ffz20hbW5p_uJgiGaU_nmcRzCGK9NnZ4zPralWa_LLY	2021-12-13 13:16:11.926231+03
w8c7984t8jw9gf7w0sf2rgr1u57qolc1	.eJxVjMEOwiAQBf-FsyEsUKE9evcbCAuLRQ00pU00xn_XJr30-mbmfZhr1FquxdFryvObDeLEnF-X0a2NZpcjGxiww4Y-PKhsIN59uVUealnmjHxT-E4bv9ZIz8vuHg5G38Z_jYheQRRghU0ydsGilRpMp86QLJFHi4qS7g31UkkVwAirodeUDCgd2fcHC_Q-rw:1mwnCF:C-mPF4Z7SalaGoazR2JIBBNrwTFawg1lXXUnnweijgg	2021-12-14 06:24:59.643387+03
1w3euzmhaku4gxik9469grcr0jiwtbhy	.eJxVjMEOwiAQBf-FsyEsUKE9evcbCAuLRQ00pU00xn_XJr30-mbmfZhr1FquxdFryvObDeLEnF-X0a2NZpcjGxiww4Y-PKhsIN59uVUealnmjHxT-E4bv9ZIz8vuHg5G38Z_jYheQRRghU0ydsGilRpMp86QLJFHi4qS7g31UkkVwAirodeUDCgd2fcHC_Q-rw:1mx2Pe:PJ2mWeabIgkVn_-GqmyNNTvZAz4YAviCrtZREopyAYA	2021-12-14 22:39:50.285541+03
k5ady8osrqkjltqksindjped9zyvfgtp	.eJxVjMEOwiAQBf-FsyEsUKE9evcbCAuLRQ00pU00xn_XJr30-mbmfZhr1FquxdFryvObDeLEnF-X0a2NZpcjGxiww4Y-PKhsIN59uVUealnmjHxT-E4bv9ZIz8vuHg5G38Z_jYheQRRghU0ydsGilRpMp86QLJFHi4qS7g31UkkVwAirodeUDCgd2fcHC_Q-rw:1mxGpp:8I5ADVy-6pEhK18hQCkZ7HazzCu7SdV28nJQOpz7Ugs	2021-12-15 14:03:49.235808+03
jvhz06576eyywsjaknw5qayx6n8kyj9k	.eJxVjMEOwiAQBf-FsyEsUKE9evcbCAuLRQ00pU00xn_XJr30-mbmfZhr1FquxdFryvObDeLEnF-X0a2NZpcjGxiww4Y-PKhsIN59uVUealnmjHxT-E4bv9ZIz8vuHg5G38Z_jYheQRRghU0ydsGilRpMp86QLJFHi4qS7g31UkkVwAirodeUDCgd2fcHC_Q-rw:1myqz5:4hmEa9MY6QZ3MjFqUz6lEYvQl4GvRYZ5KKsrotEP6WE	2021-12-19 22:51:55.094391+03
9btafardwhsqo34guxjklw53m21lmz60	.eJxVjMEOwiAQBf-FsyEsUKE9evcbCAuLRQ00pU00xn_XJr30-mbmfZhr1FquxdFryvObDeLEnF-X0a2NZpcjGxiww4Y-PKhsIN59uVUealnmjHxT-E4bv9ZIz8vuHg5G38Z_jYheQRRghU0ydsGilRpMp86QLJFHi4qS7g31UkkVwAirodeUDCgd2fcHC_Q-rw:1mz2df:14mFTxapzJtd45rkETy5GPfurwhoqKwbmFodF3tLUVs	2021-12-20 11:18:35.208326+03
tqukpbs6t083fk4dr2t8i4495bxtpbqe	.eJxVjMEOwiAQBf-FsyEsUKE9evcbCAuLRQ00pU00xn_XJr30-mbmfZhr1FquxdFryvObDeLEnF-X0a2NZpcjGxiww4Y-PKhsIN59uVUealnmjHxT-E4bv9ZIz8vuHg5G38Z_jYheQRRghU0ydsGilRpMp86QLJFHi4qS7g31UkkVwAirodeUDCgd2fcHC_Q-rw:1mzQZ1:iTDGgc__eDsDU7V8F4WeBBjKFzsC_mfCsdCvfY20f74	2021-12-21 12:51:23.663337+03
ldkgauhmn5e5et398a30is5iabyhsd5g	.eJxVjMsOwiAURP_lrg1BHoV26d5vIBe4tagBA22iMf67bdJNF7OZc2a-4Bq1lkp29H6l-oGBn8DhMk9uaVRdijCAgEPnMTwobyDeMd8KCyXPNXm2KWynjV1LpOdldw8HE7ZpXZteKYtRacTIgxhHg0JqQUJyraXqkc7eCPSdwqDXcI1B9lZJbw2FTsLvDweOPv4:1n03nI:l2Wj1wlTM_zEVaPej8ys5Rembs8OxDxlA1LQzSl6aDU	2021-12-23 06:44:44.076234+03
fpiw4r8e6f4xini9js4dnhq5e8dz6c5a	.eJxVjMEOwiAQBf-FsyEsUKE9evcbCAuLRQ00pU00xn_XJr30-mbmfZhr1FquxdFryvObDeLEnF-X0a2NZpcjGxiww4Y-PKhsIN59uVUealnmjHxT-E4bv9ZIz8vuHg5G38Z_jYheQRRghU0ydsGilRpMp86QLJFHi4qS7g31UkkVwAirodeUDCgd2fcHC_Q-rw:1n0eJF:Gaa-56Gwz62itGAlPE6F5XKZP_CV6hBNd8X8rJWFpNU	2021-12-24 21:44:09.552639+03
law24bt98jzei4emh8a1d38ybvlzkxyn	.eJxVjMEOwiAQBf-FsyEsUKE9evcbCAuLRQ00pU00xn_XJr30-mbmfZhr1FquxdFryvObDeLEnF-X0a2NZpcjGxiww4Y-PKhsIN59uVUealnmjHxT-E4bv9ZIz8vuHg5G38Z_jYheQRRghU0ydsGilRpMp86QLJFHi4qS7g31UkkVwAirodeUDCgd2fcHC_Q-rw:1nN1hG:5TxnL0AvRy65n1QcIAsWgs2gXL2IaKzrYefr8goDTv4	2022-02-24 15:09:26.856194+03
5xft4s45uylh7wtq549zhihk8j7vrx98	.eJxVjMEOwiAQBf-FsyEsUKE9evcbCAuLRQ00pU00xn_XJr30-mbmfZhr1FquxdFryvObDeLEnF-X0a2NZpcjGxiww4Y-PKhsIN59uVUealnmjHxT-E4bv9ZIz8vuHg5G38Z_jYheQRRghU0ydsGilRpMp86QLJFHi4qS7g31UkkVwAirodeUDCgd2fcHC_Q-rw:1n7Z1H:49fXGqWNVMl7sCjR7nUlIJCHWb4FdQja4zXG-WoseLM	2022-01-12 23:30:11.874595+03
qv5fahzngn24ti518lmrfljh38o9qoce	.eJxVjMEOwiAQBf-FsyEsUKE9evcbCAuLRQ00pU00xn_XJr30-mbmfZhr1FquxdFryvObDeLEnF-X0a2NZpcjGxiww4Y-PKhsIN59uVUealnmjHxT-E4bv9ZIz8vuHg5G38Z_jYheQRRghU0ydsGilRpMp86QLJFHi4qS7g31UkkVwAirodeUDCgd2fcHC_Q-rw:1n9X7w:Wx5vqDUUEQJ34wt9V47MvZQ21Zoe02d8Mkp8DOoZPnw	2022-01-18 09:53:12.276569+03
mvi95e0z21gwl1h04sn10j8mjx6s41oy	.eJxVjssOgjAURP-layG9bbGFpXt37Js-LrY-KKGQaIz_LiSYyPbMzMm8ic6Yc0y9xucQxxdp6IFoM09BzxlHHT1pCJAds8bdsF8DfzX9JZUu9dMYbblWyi3N5Tl5vJ-27k4QTA7L2lprOHgKiqqO-copq5gAWfEjdArRWGU5dqKWWDPOuANJlYBaYCeBi1X6O59DGhaj-EPeTNjGBy6YUcYKCgWnLciGS_L5AhaTT7A:1nEBZo:fvCQz6U3D68O5qY69Ilpi77uJgtMeyDjnxG6P1SzQfY	2022-01-31 05:53:12.423921+03
d2ls1extmvyx86s1tkqdac2cf9lziho6	.eJxVjksOwiAURffC2BDkU9oOnbsG8oBXQQ000CYa496lSR10cCf3c3I_xFSsNeZk8DXH8iYjOxED6xLMWrGY6MlIODl4FtwD0xb4O6Rbpi6npURLtwrd00qv2ePzsncPgAA1tLUepOzBSwXgmePTpIELxZELppSQA-DZag62k-BUE1PgxNBLYXuNrhMN-j9fQ54bUZLvD_StRT0:1nJYGR:X6fDIlQLv_JfR11MI6ZJI0krheF9FU-2ffDA8WMUTSc	2022-02-15 01:07:23.952368+03
ab9p40piuh1b3k1y4tr2pbolpm6wacjj	.eJxVjksOwiAURffC2BDkU9oOnbsG8oBXQQ000CYa496lSR10cCf3c3I_xFSsNeZk8DXH8iYjOxED6xLMWrGY6MlIODl4FtwD0xb4O6Rbpi6npURLtwrd00qv2ePzsncPgAA1tLUepOzBSwXgmePTpIELxZELppSQA-DZag62k-BUE1PgxNBLYXuNrhMN-j9fQ54bUZLvD_StRT0:1nAJl9:V9H6UNUOfjyVLXuniuwUAR0x6mUI0qJtSY0_97xpzN4	2022-01-20 13:48:55.763036+03
x0y5knzofk0u6qllwwrek32xezd3lkop	.eJxVjssOwiAURP-FtSG8KrRL934D4cJFUANNaRON8d9tk7rods7MyXyIbdharsXia8zTmwzsRKxb5mSXhpPNgQyEk0MGzj-wbCDcXblV6muZpwx0q9CdNnqtAZ-XvXsQJNfSugYAJ3lg3DATRei8ASMU150882gQHRiQGFWvsRdSSM81M4r3CqPmUm3S__mW6rgaFfn-APM2RO4:1nIIzb:4CnsZei-eA3_KnVVsPkNxAbxgqsNG0k22ah2Ywzo4n0	2022-02-11 14:36:51.030434+03
prlxlzm5roaqtognmf0tphq20hp9tcgk	.eJxVjMEOwiAQBf-FsyEsUKE9evcbCAuLRQ00pU00xn_XJr30-mbmfZhr1FquxdFryvObDeLEnF-X0a2NZpcjGxiww4Y-PKhsIN59uVUealnmjHxT-E4bv9ZIz8vuHg5G38Z_jYheQRRghU0ydsGilRpMp86QLJFHi4qS7g31UkkVwAirodeUDCgd2fcHC_Q-rw:1nEg7x:iyf7ebDLmL4O1H2IHCIqJig5Xle6gpYSlombb2cd2Aw	2022-02-01 14:30:29.335245+03
7wmpsqw3emw137j6ve9ohnyhqb58un71	.eJxVjMEOwiAQBf-FsyEsUKE9evcbCAuLRQ00pU00xn_XJr30-mbmfZhr1FquxdFryvObDeLEnF-X0a2NZpcjGxiww4Y-PKhsIN59uVUealnmjHxT-E4bv9ZIz8vuHg5G38Z_jYheQRRghU0ydsGilRpMp86QLJFHi4qS7g31UkkVwAirodeUDCgd2fcHC_Q-rw:1nJrYf:s4EnjNh26JmFj_pmvQN8CBDtF_6PoRyXUIGW5M2V4io	2022-02-15 21:43:29.39586+03
xzsejbwgnzz4h2lx80u16n78cne6h5uh	.eJxVjksOwiAURffC2BDkU9oOnbsG8oBXQQ000CYa496lSR10cCf3c3I_xFSsNeZk8DXH8iYjOxED6xLMWrGY6MlIODl4FtwD0xb4O6Rbpi6npURLtwrd00qv2ePzsncPgAA1tLUepOzBSwXgmePTpIELxZELppSQA-DZag62k-BUE1PgxNBLYXuNrhMN-j9fQ54bUZLvD_StRT0:1nCeRu:1ANEbQaqBJnBJ148_abBNKcC4ddcYuDjgMePa35fL5Y	2022-01-27 00:18:42.15859+03
2xgaxytb2gtefoqxwxswja3uo28mmqsn	.eJxVjMEOwiAQBf-FsyEsUKE9evcbCAuLRQ00pU00xn_XJr30-mbmfZhr1FquxdFryvObDeLEnF-X0a2NZpcjGxiww4Y-PKhsIN59uVUealnmjHxT-E4bv9ZIz8vuHg5G38Z_jYheQRRghU0ydsGilRpMp86QLJFHi4qS7g31UkkVwAirodeUDCgd2fcHC_Q-rw:1nDEZM:-pmj3X-oG5J1W8Y34s-yQ4kvS1jTXz1n0uvE6sOQAJI	2022-01-28 14:52:48.724142+03
0e0k2vorrreyd672lfkka0gd6l4syq7c	.eJxVjbsOgjAUhl_FdJampy1QOrq7uTctPUi9UEIh0RjfXTAYdf2-__Igxk5ja6aEgwmeaAJk-8ucrc_YLcKfbHeMtI7dOARHlwhdbaL76PGyW7N_A61N7dx2zlkBnoFiquE-r5VTXEKZiwIahWidcgIbWZVYccFFDSVTEiqJTQlCvkcTphRiZ_DWh-FONNuSD0pt7OcXSb7I2xEP4Yoz5ozzjEEm2AYKnVeaSfJ8AXp7UB0:1nEAjQ:KmJ8s1Ou3baRk55fCacVO9PWUNpxAC1wAHArsuKB8Do	2022-01-31 04:59:04.635866+03
4rvecp4fogj1q5bjrbn31y3kf74eh9eq	.eJxVjEEOwiAQRe_C2hAGqAwu3fcMhIFBqoYmpV0Z765NutDtf-_9lwhxW2vYOi9hyuIiQJx-N4rpwW0H-R7bbZZpbusykdwVedAuxznz83q4fwc19vqtiSgayApQYdF5SEioLbjBnKEgcyQkw8V6x14bbRI4hRa85eLA2CzeH-MJN3I:1nEVxq:KxPp1js-8sTfNGt2Wq_vRkWBmeiuwISWWUD6H5ESJbw	2022-02-01 03:39:22.960698+03
cvx0at12n9s97dtcrax9t01m0sh9bwif	.eJxVjMEOwiAQBf-FsyEsUKE9evcbCAuLRQ00pU00xn_XJr30-mbmfZhr1FquxdFryvObDeLEnF-X0a2NZpcjGxiww4Y-PKhsIN59uVUealnmjHxT-E4bv9ZIz8vuHg5G38Z_jYheQRRghU0ydsGilRpMp86QLJFHi4qS7g31UkkVwAirodeUDCgd2fcHC_Q-rw:1n7ki1:xnz9co_O06zPk2mVqKHnbticHm-7DPQPS668NKWdoos	2022-01-13 11:59:05.313389+03
kpkudtv2n8jw4uhwvj47xxpbgbvdcqlx	.eJxVjEEOwiAQRe_C2hAGqAwu3fcMhIFBqoYmpV0Z765NutDtf-_9lwhxW2vYOi9hyuIiQJx-N4rpwW0H-R7bbZZpbusykdwVedAuxznz83q4fwc19vqtiSgayApQYdF5SEioLbjBnKEgcyQkw8V6x14bbRI4hRa85eLA2CzeH-MJN3I:1nHODA:gi0Y9B_imi3x7s_JUsBZxF0IX267VByb4ICMFxn5f_c	2022-02-09 01:59:04.412531+03
r0f2wd87ohjed4gie6s7ncdxu4smy93g	.eJxVjssOgjAURP-layG9bbGFpXt37Js-LrY-KKGQaIz_LiSYyPbMzMm8ic6Yc0y9xucQxxdp6IFoM09BzxlHHT1pCJAds8bdsF8DfzX9JZUu9dMYbblWyi3N5Tl5vJ-27k4QTA7L2lprOHgKiqqO-copq5gAWfEjdArRWGU5dqKWWDPOuANJlYBaYCeBi1X6O59DGhaj-EPeTNjGBy6YUcYKCgWnLciGVeTzBRaJT60:1nEBGD:xN0Nq3JOt1DkfHLI7qeqfL5i3zXDBRBMczelIHUMtg4	2022-01-31 05:32:57.861737+03
ifte888ekd5nlztakcvw7uughvm1d7vp	.eJxVjMEOwiAQBf-FsyEsUKE9evcbCAuLRQ00pU00xn_XJr30-mbmfZhr1FquxdFryvObDeLEnF-X0a2NZpcjGxiww4Y-PKhsIN59uVUealnmjHxT-E4bv9ZIz8vuHg5G38Z_jYheQRRghU0ydsGilRpMp86QLJFHi4qS7g31UkkVwAirodeUDCgd2fcHC_Q-rw:1nJ0pI:ychzHTABlbNzzAuG_S7T1S1dSU1taDXTqzmqQSGSIG4	2022-02-13 13:25:08.173365+03
c9all9uhk6j3sy5t62sf99el3irsz5fw	.eJxVjMEOwiAQBf-FsyEsUKE9evcbCAuLRQ00pU00xn_XJr30-mbmfZhr1FquxdFryvObDeLEnF-X0a2NZpcjGxiww4Y-PKhsIN59uVUealnmjHxT-E4bv9ZIz8vuHg5G38Z_jYheQRRghU0ydsGilRpMp86QLJFHi4qS7g31UkkVwAirodeUDCgd2fcHC_Q-rw:1nNMWi:2K2fnwEEFJJXq2WOpqUdtyUCxiKlNoiA9BKXi4AEOuY	2022-02-25 13:23:56.158137+03
7vfe8lkc59ehsi7vxqe4p1wnutm72zj3	.eJxVjMEOwiAQBf-FsyEsUKE9evcbCAuLRQ00pU00xn_XJr30-mbmfZhr1FquxdFryvObDeLEnF-X0a2NZpcjGxiww4Y-PKhsIN59uVUealnmjHxT-E4bv9ZIz8vuHg5G38Z_jYheQRRghU0ydsGilRpMp86QLJFHi4qS7g31UkkVwAirodeUDCgd2fcHC_Q-rw:1nO66Y:8insJe5vVTF51JesRabd_SLPzEb5UIeLIgMU7nQR1g4	2022-02-27 14:03:58.807684+03
rpp26dvlz54mu5tu70kb0foeef3b4gb1	.eJxVjksOwiAURffC2BDkU9oOnbsG8oBXQQ000CYa496lSR10cCf3c3I_xFSsNeZk8DXH8iYjOxED6xLMWrGY6MlIODl4FtwD0xb4O6Rbpi6npURLtwrd00qv2ePzsncPgAA1tLUepOzBSwXgmePTpIELxZELppSQA-DZag62k-BUE1PgxNBLYXuNrhMN-j9fQ54bUZLvD_StRT0:1nAXkR:TJLAzaVV7GrGcuHEaGd_56BH1teW-yFiohP_xrm8aXM	2022-01-21 04:45:07.254724+03
bf19hi6thv39erv5jab5q598e611jc4z	.eJxVjssOwiAURP-FtSG8KrRL934D4cJFUANNaRON8d9tk7rods7MyXyIbdharsXia8zTmwzsRKxb5mSXhpPNgQyEk0MGzj-wbCDcXblV6muZpwx0q9CdNnqtAZ-XvXsQJNfSugYAJ3lg3DATRei8ASMU150882gQHRiQGFWvsRdSSM81M4r3CqPmUm3S__mW6rgaFfn-APM2RO4:1nGqNk:gfpHI6COp3d5Yal2AN_MpvpFCNOo7LnNriwPag2hynk	2022-02-07 13:51:44.405554+03
xpgpocg5cpa2df1zj4odaqd453jsky02	.eJxVjMEOwiAQBf-FsyEsUKE9evcbCAuLRQ00pU00xn_XJr30-mbmfZhr1FquxdFryvObDeLEnF-X0a2NZpcjGxiww4Y-PKhsIN59uVUealnmjHxT-E4bv9ZIz8vuHg5G38Z_jYheQRRghU0ydsGilRpMp86QLJFHi4qS7g31UkkVwAirodeUDCgd2fcHC_Q-rw:1nEnz5:Ih5sCLfWeSAUQLm4bEkA058GVE22sgHIhJJsVRTOgN0	2022-02-01 22:53:51.844639+03
jcatwwnode4jjq98pgerbzqg99zhfn6h	.eJxVjssOwiAURP-FtSG8KrRL934D4cJFUANNaRON8d9tk7rods7MyXyIbdharsXia8zTmwzsRKxb5mSXhpPNgQyEk0MGzj-wbCDcXblV6muZpwx0q9CdNnqtAZ-XvXsQJNfSugYAJ3lg3DATRei8ASMU150882gQHRiQGFWvsRdSSM81M4r3CqPmUm3S__mW6rgaFfn-APM2RO4:1nEDcw:NH9HV3a9uPA36ybhEmlON_-OEkv53K-4e6ZxUEzfhDA	2022-01-31 08:04:34.305313+03
v1dor4intdw8rmvs8rh0k21clom8e1eb	.eJxVjksOwiAURffC2BDkU9oOnbsG8oBXQQ000CYa496lSR10cCf3c3I_xFSsNeZk8DXH8iYjOxED6xLMWrGY6MlIODl4FtwD0xb4O6Rbpi6npURLtwrd00qv2ePzsncPgAA1tLUepOzBSwXgmePTpIELxZELppSQA-DZag62k-BUE1PgxNBLYXuNrhMN-j9fQ54bUZLvD_StRT0:1nCkkK:WbZkjOWLmJwSfzs_1liGEddizXI5Tzbn_KM5pOvAC5I	2022-01-27 07:02:08.649131+03
xrywjtvr6v5vjyhqg7h14qkaesgqaodu	.eJxVjksOwiAURffC2BDkU9oOnbsG8oBXQQ000CYa496lSR10cCf3c3I_xFSsNeZk8DXH8iYjOxED6xLMWrGY6MlIODl4FtwD0xb4O6Rbpi6npURLtwrd00qv2ePzsncPgAA1tLUepOzBSwXgmePTpIELxZELppSQA-DZag62k-BUE1PgxNBLYXuNrhMN-j9fQ54bUZLvD_StRT0:1nHMZD:_DPU6Dl2GLHMchVijQwW6n6_sBBVfJgLPEbNafLYID8	2022-02-09 00:13:43.098586+03
wr1osewmwql11r6hgurw1ipsp3fsvmha	.eJxVjcsOwiAURP-FdUN41dIu3fsNhAsXQQ00pU00xn-3NTXR7ZmZM09i7DJHs1ScTPJkIJw0vwysu2LeAn-x-VyoK3meEtCtQve00lPxeDvu3T9BtDWuawCwknvGNdNB-NZp0ELxrpUHHjSiBQ0Sg-o77IUU0vGOacV7haHjUn2kFWtNJRu8j2l6kIE15ItqLOP6osjrDWmYRO4:1nFQhH:yEtaX1ayv3MWoWWQjaLGFEj9z_z4uSnpMmtIXZuhVnY	2022-02-03 16:14:03.336338+03
ekiinek3u08k0z0wayvpvqqwhdi54mk5	.eJxVjssOwiAURP-FtSG8KrRL934D4cJFUANNaRON8d9tk7rods7MyXyIbdharsXia8zTmwzsRKxb5mSXhpPNgQyEk0MGzj-wbCDcXblV6muZpwx0q9CdNnqtAZ-XvXsQJNfSugYAJ3lg3DATRei8ASMU150882gQHRiQGFWvsRdSSM81M4r3CqPmUm3S__mW6rgaFfn-APM2RO4:1nKcd5:UDNDarVenybNpZOdM8Z72opFtRWXUvMWfjjF5KHb21w	2022-02-17 23:59:11.953366+03
1l9epe2t2jlky2konn2l25wakeykde3t	.eJxVjMEOwiAQBf-FsyEsUKE9evcbCAuLRQ00pU00xn_XJr30-mbmfZhr1FquxdFryvObDeLEnF-X0a2NZpcjGxiww4Y-PKhsIN59uVUealnmjHxT-E4bv9ZIz8vuHg5G38Z_jYheQRRghU0ydsGilRpMp86QLJFHi4qS7g31UkkVwAirodeUDCgd2fcHC_Q-rw:1n7laD:xxkz5VMCHdtBGZn8oAaFVOEerOAK4Gp_JnyAhHPhksk	2022-01-13 12:55:05.940628+03
esg7mpruyljsx2gt3kftwgv1yme8fng9	.eJxVjMEOwiAQBf-FsyEsUKE9evcbCAuLRQ00pU00xn_XJr30-mbmfZhr1FquxdFryvObDeLEnF-X0a2NZpcjGxiww4Y-PKhsIN59uVUealnmjHxT-E4bv9ZIz8vuHg5G38Z_jYheQRRghU0ydsGilRpMp86QLJFHi4qS7g31UkkVwAirodeUDCgd2fcHC_Q-rw:1nGILG:2e8Uy8c_fffGixyfyqMh8qsbhe7tbkc4VBM77xZYnyA	2022-02-06 01:30:54.867053+03
dvlm5szqkv8rsqjibmo3a30j6ych94pn	.eJxVjMEOwiAQBf-FsyEsUKE9evcbCAuLRQ00pU00xn_XJr30-mbmfZhr1FquxdFryvObDeLEnF-X0a2NZpcjGxiww4Y-PKhsIN59uVUealnmjHxT-E4bv9ZIz8vuHg5G38Z_jYheQRRghU0ydsGilRpMp86QLJFHi4qS7g31UkkVwAirodeUDCgd2fcHC_Q-rw:1nNhxf:1TJKZgvAqwfopKNuK5aykEQ3Fkn6qFrfln57SU-of-E	2022-02-26 12:17:11.08096+03
qo4cagjx5j6xwysdn2xd02xhekhacvza	.eJxVjMEOwiAQBf-FsyEsUKE9evcbCAuLRQ00pU00xn_XJr30-mbmfZhr1FquxdFryvObDeLEnF-X0a2NZpcjGxiww4Y-PKhsIN59uVUealnmjHxT-E4bv9ZIz8vuHg5G38Z_jYheQRRghU0ydsGilRpMp86QLJFHi4qS7g31UkkVwAirodeUDCgd2fcHC_Q-rw:1nDaBe:lObWXRKHxIB2BUghgVIFzehueU9GLfbkuz5xR2ApBmI	2022-01-29 13:57:46.602202+03
p2oo3rgx2gdnewxdy8ls50s29y3mep0f	eyJfc2Vzc2lvbl9leHBpcnkiOjB9:1n92Lo:bJqZe1vsIY8D2YlaPb0nwWdBS0UzY3Z8wECc0AC5Fyk	2022-01-17 01:01:28.143701+03
bbq7hg9rlyko0l75bqtyv2dy19jbcrhk	.eJxVjMEOwiAQBf-FsyEsUKE9evcbCAuLRQ00pU00xn_XJr30-mbmfZhr1FquxdFryvObDeLEnF-X0a2NZpcjGxiww4Y-PKhsIN59uVUealnmjHxT-E4bv9ZIz8vuHg5G38Z_jYheQRRghU0ydsGilRpMp86QLJFHi4qS7g31UkkVwAirodeUDCgd2fcHC_Q-rw:1nBltw:80J8CSSHU1EkN2ZKoboEqPMmwdba-cLtbI_tZHo5G_Y	2022-01-24 14:04:00.526136+03
0kewqarz8kxgfvjfx41b1cbex3dw14kx	.eJxVjMEOwiAQBf-FsyEsUKE9evcbCAuLRQ00pU00xn_XJr30-mbmfZhr1FquxdFryvObDeLEnF-X0a2NZpcjGxiww4Y-PKhsIN59uVUealnmjHxT-E4bv9ZIz8vuHg5G38Z_jYheQRRghU0ydsGilRpMp86QLJFHi4qS7g31UkkVwAirodeUDCgd2fcHC_Q-rw:1nKp7I:21bRj5lrEdgW_F5VqRGkm1WDFfUl75QwFo3LyXBLv-8	2022-02-18 13:19:12.932245+03
up9mckpq67tljbpv8xwtapv9tshqw7u0	.eJxVjssOwiAURP-FtSG8KrRL934D4cJFUANNaRON8d9tk7rods7MyXyIbdharsXia8zTmwzsRKxb5mSXhpPNgQyEk0MGzj-wbCDcXblV6muZpwx0q9CdNnqtAZ-XvXsQJNfSugYAJ3lg3DATRei8ASMU150882gQHRiQGFWvsRdSSM81M4r3CqPmUm3S__mW6rgaFfn-APM2RO4:1nIr2t:NV3QUCmq4HqxbMK8vruPrT91ZdljwypfuVjYqWxGZd0	2022-02-13 02:58:31.615177+03
bcq4le7yajca0yafux53h7m13aeyjh66	.eJxVjMEOwiAQBf-FsyEsUKE9evcbCAuLRQ00pU00xn_XJr30-mbmfZhr1FquxdFryvObDeLEnF-X0a2NZpcjGxiww4Y-PKhsIN59uVUealnmjHxT-E4bv9ZIz8vuHg5G38Z_jYheQRRghU0ydsGilRpMp86QLJFHi4qS7g31UkkVwAirodeUDCgd2fcHC_Q-rw:1nLAwb:n8-YArJQxJBEV9_kTg9i2NWpikGaEaCAcTme9Ak3aS4	2022-02-19 12:37:37.103809+03
3kf9jm18sd5ycku15vxq77ba8h8dmg8s	.eJxVjMEOwiAQBf-FsyEsUKE9evcbCAuLRQ00pU00xn_XJr30-mbmfZhr1FquxdFryvObDeLEnF-X0a2NZpcjGxiww4Y-PKhsIN59uVUealnmjHxT-E4bv9ZIz8vuHg5G38Z_jYheQRRghU0ydsGilRpMp86QLJFHi4qS7g31UkkVwAirodeUDCgd2fcHC_Q-rw:1n7lbf:rxnFjahKSCZnNIgXULWvGpHPP6e8SUm_-JESIMuPhGI	2022-01-13 12:56:35.525809+03
osnpxu6y6l8edbacdt86c7ix3lk5g026	.eJxVjMEOwiAQBf-FsyEsUKE9evcbCAuLRQ00pU00xn_XJr30-mbmfZhr1FquxdFryvObDeLEnF-X0a2NZpcjGxiww4Y-PKhsIN59uVUealnmjHxT-E4bv9ZIz8vuHg5G38Z_jYheQRRghU0ydsGilRpMp86QLJFHi4qS7g31UkkVwAirodeUDCgd2fcHC_Q-rw:1nGIWR:1F9by-GTvOsIpLvQBQNeuYgyOUIWb7m6UpQEtWuY5MM	2022-02-06 01:42:27.803482+03
vvtbpus7h8uk1teyiu3aje6oe4lacgmi	.eJxVjMEOwiAQBf-FsyEsUKE9evcbCAuLRQ00pU00xn_XJr30-mbmfZhr1FquxdFryvObDeLEnF-X0a2NZpcjGxiww4Y-PKhsIN59uVUealnmjHxT-E4bv9ZIz8vuHg5G38Z_jYheQRRghU0ydsGilRpMp86QLJFHi4qS7g31UkkVwAirodeUDCgd2fcHC_Q-rw:1nNrkt:3nmmr3hFsOKf225C9R0t8I4vsolVIDbO2RZtmiynoks	2022-02-26 22:44:39.335523+03
v8f16tbswqf78ka7n7p9rqjzl3h4jwkg	.eJxVjEEOwiAQRe_C2hAGqAwu3fcMhIFBqoYmpV0Z765NutDtf-_9lwhxW2vYOi9hyuIiQJx-N4rpwW0H-R7bbZZpbusykdwVedAuxznz83q4fwc19vqtiSgayApQYdF5SEioLbjBnKEgcyQkw8V6x14bbRI4hRa85eLA2CzeH-MJN3I:1nO68m:OZfuS3GLIBJEslgE70qUaGFKe80j0DLOm4TdddlLwds	2022-02-27 14:06:16.557488+03
tuq4tpqdoripqohclm0bjybbdtkdcaa7	.eJxVjMsOwiAURP_lrg1BHoV26d5vIBe4tagBA22iMf67bdJNF7OZc2a-4Bq1lkp29H6l-oGBn8DhMk9uaVRdijCAgEPnMTwobyDeMd8KCyXPNXm2KWynjV1LpOdldw8HE7ZpXZteKYtRacTIgxhHg0JqQUJyraXqkc7eCPSdwqDXcI1B9lZJbw2FTsLvDweOPv4:1n8eU6:jfomLbkTOjMovvFnhKbXykAbywcABN3dQCxsRNsYKsQ	2022-01-15 23:32:26.411711+03
e3ussdy0u48fu3i4t33m8fmp0uwnq1oo	.eJxVjMEOwiAQBf-FsyEsUKE9evcbCAuLRQ00pU00xn_XJr30-mbmfZhr1FquxdFryvObDeLEnF-X0a2NZpcjGxiww4Y-PKhsIN59uVUealnmjHxT-E4bv9ZIz8vuHg5G38Z_jYheQRRghU0ydsGilRpMp86QLJFHi4qS7g31UkkVwAirodeUDCgd2fcHC_Q-rw:1n13Q5:nYMOgeOjsuSpi5sEf66_qQBXw0319sYrnI3eoK-N0Tc	2021-12-26 00:32:53.803589+03
2mru9s6lc7dh44vuvdiw9o6akx757vf2	.eJxVjMEOwiAQBf-FsyEsUKE9evcbCAuLRQ00pU00xn_XJr30-mbmfZhr1FquxdFryvObDeLEnF-X0a2NZpcjGxiww4Y-PKhsIN59uVUealnmjHxT-E4bv9ZIz8vuHg5G38Z_jYheQRRghU0ydsGilRpMp86QLJFHi4qS7g31UkkVwAirodeUDCgd2fcHC_Q-rw:1n1Euk:BFSNNNa6moRqKhOmJn-5CIYFsCp_EPKxK_ecO4QCBQY	2021-12-26 12:49:18.922737+03
i4ge393ux2rnlaeg9hv35pn44kl6e1no	.eJxVjMEOwiAQBf-FsyEsUKE9evcbCAuLRQ00pU00xn_XJr30-mbmfZhr1FquxdFryvObDeLEnF-X0a2NZpcjGxiww4Y-PKhsIN59uVUealnmjHxT-E4bv9ZIz8vuHg5G38Z_jYheQRRghU0ydsGilRpMp86QLJFHi4qS7g31UkkVwAirodeUDCgd2fcHC_Q-rw:1n1WrW:GGlfMDMNrvG6_dJPaOtbuKUhW1bG9nlT3_Dg-llC_tw	2021-12-27 07:59:10.384018+03
ni5iav2wfnp2w873wt2681j0mofwbnko	.eJxVjMEOwiAQBf-FsyEsUKE9evcbCAuLRQ00pU00xn_XJr30-mbmfZhr1FquxdFryvObDeLEnF-X0a2NZpcjGxiww4Y-PKhsIN59uVUealnmjHxT-E4bv9ZIz8vuHg5G38Z_jYheQRRghU0ydsGilRpMp86QLJFHi4qS7g31UkkVwAirodeUDCgd2fcHC_Q-rw:1n1rT6:dGOghEvX8gvAJys5GFIrlS5J-ii65yb9VjvG_cDseJ0	2021-12-28 05:59:20.380649+03
91dox9svss7zv0f1937zu2o25yit0ex6	.eJxVjMEOwiAQBf-FsyEsUKE9evcbCAuLRQ00pU00xn_XJr30-mbmfZhr1FquxdFryvObDeLEnF-X0a2NZpcjGxiww4Y-PKhsIN59uVUealnmjHxT-E4bv9ZIz8vuHg5G38Z_jYheQRRghU0ydsGilRpMp86QLJFHi4qS7g31UkkVwAirodeUDCgd2fcHC_Q-rw:1n26pg:5pHw0TWslDhSb04pHzzRMIuCQqKof4TX-9OAkw3hGI0	2021-12-28 22:23:40.525064+03
ivig9ygnue578u89bv510437xwtpp76p	.eJxVjMEOwiAQBf-FsyEsUKE9evcbCAuLRQ00pU00xn_XJr30-mbmfZhr1FquxdFryvObDeLEnF-X0a2NZpcjGxiww4Y-PKhsIN59uVUealnmjHxT-E4bv9ZIz8vuHg5G38Z_jYheQRRghU0ydsGilRpMp86QLJFHi4qS7g31UkkVwAirodeUDCgd2fcHC_Q-rw:1nE9Zx:lx3xldPSmRL46UOQvr5qqNe4ihaTytewmukqBeD-DPA	2022-01-31 03:45:13.553502+03
8qycmrmjm95a8wbherv0wvfg9zt4hd05	.eJxVjMEOwiAQBf-FsyEsUKE9evcbCAuLRQ00pU00xn_XJr30-mbmfZhr1FquxdFryvObDeLEnF-X0a2NZpcjGxiww4Y-PKhsIN59uVUealnmjHxT-E4bv9ZIz8vuHg5G38Z_jYheQRRghU0ydsGilRpMp86QLJFHi4qS7g31UkkVwAirodeUDCgd2fcHC_Q-rw:1n2Jby:G2t8rXGjwAb3LjQZLMrzJNTz2Xmn73pKVwQv6-43_p8	2021-12-29 12:02:22.832272+03
1pfps08w3v5iipd6mz9jiwsz30prxj70	.eJxVjMEOwiAQBf-FsyEsUKE9evcbCAuLRQ00pU00xn_XJr30-mbmfZhr1FquxdFryvObDeLEnF-X0a2NZpcjGxiww4Y-PKhsIN59uVUealnmjHxT-E4bv9ZIz8vuHg5G38Z_jYheQRRghU0ydsGilRpMp86QLJFHi4qS7g31UkkVwAirodeUDCgd2fcHC_Q-rw:1n2WaI:I-Yw15oVN2ITKvg0jyppekwk2aahe-sL5tJTeoWLXWs	2021-12-30 01:53:30.202721+03
52hxuirawa1vyockpf6dkkpsk1t40h7g	.eJxVjMEOwiAQBf-FsyEsUKE9evcbCAuLRQ00pU00xn_XJr30-mbmfZhr1FquxdFryvObDeLEnF-X0a2NZpcjGxiww4Y-PKhsIN59uVUealnmjHxT-E4bv9ZIz8vuHg5G38Z_jYheQRRghU0ydsGilRpMp86QLJFHi4qS7g31UkkVwAirodeUDCgd2fcHC_Q-rw:1n2ZV0:jY-SxfHr74ytdNypo2uVkF7UFk8hUlWK_CgN8voKgjk	2021-12-30 05:00:14.683198+03
wck7ojsws6h4dzfmrzgsvjc86reipsba	.eJxVjMEOwiAQBf-FsyEsUKE9evcbCAuLRQ00pU00xn_XJr30-mbmfZhr1FquxdFryvObDeLEnF-X0a2NZpcjGxiww4Y-PKhsIN59uVUealnmjHxT-E4bv9ZIz8vuHg5G38Z_jYheQRRghU0ydsGilRpMp86QLJFHi4qS7g31UkkVwAirodeUDCgd2fcHC_Q-rw:1n2dnp:Vb5ZuL5AFvGmV8GAy2nOWaI9PRsRH5CwHmhaTs3MCPg	2021-12-30 09:35:57.349675+03
khooc67nyj3rvt519evu9gkwxcpay2i1	.eJxVjMEOwiAQBf-FsyEsUKE9evcbCAuLRQ00pU00xn_XJr30-mbmfZhr1FquxdFryvObDeLEnF-X0a2NZpcjGxiww4Y-PKhsIN59uVUealnmjHxT-E4bv9ZIz8vuHg5G38Z_jYheQRRghU0ydsGilRpMp86QLJFHi4qS7g31UkkVwAirodeUDCgd2fcHC_Q-rw:1n32YC:WsP_pCre0K5PVvMptEAo6aJX9DMzoujvGRZo4-Gi_7E	2021-12-31 12:01:28.885061+03
x3azhc7z667omde9vr0ae06sjyrcvfcd	.eJxVjUsOwiAURffC2BDkU9oOnbsG8oBXQQ000CYa496lSU10cCf3c-6LGFiXYNaKxURPRsLJ4dez4G6YtsBfIV0ydTktJVq6VeieVnrOHu-nvfsHCFBDW-tByh68VACeOT5NGrhQHLlgSgk5AB6t5mA7CU41MQVODL0UttfoOtGgFWuNOZka8tyIcvv5eviYY3mSkb0_ZKBFPQ:1n9oTk:oE3WMNHw6QhA6x3fodwFNVY0HoepnK8-mg2HvWr-6fw	2022-01-19 04:24:52.304724+03
52r5klzsxi1o5ud8pnizxlw0uxertp3u	.eJxVjMEOwiAQBf-FsyEsUKE9evcbCAuLRQ00pU00xn_XJr30-mbmfZhr1FquxdFryvObDeLEnF-X0a2NZpcjGxiww4Y-PKhsIN59uVUealnmjHxT-E4bv9ZIz8vuHg5G38Z_jYheQRRghU0ydsGilRpMp86QLJFHi4qS7g31UkkVwAirodeUDCgd2fcHC_Q-rw:1n3dNk:sDfn31efF66kbcrTh9X4HYAILD536BgWd7Q7d-oseU4	2022-01-02 03:21:08.561773+03
rq8nk4kos92phh14evrbcx1q0ef8fwhs	.eJxVjksOwiAURffC2BDkU9oOnbsG8oBXQQ000CYa496lSR10cCf3c3I_xFSsNeZk8DXH8iYjOxED6xLMWrGY6MlIODl4FtwD0xb4O6Rbpi6npURLtwrd00qv2ePzsncPgAA1tLUepOzBSwXgmePTpIELxZELppSQA-DZag62k-BUE1PgxNBLYXuNrhMN-j9fQ54bUZLvD_StRT0:1nACWm:-oW2sCdfSEDRwHMttipn5Nq6Jyev1ChWgiKlPlpF_Lw	2022-01-20 06:05:36.116837+03
kv3sgx5mtnyi98r9k82p22p16sppiu5t	.eJxVjksOwiAURffC2BDkU9oOnbsG8oBXQQ000CYa496lSR10cCf3c3I_xFSsNeZk8DXH8iYjOxED6xLMWrGY6MlIODl4FtwD0xb4O6Rbpi6npURLtwrd00qv2ePzsncPgAA1tLUepOzBSwXgmePTpIELxZELppSQA-DZag62k-BUE1PgxNBLYXuNrhMN-j9fQ54bUZLvD_StRT0:1nAgPI:NRhaMXt13epdJPPdUSOxXLxu93X6OwEzgVHbjQvILuE	2022-01-21 13:59:52.971746+03
djbhww1edtg09s8u1yhz0iudzt2qicpg	.eJxVjksOwiAURffC2BDkU9oOnbsG8oBXQQ000CYa496lSR10cCf3c3I_xFSsNeZk8DXH8iYjOxED6xLMWrGY6MlIODl4FtwD0xb4O6Rbpi6npURLtwrd00qv2ePzsncPgAA1tLUepOzBSwXgmePTpIELxZELppSQA-DZag62k-BUE1PgxNBLYXuNrhMN-j9fQ54bUZLvD_StRT0:1nCkxW:Ulosylg1b4cNz9SIHB_SBeIvOitUyJXlQr1LyACT6kI	2022-01-27 07:15:46.463145+03
7hgz3zfju33zcz1bhrp8kgsdax6bykgk	.eJxVjksOwiAURffC2BDkU9oOnbsG8oBXQQ000CYa496lSR10cCf3c3I_xFSsNeZk8DXH8iYjOxED6xLMWrGY6MlIODl4FtwD0xb4O6Rbpi6npURLtwrd00qv2ePzsncPgAA1tLUepOzBSwXgmePTpIELxZELppSQA-DZag62k-BUE1PgxNBLYXuNrhMN-j9fQ54bUZLvD_StRT0:1nCpuW:ZBkw-rjk-FCTyK0p9sqVozoZ_D2Ej_q5d2uNAQ2ooRg	2022-01-27 12:33:00.347347+03
sn832s3dd55no4hkx5qay8f7vqcoekhx	.eJxVjksOwiAURffC2BDkU9oOnbsG8oBXQQ000CYa496lSR10cCf3c3I_xFSsNeZk8DXH8iYjOxED6xLMWrGY6MlIODl4FtwD0xb4O6Rbpi6npURLtwrd00qv2ePzsncPgAA1tLUepOzBSwXgmePTpIELxZELppSQA-DZag62k-BUE1PgxNBLYXuNrhMN-j9fQ54bUZLvD_StRT0:1nDMpr:tfCCzQHbCkNct829agBOLS7fXBujUFUGfRlCh-T8Tpc	2022-01-28 23:42:23.705635+03
02e8aajoau151ymvr1ydwagyz3h3zrge	.eJxVjEEOwiAQRe_C2hAGqAwu3fcMhIFBqoYmpV0Z765NutDtf-_9lwhxW2vYOi9hyuIiQJx-N4rpwW0H-R7bbZZpbusykdwVedAuxznz83q4fwc19vqtiSgayApQYdF5SEioLbjBnKEgcyQkw8V6x14bbRI4hRa85eLA2CzeH-MJN3I:1n3xPV:VTXh2CQEWf3OByNG2QQpLoFIwtOUDMANJFsJAn8NmYQ	2022-01-03 00:44:17.264656+03
h3r5bewu4woawkjxc3ls988uxsqesb27	.eJxVjMEOwiAQBf-FsyEsUKE9evcbCAuLRQ00pU00xn_XJr30-mbmfZhr1FquxdFryvObDeLEnF-X0a2NZpcjGxiww4Y-PKhsIN59uVUealnmjHxT-E4bv9ZIz8vuHg5G38Z_jYheQRRghU0ydsGilRpMp86QLJFHi4qS7g31UkkVwAirodeUDCgd2fcHC_Q-rw:1n49F7:ejR1lzgPbTSHzGixtC55qLGVoDWX0mOcg8rSIk6tMOc	2022-01-03 13:22:21.206078+03
fwjjv75eufbc6zk40mmv5vflwa3wyc2h	.eJxVjMEOwiAQBf-FsyEsUKE9evcbCAuLRQ00pU00xn_XJr30-mbmfZhr1FquxdFryvObDeLEnF-X0a2NZpcjGxiww4Y-PKhsIN59uVUealnmjHxT-E4bv9ZIz8vuHg5G38Z_jYheQRRghU0ydsGilRpMp86QLJFHi4qS7g31UkkVwAirodeUDCgd2fcHC_Q-rw:1n7m1s:62AHiyu2rktXwqU-rHi2Od5Ezvj9vCDpYSVTBJflxIk	2022-01-13 13:23:40.411804+03
qfeghsonvea7lsv5gupagrkiislaelo0	.eJxVjMEOwiAQBf-FsyEsUKE9evcbCAuLRQ00pU00xn_XJr30-mbmfZhr1FquxdFryvObDeLEnF-X0a2NZpcjGxiww4Y-PKhsIN59uVUealnmjHxT-E4bv9ZIz8vuHg5G38Z_jYheQRRghU0ydsGilRpMp86QLJFHi4qS7g31UkkVwAirodeUDCgd2fcHC_Q-rw:1n4UHY:tsP31i5RRhkGlKbcbLhaLwZsvFxDVcZwlzTBUfX3174	2022-01-04 11:50:16.878574+03
n7d2kwknfybqi0gfryr7k4t3eztkrgk9	.eJxVjEEOwiAQRe_C2hAGqAwu3fcMhIFBqoYmpV0Z765NutDtf-_9lwhxW2vYOi9hyuIiQJx-N4rpwW0H-R7bbZZpbusykdwVedAuxznz83q4fwc19vqtiSgayApQYdF5SEioLbjBnKEgcyQkw8V6x14bbRI4hRa85eLA2CzeH-MJN3I:1n9Xg1:I4NIUHR4eqFCFLdf83WhIg0CsjQ4Hz9tQiSb0X7ZfH0	2022-01-18 10:28:25.521848+03
wl11m7eennieklrde98iny49q9pju8fi	.eJxVjMEOwiAQBf-FsyEsUKE9evcbCAuLRQ00pU00xn_XJr30-mbmfZhr1FquxdFryvObDeLEnF-X0a2NZpcjGxiww4Y-PKhsIN59uVUealnmjHxT-E4bv9ZIz8vuHg5G38Z_jYheQRRghU0ydsGilRpMp86QLJFHi4qS7g31UkkVwAirodeUDCgd2fcHC_Q-rw:1nO6lb:xH0c-vBd5wgdSFbC6207mwuEnKrhD1-wGC88v3RIgIQ	2022-02-27 14:46:23.127064+03
49cx99bf48r74yik22dr9fra2bnkegif	.eJxVjksOwiAURffC2BDkU9oOnbsG8oBXQQ000CYa496lSR10cCf3c3I_xFSsNeZk8DXH8iYjOxED6xLMWrGY6MlIODl4FtwD0xb4O6Rbpi6npURLtwrd00qv2ePzsncPgAA1tLUepOzBSwXgmePTpIELxZELppSQA-DZag62k-BUE1PgxNBLYXuNrhMN-j9fQ54bUZLvD_StRT0:1n9wpL:-Gf65hzU7P-0vMBgtBa-n1kfzwj5TtdtbbqcpWM7k0w	2022-01-19 13:19:43.865865+03
73s1mc48kefdiyv68hnxvm4l8ur9m9xv	.eJxVjksOwiAURffC2BDkU9oOnbsG8oBXQQ000CYa496lSR10cCf3c3I_xFSsNeZk8DXH8iYjOxED6xLMWrGY6MlIODl4FtwD0xb4O6Rbpi6npURLtwrd00qv2ePzsncPgAA1tLUepOzBSwXgmePTpIELxZELppSQA-DZag62k-BUE1PgxNBLYXuNrhMN-j9fQ54bUZLvD_StRT0:1nACen:cmQmHu4sjxIiih7gp406yLcRt0OTxyuNWu6yfQH2nMU	2022-01-20 06:13:53.136163+03
q0egy162q1zhfmrf1aqqhlq4ua31zrww	.eJxVjMEOwiAQBf-FsyEsUKE9evcbCAuLRQ00pU00xn_XJr30-mbmfZhr1FquxdFryvObDeLEnF-X0a2NZpcjGxiww4Y-PKhsIN59uVUealnmjHxT-E4bv9ZIz8vuHg5G38Z_jYheQRRghU0ydsGilRpMp86QLJFHi4qS7g31UkkVwAirodeUDCgd2fcHC_Q-rw:1n5FPp:j_14-R1xbQMw8944dgI2L07tyTlb6S4rMauv_68nDOo	2022-01-06 14:09:57.865414+03
9sivtvkd9aahfdfwlrkb38qtrfqdgqsa	.eJxVjMEOwiAQBf-FsyEsUKE9evcbCAuLRQ00pU00xn_XJr30-mbmfZhr1FquxdFryvObDeLEnF-X0a2NZpcjGxiww4Y-PKhsIN59uVUealnmjHxT-E4bv9ZIz8vuHg5G38Z_jYheQRRghU0ydsGilRpMp86QLJFHi4qS7g31UkkVwAirodeUDCgd2fcHC_Q-rw:1n5QwW:CvZavA10RvAoLRhniuipQnegvC8-_u7D0Ht2kXP6k-4	2022-01-07 02:28:28.17138+03
y48b8j470wrkqcrs6csv9kf8fm40ryas	.eJxVjksOwiAURffC2BDkU9oOnbsG8oBXQQ000CYa496lSR10cCf3c3I_xFSsNeZk8DXH8iYjOxED6xLMWrGY6MlIODl4FtwD0xb4O6Rbpi6npURLtwrd00qv2ePzsncPgAA1tLUepOzBSwXgmePTpIELxZELppSQA-DZag62k-BUE1PgxNBLYXuNrhMN-j9fQ54bUZLvD_StRT0:1nB1eP:TxAcRaFVUWLtGSslNrJlACx-fydoNUasdE0Idjw3Qmc	2022-01-22 12:40:53.103228+03
kmep8nu2lpbpqzxfa5mlwrv9hwpt4o4k	.eJxVjcsOwiAURP-FtSFcoEK7dO83EB4XQU1pSptojP9uSWqi2zkzZ17E2HVJZq04mxzIQIAcfjNn_Q3HBsLVjpdCfRmXOTvaKnSnlZ5LwPtp7_4Jkq1pWzvnrIDAQDMdeei8dppLUJ04QtSI1mknMMpeYc8FFx4U0xJ6iVGBkE1asdZcRlNTmTajbD_fDB9Tnp9kYO8PXP1E7g:1nJkoH:PdYNG0Hu-tFSN7zvmKRMpUgcWMNK0PZcpmwUxpWFqZQ	2022-02-15 14:31:09.333859+03
zusiijh81pd53vcrvyu9bl9chvgv7g6e	.eJxVjksOwiAURffC2BDkU9oOnbsG8oBXQQ000CYa496lSR10cCf3c3I_xFSsNeZk8DXH8iYjOxED6xLMWrGY6MlIODl4FtwD0xb4O6Rbpi6npURLtwrd00qv2ePzsncPgAA1tLUepOzBSwXgmePTpIELxZELppSQA-DZag62k-BUE1PgxNBLYXuNrhMN-j9fQ54bUZLvD_StRT0:1nCTky:SV9QZEzW56SCQo__NO7MkixbeubBJrhdfMjLHEsehxE	2022-01-26 12:53:40.629198+03
pcfmeve7xz3dkd5qz1evfxr273w5xwz3	.eJxVjksOwiAURffC2BDkU9oOnbsG8oBXQQ000CYa496lSR10cCf3c3I_xFSsNeZk8DXH8iYjOxED6xLMWrGY6MlIODl4FtwD0xb4O6Rbpi6npURLtwrd00qv2ePzsncPgAA1tLUepOzBSwXgmePTpIELxZELppSQA-DZag62k-BUE1PgxNBLYXuNrhMN-j9fQ54bUZLvD_StRT0:1nCq6M:lqZp7wzIXOWhngTy7rB5-bpzvpGzDaepyDjf0RgE9eU	2022-01-27 12:45:14.932045+03
4h9osz08beyxr328anxcci3palx6x4cv	.eJxVjksOwiAURffC2BDkU9oOnbsG8oBXQQ000CYa496lSR10cCf3c3I_xFSsNeZk8DXH8iYjOxED6xLMWrGY6MlIODl4FtwD0xb4O6Rbpi6npURLtwrd00qv2ePzsncPgAA1tLUepOzBSwXgmePTpIELxZELppSQA-DZag62k-BUE1PgxNBLYXuNrhMN-j9fQ54bUZLvD_StRT0:1nDN5p:dKEYdL5s2qpcn6xVJfjDDPZxKGjRlNucwZLnoozC_as	2022-01-28 23:58:53.812024+03
wetp8s0x75vjym7quvko1c2k3cww62ij	.eJxVjcsOwiAURP-FtSFcoEK7dO83EB4XQU1pSptojP9uSWqi2zkzZ17E2HVJZq04mxzIQIAcfjNn_Q3HBsLVjpdCfRmXOTvaKnSnlZ5LwPtp7_4Jkq1pWzvnrIDAQDMdeei8dppLUJ04QtSI1mknMMpeYc8FFx4U0xJ6iVGBkE1asdZcRlNTmTajbD_fDB9Tnp9kYO8PXP1E7g:1nFlBU:dQ_xrSPzFGxWy8ZgRvJVH6igrXOoFMp_GYM2N5WY60w	2022-02-04 14:06:36.206088+03
vrnnckmgz8xpjcyykokxm8ookvhxkbjw	.eJxVjMEOwiAQBf-FsyEsUKE9evcbCAuLRQ00pU00xn_XJr30-mbmfZhr1FquxdFryvObDeLEnF-X0a2NZpcjGxiww4Y-PKhsIN59uVUealnmjHxT-E4bv9ZIz8vuHg5G38Z_jYheQRRghU0ydsGilRpMp86QLJFHi4qS7g31UkkVwAirodeUDCgd2fcHC_Q-rw:1n5u3D:kwlq_8q4dXIRckmjAN3gy7xqCYbFR-__X0Vy18cNsVg	2022-01-08 09:33:19.431921+03
b4fq77kfx8pev3m5h28271vevo2xz2hw	.eJxVjMEOwiAQBf-FsyEsUKE9evcbCAuLRQ00pU00xn_XJr30-mbmfZhr1FquxdFryvObDeLEnF-X0a2NZpcjGxiww4Y-PKhsIN59uVUealnmjHxT-E4bv9ZIz8vuHg5G38Z_jYheQRRghU0ydsGilRpMp86QLJFHi4qS7g31UkkVwAirodeUDCgd2fcHC_Q-rw:1n5zGG:-HJZ0uDpXfILMupIQ-pmi1qK3eLhJv-Sm7_7gDtuda4	2022-01-08 15:07:08.959069+03
bv3tv59dln4j73rzvbovckrwq0uwpeus	.eJxVjMEOwiAQBf-FsyEsUKE9evcbCAuLRQ00pU00xn_XJr30-mbmfZhr1FquxdFryvObDeLEnF-X0a2NZpcjGxiww4Y-PKhsIN59uVUealnmjHxT-E4bv9ZIz8vuHg5G38Z_jYheQRRghU0ydsGilRpMp86QLJFHi4qS7g31UkkVwAirodeUDCgd2fcHC_Q-rw:1n609X:yfeuWS0XBJenaa1JIBf4AclE1gE-A0pe9RvlgFoRDHw	2022-01-08 16:04:15.505076+03
gp6f9i9hnjtodc24npib6foyzn0soy80	.eJxVjssOwiAURP-FtSG8KrRL934D4cJFUANNaRON8d9tk7rods7MyXyIbdharsXia8zTmwzsRKxb5mSXhpPNgQyEk0MGzj-wbCDcXblV6muZpwx0q9CdNnqtAZ-XvXsQJNfSugYAJ3lg3DATRei8ASMU150882gQHRiQGFWvsRdSSM81M4r3CqPmUm3S__mW6rgaFfn-APM2RO4:1nGLdy:7vSSD5tBa5uOuGyktVGXEIXNyfjwBH4dW0DBEutZGus	2022-02-06 05:02:26.334739+03
q9n4i5p9v6b13oqi1ka7cnnh48qpij15	.eJxVjEEOwiAQRe_C2hAGqAwu3fcMhIFBqoYmpV0Z765NutDtf-_9lwhxW2vYOi9hyuIiQJx-N4rpwW0H-R7bbZZpbusykdwVedAuxznz83q4fwc19vqtiSgayApQYdF5SEioLbjBnKEgcyQkw8V6x14bbRI4hRa85eLA2CzeH-MJN3I:1n6K3h:BQflKlyWZq1MrcBQv5OKVYiWdH8_hKEbj-_Hw6zBDpk	2022-01-09 13:19:33.02199+03
j77ofuv9h7r6thbijoxgjrnsftd9r67w	.eJxVjEEOwiAQRe_C2hAGqAwu3fcMhIFBqoYmpV0Z765NutDtf-_9lwhxW2vYOi9hyuIiQJx-N4rpwW0H-R7bbZZpbusykdwVedAuxznz83q4fwc19vqtiSgayApQYdF5SEioLbjBnKEgcyQkw8V6x14bbRI4hRa85eLA2CzeH-MJN3I:1nNroS:_4sApB65aK-PfAzxzKWX9JeVXBAJyxKlA3-VkNyYPW0	2022-02-26 22:48:20.634891+03
0ttmqp8afub8q4wmg7cu73ic3mufa65a	.eJxVjMEOwiAQBf-FsyEsUKE9evcbCAuLRQ00pU00xn_XJr30-mbmfZhr1FquxdFryvObDeLEnF-X0a2NZpcjGxiww4Y-PKhsIN59uVUealnmjHxT-E4bv9ZIz8vuHg5G38Z_jYheQRRghU0ydsGilRpMp86QLJFHi4qS7g31UkkVwAirodeUDCgd2fcHC_Q-rw:1n7m5s:y592xAgqrqQzINKB6Fr-xOPC91dlusMG53LVGGDJ9Zc	2022-01-13 13:27:48.421535+03
3jo9afuiueol40n8e8zm58wy53afx37v	.eJxVjssOwiAURP-FtSG8KrRL934D4cJFUANNaRON8d9tk7rods7MyXyIbdharsXia8zTmwzsRKxb5mSXhpPNgQyEk0MGzj-wbCDcXblV6muZpwx0q9CdNnqtAZ-XvXsQJNfSugYAJ3lg3DATRei8ASMU150882gQHRiQGFWvsRdSSM81M4r3CqPmUm3S__mW6rgaFfn-APM2RO4:1nGLiD:tpPJI_ePaezTBIQEqgmBeurBPCaZ0A2mSdKeVxcGty4	2022-02-06 05:06:49.633226+03
s4p9l8swi749h5hv4p1oz0kd4fxeqi2a	.eJxVjMEOwiAQRP-FsyEIS2k9evcbyAJbqRpouu3J-O_SpAc9zGXmzXsLj9ua_ca0-CmJi9Di9NsFjE8q-5AeWO5VxlrWZQpyR-SxsrzVRK_rwf4JMnJubzcA9JjAIiYV9Tg61MZq0kZZa2BAOgenMXSA0bYoi9EMPZjQO4qdaVIm5qkWz7nOzQji8wVCSj4A:1n9Xhg:_nZILP7k2tC2DLNL7Rg4SflzhxedvSAoHqcPzuKqoMI	2022-01-18 10:30:08.051267+03
yc18jwbgdzqyomxiy6xwwlk94vussesy	.eJxVjksOwiAURffC2BDkU9oOnbsG8oBXQQ000CYa496lSR10cCf3c3I_xFSsNeZk8DXH8iYjOxED6xLMWrGY6MlIODl4FtwD0xb4O6Rbpi6npURLtwrd00qv2ePzsncPgAA1tLUepOzBSwXgmePTpIELxZELppSQA-DZag62k-BUE1PgxNBLYXuNrhMN-j9fQ54bUZLvD_StRT0:1nA6PH:LuDOBkLQ_r45RmgnHs-VsAB9X3Svdz_nU1ANpKMrido	2022-01-19 23:33:27.964626+03
um3968aws9stjq2zg5h30us2148rl9ut	.eJxVjMEOwiAQBf-FsyEsUKE9evcbCAuLRQ00pU00xn_XJr30-mbmfZhr1FquxdFryvObDeLEnF-X0a2NZpcjGxiww4Y-PKhsIN59uVUealnmjHxT-E4bv9ZIz8vuHg5G38Z_jYheQRRghU0ydsGilRpMp86QLJFHi4qS7g31UkkVwAirodeUDCgd2fcHC_Q-rw:1nIzEk:r76WcriIbVv05wVwbTUeW5ftTvF7RbRcdrwLB-e3mis	2022-02-13 11:43:18.438379+03
5xvbrnneye4ndjesdil44soywv6kfl4u	.eJxVjksOwiAURffC2BDkU9oOnbsG8oBXQQ000CYa496lSR10cCf3c3I_xFSsNeZk8DXH8iYjOxED6xLMWrGY6MlIODl4FtwD0xb4O6Rbpi6npURLtwrd00qv2ePzsncPgAA1tLUepOzBSwXgmePTpIELxZELppSQA-DZag62k-BUE1PgxNBLYXuNrhMN-j9fQ54bUZLvD_StRT0:1nACgn:Y9bKxwepPkGpI1FqD2_s1Cze4VCy25AM4bkqG5iMh90	2022-01-20 06:15:57.654689+03
dtg8jbuuxfgkjav44yzl6kf349hrwfo4	.eJxVjMsOwiAURP_lrg1BHoV26d5vIBe4tagBA22iMf67bdJNF7OZc2a-4Bq1lkp29H6l-oGBn8DhMk9uaVRdijCAgEPnMTwobyDeMd8KCyXPNXm2KWynjV1LpOdldw8HE7ZpXZteKYtRacTIgxhHg0JqQUJyraXqkc7eCPSdwqDXcI1B9lZJbw2FTsLvDweOPv4:1nBNh0:itAYexgcQlsLyp6vlTWUgcV964op3lZrUxsOYZCwt5s	2022-01-23 12:13:02.973765+03
wt8v3p3c20376lj34b2gzbzyctz9svou	.eJxVjksOwiAURffC2BDkU9oOnbsG8oBXQQ000CYa496lSR10cCf3c3I_xFSsNeZk8DXH8iYjOxED6xLMWrGY6MlIODl4FtwD0xb4O6Rbpi6npURLtwrd00qv2ePzsncPgAA1tLUepOzBSwXgmePTpIELxZELppSQA-DZag62k-BUE1PgxNBLYXuNrhMN-j9fQ54bUZLvD_StRT0:1nCqy1:_PpuMk6-CiTVuYtTqdQv-rcGNQflY0VeJtJ06MwnD8Y	2022-01-27 13:40:41.10888+03
14lla72pm4mxvzjbbwn9suw9c00rlobc	.eJxVjksOwiAURffC2BDkU9oOnbsG8oBXQQ000CYa496lSR10cCf3c3I_xFSsNeZk8DXH8iYjOxED6xLMWrGY6MlIODl4FtwD0xb4O6Rbpi6npURLtwrd00qv2ePzsncPgAA1tLUepOzBSwXgmePTpIELxZELppSQA-DZag62k-BUE1PgxNBLYXuNrhMN-j9fQ54bUZLvD_StRT0:1nDNK2:9jVynncHFFkp_AD8ABAoBO63OCk6SSasz4AwbH7VJkI	2022-01-29 00:13:34.582693+03
m78b09zj7ny3wolz48kf748sgsj08kag	.eJxVjEEOwiAQRe_C2hAGqAwu3fcMhIFBqoYmpV0Z765NutDtf-_9lwhxW2vYOi9hyuIiQJx-N4rpwW0H-R7bbZZpbusykdwVedAuxznz83q4fwc19vqtiSgayApQYdF5SEioLbjBnKEgcyQkw8V6x14bbRI4hRa85eLA2CzeH-MJN3I:1n6cb7:wXN9JEDlmPOPpou3Jaxhsa-wPldsFkkO4YOtiY5agoc	2022-01-10 09:07:17.23079+03
m0dmpx8vm67gvqfnlgmqlummfeulh5tz	.eJxVjMEOwiAQBf-FsyEsUKE9evcbCAuLRQ00pU00xn_XJr30-mbmfZhr1FquxdFryvObDeLEnF-X0a2NZpcjGxiww4Y-PKhsIN59uVUealnmjHxT-E4bv9ZIz8vuHg5G38Z_jYheQRRghU0ydsGilRpMp86QLJFHi4qS7g31UkkVwAirodeUDCgd2fcHC_Q-rw:1n72PD:zORQy4iykPa7cJfNLru4xfzFd6De_N2M98lnN-awVis	2022-01-11 12:40:43.529743+03
lhq5ytic8kkkl6iq66177gvpynrqqtya	.eJxVjssOwiAURP-FtSG8KrRL934D4cJFUANNaRON8d9tk7rods7MyXyIbdharsXia8zTmwzsRKxb5mSXhpPNgQyEk0MGzj-wbCDcXblV6muZpwx0q9CdNnqtAZ-XvXsQJNfSugYAJ3lg3DATRei8ASMU150882gQHRiQGFWvsRdSSM81M4r3CqPmUm3S__mW6rgaFfn-APM2RO4:1nGLud:0aTbjfMAzU4CuAGFbSdTUu00oTJbE2Yi_8KqUUEEhZM	2022-02-06 05:19:39.958568+03
qo3pkr1sqrn28w1czshgu4cz4ysryxad	.eJxVjksOwiAURffC2BDkU9oOnbsG8oBXQQ000CYa496lSR10cCf3c3I_xFSsNeZk8DXH8iYjOxED6xLMWrGY6MlIODl4FtwD0xb4O6Rbpi6npURLtwrd00qv2ePzsncPgAA1tLUepOzBSwXgmePTpIELxZELppSQA-DZag62k-BUE1PgxNBLYXuNrhMN-j9fQ54bUZLvD_StRT0:1nA6dB:9E76OmJkUXIr4XAicpPWBYSS8i1dr2VWBwnlv3NRXpA	2022-01-19 23:47:49.776469+03
l1zzfxhvoo39u5ymzpy6y5t4dbw553iv	.eJxVjMEOwiAQBf-FsyEsUKE9evcbCAuLRQ00pU00xn_XJr30-mbmfZhr1FquxdFryvObDeLEnF-X0a2NZpcjGxiww4Y-PKhsIN59uVUealnmjHxT-E4bv9ZIz8vuHg5G38Z_jYheQRRghU0ydsGilRpMp86QLJFHi4qS7g31UkkVwAirodeUDCgd2fcHC_Q-rw:1nDpLw:mPYzJUSYuY3rkrykdiXpfQlnOz9DvA4tBHZZQG4kyYg	2022-01-30 06:09:24.391705+03
on9ultch168wk4j2fh4bikaxdqvtwlwb	.eJxVjksOwiAURffC2BDkU9oOnbsG8oBXQQ000CYa496lSR10cCf3c3I_xFSsNeZk8DXH8iYjOxED6xLMWrGY6MlIODl4FtwD0xb4O6Rbpi6npURLtwrd00qv2ePzsncPgAA1tLUepOzBSwXgmePTpIELxZELppSQA-DZag62k-BUE1PgxNBLYXuNrhMN-j9fQ54bUZLvD_StRT0:1nAD4d:jcvnpioPVl2bTArrOtXiCOMEyNVPtU4RzsmOAB6TwpU	2022-01-20 06:40:35.738826+03
trb85b11qan01lcmfdsy5nige7vosi64	.eJxVjMEOwiAQBf-FsyEsUKE9evcbCAuLRQ00pU00xn_XJr30-mbmfZhr1FquxdFryvObDeLEnF-X0a2NZpcjGxiww4Y-PKhsIN59uVUealnmjHxT-E4bv9ZIz8vuHg5G38Z_jYheQRRghU0ydsGilRpMp86QLJFHi4qS7g31UkkVwAirodeUDCgd2fcHC_Q-rw:1nIzEk:r76WcriIbVv05wVwbTUeW5ftTvF7RbRcdrwLB-e3mis	2022-02-13 11:43:18.443367+03
a1msc2aixtw1rnyeabhwdj5nr4wch17e	.eJxVjEEOwiAQRe_C2hAGqAwu3fcMhIFBqoYmpV0Z765NutDtf-_9lwhxW2vYOi9hyuIiQJx-N4rpwW0H-R7bbZZpbusykdwVedAuxznz83q4fwc19vqtiSgayApQYdF5SEioLbjBnKEgcyQkw8V6x14bbRI4hRa85eLA2CzeH-MJN3I:1nE7NO:rTXsNghkcO8EZm3VagAaHEmzHEeboasn1niEEE3AwnE	2022-01-31 01:24:06.817179+03
wkp6oaejpaejvzbunlwb9r1vlkwhkog2	.eJxVjksOwiAURffC2BDkU9oOnbsG8oBXQQ000CYa496lSR10cCf3c3I_xFSsNeZk8DXH8iYjOxED6xLMWrGY6MlIODl4FtwD0xb4O6Rbpi6npURLtwrd00qv2ePzsncPgAA1tLUepOzBSwXgmePTpIELxZELppSQA-DZag62k-BUE1PgxNBLYXuNrhMN-j9fQ54bUZLvD_StRT0:1nAr1s:I5bvz1aQpbW9bCMcrsXadxR5xCl4Itld8_eX1Za1K64	2022-01-22 01:20:24.111273+03
3cxtpwrc7abu59x4dlmrk65ncl3a2vjj	.eJxVjksOwiAURffC2BDkU9oOnbsG8oBXQQ000CYa496lSR10cCf3c3I_xFSsNeZk8DXH8iYjOxED6xLMWrGY6MlIODl4FtwD0xb4O6Rbpi6npURLtwrd00qv2ePzsncPgAA1tLUepOzBSwXgmePTpIELxZELppSQA-DZag62k-BUE1PgxNBLYXuNrhMN-j9fQ54bUZLvD_StRT0:1nBNsg:C3Gf-nP1qMXW_YZuqzU6TrCNc4XOGEJ4yOC_CNZHC0I	2022-01-23 12:25:06.15523+03
99eiv0njk800e4aj263cqdd72hnmc59e	.eJxVjMEOwiAQBf-FsyEsUKE9evcbCAuLRQ00pU00xn_XJr30-mbmfZhr1FquxdFryvObDeLEnF-X0a2NZpcjGxiww4Y-PKhsIN59uVUealnmjHxT-E4bv9ZIz8vuHg5G38Z_jYheQRRghU0ydsGilRpMp86QLJFHi4qS7g31UkkVwAirodeUDCgd2fcHC_Q-rw:1nC7S5:I6gK4Rrc957jL-U_vjZbYrjleHPWzZZWQiWIHOypT-8	2022-01-25 13:04:41.743086+03
feqcggncxmu3rx5roq04holvyfxjxytc	.eJxVjksOwiAURffC2BDkU9oOnbsG8oBXQQ000CYa496lSR10cCf3c3I_xFSsNeZk8DXH8iYjOxED6xLMWrGY6MlIODl4FtwD0xb4O6Rbpi6npURLtwrd00qv2ePzsncPgAA1tLUepOzBSwXgmePTpIELxZELppSQA-DZag62k-BUE1PgxNBLYXuNrhMN-j9fQ54bUZLvD_StRT0:1nCUsW:iCACvDQ4LTIOwKQne5dyRTbUictZZgXHZEKg_1e3fZQ	2022-01-26 14:05:32.660018+03
7sdfzljr5gpelknxyr92hg9tu253ewzn	.eJxVjksOwiAURffC2BDkU9oOnbsG8oBXQQ000CYa496lSR10cCf3c3I_xFSsNeZk8DXH8iYjOxED6xLMWrGY6MlIODl4FtwD0xb4O6Rbpi6npURLtwrd00qv2ePzsncPgAA1tLUepOzBSwXgmePTpIELxZELppSQA-DZag62k-BUE1PgxNBLYXuNrhMN-j9fQ54bUZLvD_StRT0:1nCpYF:PSNfOCDu21LOPnmKZdtlKR63LyzCOf--msFoAualNlg	2022-01-27 12:09:59.758414+03
pdkxja0hz8ad42u7grwhn9dz6g38q85x	.eJxVjksOwiAURffC2BDkU9oOnbsG8oBXQQ000CYa496lSR10cCf3c3I_xFSsNeZk8DXH8iYjOxED6xLMWrGY6MlIODl4FtwD0xb4O6Rbpi6npURLtwrd00qv2ePzsncPgAA1tLUepOzBSwXgmePTpIELxZELppSQA-DZag62k-BUE1PgxNBLYXuNrhMN-j9fQ54bUZLvD_StRT0:1nDNQ1:6uczVMJFeggfUhkZqxarubaC_z3FrHi8Oj-J00-ObJ8	2022-01-29 00:19:45.258274+03
c5zj71qz37slwzra2f3y39vzm0m3dyv6	.eJxVjcsOwiAURP-FdUN41dIu3fsNhAsXQQ00pU00xn-3NTXR7ZmZM09i7DJHs1ScTPJkIJw0vwysu2LeAn-x-VyoK3meEtCtQve00lPxeDvu3T9BtDWuawCwknvGNdNB-NZp0ELxrpUHHjSiBQ0Sg-o77IUU0vGOacV7haHjUn2kFWtNJRu8j2l6kIE15ItqLOP6IsjrDWmSROw:1nMJrt:XCAHcwRkPut32Td4bF77jYdENQ6Dx_sN_d3pRgqTbuc	2022-02-22 16:21:29.944631+03
\.


--
-- Name: app_cash_card_id_seq; Type: SEQUENCE SET; Schema: public; Owner: postgres
--

SELECT pg_catalog.setval('public.app_cash_card_id_seq', 138, true);


--
-- Name: app_cash_cash_id_seq; Type: SEQUENCE SET; Schema: public; Owner: postgres
--

SELECT pg_catalog.setval('public.app_cash_cash_id_seq', 826, true);


--
-- Name: app_cash_credit_id_seq; Type: SEQUENCE SET; Schema: public; Owner: postgres
--

SELECT pg_catalog.setval('public.app_cash_credit_id_seq', 88, true);


--
-- Name: app_cash_paymentregister_id_seq; Type: SEQUENCE SET; Schema: public; Owner: postgres
--

SELECT pg_catalog.setval('public.app_cash_paymentregister_id_seq', 213, true);


--
-- Name: app_cashback_cashback_id_seq; Type: SEQUENCE SET; Schema: public; Owner: postgres
--

SELECT pg_catalog.setval('public.app_cashback_cashback_id_seq', 2, true);


--
-- Name: app_clients_client_id_seq; Type: SEQUENCE SET; Schema: public; Owner: postgres
--

SELECT pg_catalog.setval('public.app_clients_client_id_seq', 10, true);


--
-- Name: app_error_errorlog_id_seq; Type: SEQUENCE SET; Schema: public; Owner: postgres
--

SELECT pg_catalog.setval('public.app_error_errorlog_id_seq', 1, false);


--
-- Name: app_personnel_bonusaccount_id_seq; Type: SEQUENCE SET; Schema: public; Owner: postgres
--

SELECT pg_catalog.setval('public.app_personnel_bonusaccount_id_seq', 2, true);


--
-- Name: app_personnel_salary_id_seq; Type: SEQUENCE SET; Schema: public; Owner: postgres
--

SELECT pg_catalog.setval('public.app_personnel_salary_id_seq', 1, false);


--
-- Name: app_product_avprice_id_seq; Type: SEQUENCE SET; Schema: public; Owner: postgres
--

SELECT pg_catalog.setval('public.app_product_avprice_id_seq', 118, true);


--
-- Name: app_product_cashoff_id_seq; Type: SEQUENCE SET; Schema: public; Owner: postgres
--

SELECT pg_catalog.setval('public.app_product_cashoff_id_seq', 1, false);


--
-- Name: app_product_document_id_seq; Type: SEQUENCE SET; Schema: public; Owner: postgres
--

SELECT pg_catalog.setval('public.app_product_document_id_seq', 2048, true);


--
-- Name: app_product_identifier_id_seq; Type: SEQUENCE SET; Schema: public; Owner: postgres
--

SELECT pg_catalog.setval('public.app_product_identifier_id_seq', 3527, true);


--
-- Name: app_product_register_id_seq; Type: SEQUENCE SET; Schema: public; Owner: postgres
--

SELECT pg_catalog.setval('public.app_product_register_id_seq', 7774, true);


--
-- Name: app_product_remainder_id_seq; Type: SEQUENCE SET; Schema: public; Owner: postgres
--

SELECT pg_catalog.setval('public.app_product_remainder_id_seq', 38460, true);


--
-- Name: app_product_remaindercurrent_id_seq; Type: SEQUENCE SET; Schema: public; Owner: postgres
--

SELECT pg_catalog.setval('public.app_product_remaindercurrent_id_seq', 478, true);


--
-- Name: app_product_revaluation_id_seq; Type: SEQUENCE SET; Schema: public; Owner: postgres
--

SELECT pg_catalog.setval('public.app_product_revaluation_id_seq', 6, true);


--
-- Name: app_reference_contributor_id_seq; Type: SEQUENCE SET; Schema: public; Owner: postgres
--

SELECT pg_catalog.setval('public.app_reference_contributor_id_seq', 2, true);


--
-- Name: app_reference_documenttype_id_seq; Type: SEQUENCE SET; Schema: public; Owner: postgres
--

SELECT pg_catalog.setval('public.app_reference_documenttype_id_seq', 12, true);


--
-- Name: app_reference_expense_id_seq; Type: SEQUENCE SET; Schema: public; Owner: postgres
--

SELECT pg_catalog.setval('public.app_reference_expense_id_seq', 9, true);


--
-- Name: app_reference_product_id_seq; Type: SEQUENCE SET; Schema: public; Owner: postgres
--

SELECT pg_catalog.setval('public.app_reference_product_id_seq', 62, true);


--
-- Name: app_reference_productcategory_id_seq; Type: SEQUENCE SET; Schema: public; Owner: postgres
--

SELECT pg_catalog.setval('public.app_reference_productcategory_id_seq', 9, true);


--
-- Name: app_reference_shop_id_seq; Type: SEQUENCE SET; Schema: public; Owner: postgres
--

SELECT pg_catalog.setval('public.app_reference_shop_id_seq', 4, true);


--
-- Name: app_reference_supplier_id_seq; Type: SEQUENCE SET; Schema: public; Owner: postgres
--

SELECT pg_catalog.setval('public.app_reference_supplier_id_seq', 2, true);


--
-- Name: app_reference_voucher_id_seq; Type: SEQUENCE SET; Schema: public; Owner: postgres
--

SELECT pg_catalog.setval('public.app_reference_voucher_id_seq', 2, true);


--
-- Name: app_reports_dailysalerep_id_seq; Type: SEQUENCE SET; Schema: public; Owner: postgres
--

SELECT pg_catalog.setval('public.app_reports_dailysalerep_id_seq', 2487, true);


--
-- Name: app_reports_monthlybonus_id_seq; Type: SEQUENCE SET; Schema: public; Owner: postgres
--

SELECT pg_catalog.setval('public.app_reports_monthlybonus_id_seq', 348, true);


--
-- Name: app_reports_paycardreport_id_seq; Type: SEQUENCE SET; Schema: public; Owner: postgres
--

SELECT pg_catalog.setval('public.app_reports_paycardreport_id_seq', 230, true);


--
-- Name: app_reports_producthistory_id_seq; Type: SEQUENCE SET; Schema: public; Owner: postgres
--

SELECT pg_catalog.setval('public.app_reports_producthistory_id_seq', 1, false);


--
-- Name: app_reports_reporttemp_id_seq; Type: SEQUENCE SET; Schema: public; Owner: postgres
--

SELECT pg_catalog.setval('public.app_reports_reporttemp_id_seq', 213, true);


--
-- Name: app_reports_reporttempid_id_seq; Type: SEQUENCE SET; Schema: public; Owner: postgres
--

SELECT pg_catalog.setval('public.app_reports_reporttempid_id_seq', 599, true);


--
-- Name: app_reports_saleregort_id_seq; Type: SEQUENCE SET; Schema: public; Owner: postgres
--

SELECT pg_catalog.setval('public.app_reports_saleregort_id_seq', 621, true);


--
-- Name: auth_group_id_seq; Type: SEQUENCE SET; Schema: public; Owner: postgres
--

SELECT pg_catalog.setval('public.auth_group_id_seq', 3, true);


--
-- Name: auth_group_permissions_id_seq; Type: SEQUENCE SET; Schema: public; Owner: postgres
--

SELECT pg_catalog.setval('public.auth_group_permissions_id_seq', 1, false);


--
-- Name: auth_permission_id_seq; Type: SEQUENCE SET; Schema: public; Owner: postgres
--

SELECT pg_catalog.setval('public.auth_permission_id_seq', 204, true);


--
-- Name: auth_user_groups_id_seq; Type: SEQUENCE SET; Schema: public; Owner: postgres
--

SELECT pg_catalog.setval('public.auth_user_groups_id_seq', 3, true);


--
-- Name: auth_user_id_seq; Type: SEQUENCE SET; Schema: public; Owner: postgres
--

SELECT pg_catalog.setval('public.auth_user_id_seq', 3, true);


--
-- Name: auth_user_user_permissions_id_seq; Type: SEQUENCE SET; Schema: public; Owner: postgres
--

SELECT pg_catalog.setval('public.auth_user_user_permissions_id_seq', 1, false);


--
-- Name: django_admin_log_id_seq; Type: SEQUENCE SET; Schema: public; Owner: postgres
--

SELECT pg_catalog.setval('public.django_admin_log_id_seq', 6289, true);


--
-- Name: django_content_type_id_seq; Type: SEQUENCE SET; Schema: public; Owner: postgres
--

SELECT pg_catalog.setval('public.django_content_type_id_seq', 48, true);


--
-- Name: django_migrations_id_seq; Type: SEQUENCE SET; Schema: public; Owner: postgres
--

SELECT pg_catalog.setval('public.django_migrations_id_seq', 273, true);


--
-- Name: app_cash_card app_cash_card_pkey; Type: CONSTRAINT; Schema: public; Owner: postgres
--

ALTER TABLE ONLY public.app_cash_card
    ADD CONSTRAINT app_cash_card_pkey PRIMARY KEY (id);


--
-- Name: app_cash_cash app_cash_cash_pkey; Type: CONSTRAINT; Schema: public; Owner: postgres
--

ALTER TABLE ONLY public.app_cash_cash
    ADD CONSTRAINT app_cash_cash_pkey PRIMARY KEY (id);


--
-- Name: app_cash_credit app_cash_credit_pkey; Type: CONSTRAINT; Schema: public; Owner: postgres
--

ALTER TABLE ONLY public.app_cash_credit
    ADD CONSTRAINT app_cash_credit_pkey PRIMARY KEY (id);


--
-- Name: app_cash_paymentregister app_cash_paymentregister_pkey; Type: CONSTRAINT; Schema: public; Owner: postgres
--

ALTER TABLE ONLY public.app_cash_paymentregister
    ADD CONSTRAINT app_cash_paymentregister_pkey PRIMARY KEY (id);


--
-- Name: app_cashback_cashback app_cashback_cashback_pkey; Type: CONSTRAINT; Schema: public; Owner: postgres
--

ALTER TABLE ONLY public.app_cashback_cashback
    ADD CONSTRAINT app_cashback_cashback_pkey PRIMARY KEY (id);


--
-- Name: app_clients_customer app_clients_client_pkey; Type: CONSTRAINT; Schema: public; Owner: postgres
--

ALTER TABLE ONLY public.app_clients_customer
    ADD CONSTRAINT app_clients_client_pkey PRIMARY KEY (id);


--
-- Name: app_error_errorlog app_error_errorlog_pkey; Type: CONSTRAINT; Schema: public; Owner: postgres
--

ALTER TABLE ONLY public.app_error_errorlog
    ADD CONSTRAINT app_error_errorlog_pkey PRIMARY KEY (id);


--
-- Name: app_personnel_bonusaccount app_personnel_bonusaccount_pkey; Type: CONSTRAINT; Schema: public; Owner: postgres
--

ALTER TABLE ONLY public.app_personnel_bonusaccount
    ADD CONSTRAINT app_personnel_bonusaccount_pkey PRIMARY KEY (id);


--
-- Name: app_personnel_salary app_personnel_salary_pkey; Type: CONSTRAINT; Schema: public; Owner: postgres
--

ALTER TABLE ONLY public.app_personnel_salary
    ADD CONSTRAINT app_personnel_salary_pkey PRIMARY KEY (id);


--
-- Name: app_product_avprice app_product_avprice_pkey; Type: CONSTRAINT; Schema: public; Owner: postgres
--

ALTER TABLE ONLY public.app_product_avprice
    ADD CONSTRAINT app_product_avprice_pkey PRIMARY KEY (id);


--
-- Name: app_product_cashoff app_product_cashoff_pkey; Type: CONSTRAINT; Schema: public; Owner: postgres
--

ALTER TABLE ONLY public.app_product_cashoff
    ADD CONSTRAINT app_product_cashoff_pkey PRIMARY KEY (id);


--
-- Name: app_product_document app_product_document_pkey; Type: CONSTRAINT; Schema: public; Owner: postgres
--

ALTER TABLE ONLY public.app_product_document
    ADD CONSTRAINT app_product_document_pkey PRIMARY KEY (id);


--
-- Name: app_product_identifier app_product_identifier_pkey; Type: CONSTRAINT; Schema: public; Owner: postgres
--

ALTER TABLE ONLY public.app_product_identifier
    ADD CONSTRAINT app_product_identifier_pkey PRIMARY KEY (id);


--
-- Name: app_product_register app_product_register_pkey; Type: CONSTRAINT; Schema: public; Owner: postgres
--

ALTER TABLE ONLY public.app_product_register
    ADD CONSTRAINT app_product_register_pkey PRIMARY KEY (id);


--
-- Name: app_product_remainderhistory app_product_remainder_pkey; Type: CONSTRAINT; Schema: public; Owner: postgres
--

ALTER TABLE ONLY public.app_product_remainderhistory
    ADD CONSTRAINT app_product_remainder_pkey PRIMARY KEY (id);


--
-- Name: app_product_remaindercurrent app_product_remaindercurrent_pkey; Type: CONSTRAINT; Schema: public; Owner: postgres
--

ALTER TABLE ONLY public.app_product_remaindercurrent
    ADD CONSTRAINT app_product_remaindercurrent_pkey PRIMARY KEY (id);


--
-- Name: app_product_revaluation app_product_revaluation_pkey; Type: CONSTRAINT; Schema: public; Owner: postgres
--

ALTER TABLE ONLY public.app_product_revaluation
    ADD CONSTRAINT app_product_revaluation_pkey PRIMARY KEY (id);


--
-- Name: app_reference_contributor app_reference_contributor_pkey; Type: CONSTRAINT; Schema: public; Owner: postgres
--

ALTER TABLE ONLY public.app_reference_contributor
    ADD CONSTRAINT app_reference_contributor_pkey PRIMARY KEY (id);


--
-- Name: app_reference_documenttype app_reference_documenttype_pkey; Type: CONSTRAINT; Schema: public; Owner: postgres
--

ALTER TABLE ONLY public.app_reference_documenttype
    ADD CONSTRAINT app_reference_documenttype_pkey PRIMARY KEY (id);


--
-- Name: app_reference_expense app_reference_expense_pkey; Type: CONSTRAINT; Schema: public; Owner: postgres
--

ALTER TABLE ONLY public.app_reference_expense
    ADD CONSTRAINT app_reference_expense_pkey PRIMARY KEY (id);


--
-- Name: app_reference_product app_reference_product_imei_757d9bed_uniq; Type: CONSTRAINT; Schema: public; Owner: postgres
--

ALTER TABLE ONLY public.app_reference_product
    ADD CONSTRAINT app_reference_product_imei_757d9bed_uniq UNIQUE (imei);


--
-- Name: app_reference_product app_reference_product_pkey; Type: CONSTRAINT; Schema: public; Owner: postgres
--

ALTER TABLE ONLY public.app_reference_product
    ADD CONSTRAINT app_reference_product_pkey PRIMARY KEY (id);


--
-- Name: app_reference_productcategory app_reference_productcategory_pkey; Type: CONSTRAINT; Schema: public; Owner: postgres
--

ALTER TABLE ONLY public.app_reference_productcategory
    ADD CONSTRAINT app_reference_productcategory_pkey PRIMARY KEY (id);


--
-- Name: app_reference_shop app_reference_shop_pkey; Type: CONSTRAINT; Schema: public; Owner: postgres
--

ALTER TABLE ONLY public.app_reference_shop
    ADD CONSTRAINT app_reference_shop_pkey PRIMARY KEY (id);


--
-- Name: app_reference_supplier app_reference_supplier_pkey; Type: CONSTRAINT; Schema: public; Owner: postgres
--

ALTER TABLE ONLY public.app_reference_supplier
    ADD CONSTRAINT app_reference_supplier_pkey PRIMARY KEY (id);


--
-- Name: app_reference_voucher app_reference_voucher_pkey; Type: CONSTRAINT; Schema: public; Owner: postgres
--

ALTER TABLE ONLY public.app_reference_voucher
    ADD CONSTRAINT app_reference_voucher_pkey PRIMARY KEY (id);


--
-- Name: app_reports_dailysalerep app_reports_dailysalerep_pkey; Type: CONSTRAINT; Schema: public; Owner: postgres
--

ALTER TABLE ONLY public.app_reports_dailysalerep
    ADD CONSTRAINT app_reports_dailysalerep_pkey PRIMARY KEY (id);


--
-- Name: app_reports_monthlybonus app_reports_monthlybonus_pkey; Type: CONSTRAINT; Schema: public; Owner: postgres
--

ALTER TABLE ONLY public.app_reports_monthlybonus
    ADD CONSTRAINT app_reports_monthlybonus_pkey PRIMARY KEY (id);


--
-- Name: app_reports_paycardreport app_reports_paycardreport_pkey; Type: CONSTRAINT; Schema: public; Owner: postgres
--

ALTER TABLE ONLY public.app_reports_paycardreport
    ADD CONSTRAINT app_reports_paycardreport_pkey PRIMARY KEY (id);


--
-- Name: app_reports_producthistory app_reports_producthistory_pkey; Type: CONSTRAINT; Schema: public; Owner: postgres
--

ALTER TABLE ONLY public.app_reports_producthistory
    ADD CONSTRAINT app_reports_producthistory_pkey PRIMARY KEY (id);


--
-- Name: app_reports_reporttemp app_reports_reporttemp_pkey; Type: CONSTRAINT; Schema: public; Owner: postgres
--

ALTER TABLE ONLY public.app_reports_reporttemp
    ADD CONSTRAINT app_reports_reporttemp_pkey PRIMARY KEY (id);


--
-- Name: app_reports_reporttempid app_reports_reporttempid_pkey; Type: CONSTRAINT; Schema: public; Owner: postgres
--

ALTER TABLE ONLY public.app_reports_reporttempid
    ADD CONSTRAINT app_reports_reporttempid_pkey PRIMARY KEY (id);


--
-- Name: app_reports_salereport app_reports_saleregort_pkey; Type: CONSTRAINT; Schema: public; Owner: postgres
--

ALTER TABLE ONLY public.app_reports_salereport
    ADD CONSTRAINT app_reports_saleregort_pkey PRIMARY KEY (id);


--
-- Name: auth_group auth_group_name_key; Type: CONSTRAINT; Schema: public; Owner: postgres
--

ALTER TABLE ONLY public.auth_group
    ADD CONSTRAINT auth_group_name_key UNIQUE (name);


--
-- Name: auth_group_permissions auth_group_permissions_group_id_permission_id_0cd325b0_uniq; Type: CONSTRAINT; Schema: public; Owner: postgres
--

ALTER TABLE ONLY public.auth_group_permissions
    ADD CONSTRAINT auth_group_permissions_group_id_permission_id_0cd325b0_uniq UNIQUE (group_id, permission_id);


--
-- Name: auth_group_permissions auth_group_permissions_pkey; Type: CONSTRAINT; Schema: public; Owner: postgres
--

ALTER TABLE ONLY public.auth_group_permissions
    ADD CONSTRAINT auth_group_permissions_pkey PRIMARY KEY (id);


--
-- Name: auth_group auth_group_pkey; Type: CONSTRAINT; Schema: public; Owner: postgres
--

ALTER TABLE ONLY public.auth_group
    ADD CONSTRAINT auth_group_pkey PRIMARY KEY (id);


--
-- Name: auth_permission auth_permission_content_type_id_codename_01ab375a_uniq; Type: CONSTRAINT; Schema: public; Owner: postgres
--

ALTER TABLE ONLY public.auth_permission
    ADD CONSTRAINT auth_permission_content_type_id_codename_01ab375a_uniq UNIQUE (content_type_id, codename);


--
-- Name: auth_permission auth_permission_pkey; Type: CONSTRAINT; Schema: public; Owner: postgres
--

ALTER TABLE ONLY public.auth_permission
    ADD CONSTRAINT auth_permission_pkey PRIMARY KEY (id);


--
-- Name: auth_user_groups auth_user_groups_pkey; Type: CONSTRAINT; Schema: public; Owner: postgres
--

ALTER TABLE ONLY public.auth_user_groups
    ADD CONSTRAINT auth_user_groups_pkey PRIMARY KEY (id);


--
-- Name: auth_user_groups auth_user_groups_user_id_group_id_94350c0c_uniq; Type: CONSTRAINT; Schema: public; Owner: postgres
--

ALTER TABLE ONLY public.auth_user_groups
    ADD CONSTRAINT auth_user_groups_user_id_group_id_94350c0c_uniq UNIQUE (user_id, group_id);


--
-- Name: auth_user auth_user_pkey; Type: CONSTRAINT; Schema: public; Owner: postgres
--

ALTER TABLE ONLY public.auth_user
    ADD CONSTRAINT auth_user_pkey PRIMARY KEY (id);


--
-- Name: auth_user_user_permissions auth_user_user_permissions_pkey; Type: CONSTRAINT; Schema: public; Owner: postgres
--

ALTER TABLE ONLY public.auth_user_user_permissions
    ADD CONSTRAINT auth_user_user_permissions_pkey PRIMARY KEY (id);


--
-- Name: auth_user_user_permissions auth_user_user_permissions_user_id_permission_id_14a6b632_uniq; Type: CONSTRAINT; Schema: public; Owner: postgres
--

ALTER TABLE ONLY public.auth_user_user_permissions
    ADD CONSTRAINT auth_user_user_permissions_user_id_permission_id_14a6b632_uniq UNIQUE (user_id, permission_id);


--
-- Name: auth_user auth_user_username_key; Type: CONSTRAINT; Schema: public; Owner: postgres
--

ALTER TABLE ONLY public.auth_user
    ADD CONSTRAINT auth_user_username_key UNIQUE (username);


--
-- Name: django_admin_log django_admin_log_pkey; Type: CONSTRAINT; Schema: public; Owner: postgres
--

ALTER TABLE ONLY public.django_admin_log
    ADD CONSTRAINT django_admin_log_pkey PRIMARY KEY (id);


--
-- Name: django_content_type django_content_type_app_label_model_76bd3d3b_uniq; Type: CONSTRAINT; Schema: public; Owner: postgres
--

ALTER TABLE ONLY public.django_content_type
    ADD CONSTRAINT django_content_type_app_label_model_76bd3d3b_uniq UNIQUE (app_label, model);


--
-- Name: django_content_type django_content_type_pkey; Type: CONSTRAINT; Schema: public; Owner: postgres
--

ALTER TABLE ONLY public.django_content_type
    ADD CONSTRAINT django_content_type_pkey PRIMARY KEY (id);


--
-- Name: django_migrations django_migrations_pkey; Type: CONSTRAINT; Schema: public; Owner: postgres
--

ALTER TABLE ONLY public.django_migrations
    ADD CONSTRAINT django_migrations_pkey PRIMARY KEY (id);


--
-- Name: django_session django_session_pkey; Type: CONSTRAINT; Schema: public; Owner: postgres
--

ALTER TABLE ONLY public.django_session
    ADD CONSTRAINT django_session_pkey PRIMARY KEY (session_key);


--
-- Name: app_cash_card_document_id_26815832; Type: INDEX; Schema: public; Owner: postgres
--

CREATE INDEX app_cash_card_document_id_26815832 ON public.app_cash_card USING btree (document_id);


--
-- Name: app_cash_card_shop_id_65776add; Type: INDEX; Schema: public; Owner: postgres
--

CREATE INDEX app_cash_card_shop_id_65776add ON public.app_cash_card USING btree (shop_id);


--
-- Name: app_cash_card_user_id_4df3c645; Type: INDEX; Schema: public; Owner: postgres
--

CREATE INDEX app_cash_card_user_id_4df3c645 ON public.app_cash_card USING btree (user_id);


--
-- Name: app_cash_cash_cash_in_reason_id_24e7adae; Type: INDEX; Schema: public; Owner: postgres
--

CREATE INDEX app_cash_cash_cash_in_reason_id_24e7adae ON public.app_cash_cash USING btree (cash_in_reason_id);


--
-- Name: app_cash_cash_cash_receiver_id_058ba652; Type: INDEX; Schema: public; Owner: postgres
--

CREATE INDEX app_cash_cash_cash_receiver_id_058ba652 ON public.app_cash_cash USING btree (cash_receiver_id);


--
-- Name: app_cash_cash_contributor_id_849195ce; Type: INDEX; Schema: public; Owner: postgres
--

CREATE INDEX app_cash_cash_contributor_id_849195ce ON public.app_cash_cash USING btree (cash_contributor_id);


--
-- Name: app_cash_cash_document_id_5d74010b; Type: INDEX; Schema: public; Owner: postgres
--

CREATE INDEX app_cash_cash_document_id_5d74010b ON public.app_cash_cash USING btree (document_id);


--
-- Name: app_cash_cash_reason_id_31d8619c; Type: INDEX; Schema: public; Owner: postgres
--

CREATE INDEX app_cash_cash_reason_id_31d8619c ON public.app_cash_cash USING btree (cash_off_reason_id);


--
-- Name: app_cash_cash_rho_type_id_568b2028; Type: INDEX; Schema: public; Owner: postgres
--

CREATE INDEX app_cash_cash_rho_type_id_568b2028 ON public.app_cash_cash USING btree (cho_type_id);


--
-- Name: app_cash_cash_shop_id_bbe67d9e; Type: INDEX; Schema: public; Owner: postgres
--

CREATE INDEX app_cash_cash_shop_id_bbe67d9e ON public.app_cash_cash USING btree (shop_id);


--
-- Name: app_cash_cash_user_id_d411b74e; Type: INDEX; Schema: public; Owner: postgres
--

CREATE INDEX app_cash_cash_user_id_d411b74e ON public.app_cash_cash USING btree (user_id);


--
-- Name: app_cash_credit_document_id_115388f9; Type: INDEX; Schema: public; Owner: postgres
--

CREATE INDEX app_cash_credit_document_id_115388f9 ON public.app_cash_credit USING btree (document_id);


--
-- Name: app_cash_credit_shop_id_8699d365; Type: INDEX; Schema: public; Owner: postgres
--

CREATE INDEX app_cash_credit_shop_id_8699d365 ON public.app_cash_credit USING btree (shop_id);


--
-- Name: app_cash_credit_user_id_f64c9740; Type: INDEX; Schema: public; Owner: postgres
--

CREATE INDEX app_cash_credit_user_id_f64c9740 ON public.app_cash_credit USING btree (user_id);


--
-- Name: app_cash_paymentregister_document_id_602122ad; Type: INDEX; Schema: public; Owner: postgres
--

CREATE INDEX app_cash_paymentregister_document_id_602122ad ON public.app_cash_paymentregister USING btree (document_id);


--
-- Name: app_cashback_cashback_category_id_564e996e; Type: INDEX; Schema: public; Owner: postgres
--

CREATE INDEX app_cashback_cashback_category_id_564e996e ON public.app_cashback_cashback USING btree (category_id);


--
-- Name: app_clients_client_user_id_6f1857b1; Type: INDEX; Schema: public; Owner: postgres
--

CREATE INDEX app_clients_client_user_id_6f1857b1 ON public.app_clients_customer USING btree (user_id);


--
-- Name: app_error_errorlog_user_id_0fcd7d89; Type: INDEX; Schema: public; Owner: postgres
--

CREATE INDEX app_error_errorlog_user_id_0fcd7d89 ON public.app_error_errorlog USING btree (user_id);


--
-- Name: app_personnel_bonusaccount_user_id_7c198960; Type: INDEX; Schema: public; Owner: postgres
--

CREATE INDEX app_personnel_bonusaccount_user_id_7c198960 ON public.app_personnel_bonusaccount USING btree (user_id);


--
-- Name: app_personnel_salary_user_id_a9263b23; Type: INDEX; Schema: public; Owner: postgres
--

CREATE INDEX app_personnel_salary_user_id_a9263b23 ON public.app_personnel_salary USING btree (user_id);


--
-- Name: app_product_cashoff_shop_id_6d07f5e0; Type: INDEX; Schema: public; Owner: postgres
--

CREATE INDEX app_product_cashoff_shop_id_6d07f5e0 ON public.app_product_cashoff USING btree (shop_id);


--
-- Name: app_product_cashoff_user_id_d8df4ff8; Type: INDEX; Schema: public; Owner: postgres
--

CREATE INDEX app_product_cashoff_user_id_d8df4ff8 ON public.app_product_cashoff USING btree (user_id);


--
-- Name: app_product_document_client_id_0584ef31; Type: INDEX; Schema: public; Owner: postgres
--

CREATE INDEX app_product_document_client_id_0584ef31 ON public.app_product_document USING btree (client_id);


--
-- Name: app_product_document_identifier_id_6907beea; Type: INDEX; Schema: public; Owner: postgres
--

CREATE INDEX app_product_document_identifier_id_6907beea ON public.app_product_document USING btree (identifier_id);


--
-- Name: app_product_document_shop_receiver_id_ea07a6f2; Type: INDEX; Schema: public; Owner: postgres
--

CREATE INDEX app_product_document_shop_receiver_id_ea07a6f2 ON public.app_product_document USING btree (shop_receiver_id);


--
-- Name: app_product_document_shop_sender_id_9321ce48; Type: INDEX; Schema: public; Owner: postgres
--

CREATE INDEX app_product_document_shop_sender_id_9321ce48 ON public.app_product_document USING btree (shop_sender_id);


--
-- Name: app_product_document_supplier_id_99df0f8c; Type: INDEX; Schema: public; Owner: postgres
--

CREATE INDEX app_product_document_supplier_id_99df0f8c ON public.app_product_document USING btree (supplier_id);


--
-- Name: app_product_document_title_id_355b51b0; Type: INDEX; Schema: public; Owner: postgres
--

CREATE INDEX app_product_document_title_id_355b51b0 ON public.app_product_document USING btree (title_id);


--
-- Name: app_product_document_user_id_dbad98e4; Type: INDEX; Schema: public; Owner: postgres
--

CREATE INDEX app_product_document_user_id_dbad98e4 ON public.app_product_document USING btree (user_id);


--
-- Name: app_product_register_contributor_id_30643726; Type: INDEX; Schema: public; Owner: postgres
--

CREATE INDEX app_product_register_contributor_id_30643726 ON public.app_product_register USING btree (contributor_id);


--
-- Name: app_product_register_doc_type_id_c3ca6839; Type: INDEX; Schema: public; Owner: postgres
--

CREATE INDEX app_product_register_doc_type_id_c3ca6839 ON public.app_product_register USING btree (doc_type_id);


--
-- Name: app_product_register_document_id_3092bf14; Type: INDEX; Schema: public; Owner: postgres
--

CREATE INDEX app_product_register_document_id_3092bf14 ON public.app_product_register USING btree (document_id);


--
-- Name: app_product_register_expense_id_5bad920d; Type: INDEX; Schema: public; Owner: postgres
--

CREATE INDEX app_product_register_expense_id_5bad920d ON public.app_product_register USING btree (expense_id);


--
-- Name: app_product_register_identifier_id_7d0b082b; Type: INDEX; Schema: public; Owner: postgres
--

CREATE INDEX app_product_register_identifier_id_7d0b082b ON public.app_product_register USING btree (identifier_id);


--
-- Name: app_product_register_product_id_d8113620; Type: INDEX; Schema: public; Owner: postgres
--

CREATE INDEX app_product_register_product_id_d8113620 ON public.app_product_register USING btree (product_id);


--
-- Name: app_product_register_receiver_id_8b815fb4; Type: INDEX; Schema: public; Owner: postgres
--

CREATE INDEX app_product_register_receiver_id_8b815fb4 ON public.app_product_register USING btree (cash_receiver_id);


--
-- Name: app_product_register_shop_id_7faa4373; Type: INDEX; Schema: public; Owner: postgres
--

CREATE INDEX app_product_register_shop_id_7faa4373 ON public.app_product_register USING btree (shop_id);


--
-- Name: app_product_register_supplier_id_9afc4901; Type: INDEX; Schema: public; Owner: postgres
--

CREATE INDEX app_product_register_supplier_id_9afc4901 ON public.app_product_register USING btree (supplier_id);


--
-- Name: app_product_register_voucher_id_0a3d92c1; Type: INDEX; Schema: public; Owner: postgres
--

CREATE INDEX app_product_register_voucher_id_0a3d92c1 ON public.app_product_register USING btree (voucher_id);


--
-- Name: app_product_remainder_category_id_9c498beb; Type: INDEX; Schema: public; Owner: postgres
--

CREATE INDEX app_product_remainder_category_id_9c498beb ON public.app_product_remainderhistory USING btree (category_id);


--
-- Name: app_product_remainder_shop_id_bbe42fdd; Type: INDEX; Schema: public; Owner: postgres
--

CREATE INDEX app_product_remainder_shop_id_bbe42fdd ON public.app_product_remainderhistory USING btree (shop_id);


--
-- Name: app_product_remaindercurrent_category_id_332585c3; Type: INDEX; Schema: public; Owner: postgres
--

CREATE INDEX app_product_remaindercurrent_category_id_332585c3 ON public.app_product_remaindercurrent USING btree (category_id);


--
-- Name: app_product_remaindercurrent_shop_id_d8f1a72a; Type: INDEX; Schema: public; Owner: postgres
--

CREATE INDEX app_product_remaindercurrent_shop_id_d8f1a72a ON public.app_product_remaindercurrent USING btree (shop_id);


--
-- Name: app_product_remainderhistory_document_id_87799a7e; Type: INDEX; Schema: public; Owner: postgres
--

CREATE INDEX app_product_remainderhistory_document_id_87799a7e ON public.app_product_remainderhistory USING btree (document_id);


--
-- Name: app_product_remainderhistory_inventory_doc_id_aa0412af; Type: INDEX; Schema: public; Owner: postgres
--

CREATE INDEX app_product_remainderhistory_inventory_doc_id_aa0412af ON public.app_product_remainderhistory USING btree (inventory_doc_id);


--
-- Name: app_product_remainderhistory_product_id_id_44a6a728; Type: INDEX; Schema: public; Owner: postgres
--

CREATE INDEX app_product_remainderhistory_product_id_id_44a6a728 ON public.app_product_remainderhistory USING btree (product_id_id);


--
-- Name: app_product_remainderhistory_rho_type_id_e6d9fc65; Type: INDEX; Schema: public; Owner: postgres
--

CREATE INDEX app_product_remainderhistory_rho_type_id_e6d9fc65 ON public.app_product_remainderhistory USING btree (rho_type_id);


--
-- Name: app_product_remainderhistory_supplier_id_caf4126b; Type: INDEX; Schema: public; Owner: postgres
--

CREATE INDEX app_product_remainderhistory_supplier_id_caf4126b ON public.app_product_remainderhistory USING btree (supplier_id);


--
-- Name: app_product_remainderhistory_user_id_50e91f92; Type: INDEX; Schema: public; Owner: postgres
--

CREATE INDEX app_product_remainderhistory_user_id_50e91f92 ON public.app_product_remainderhistory USING btree (user_id);


--
-- Name: app_product_revaluation_document_id_1218d388; Type: INDEX; Schema: public; Owner: postgres
--

CREATE INDEX app_product_revaluation_document_id_1218d388 ON public.app_product_revaluation USING btree (document_id);


--
-- Name: app_product_revaluation_identifier_id_f8f0aa97; Type: INDEX; Schema: public; Owner: postgres
--

CREATE INDEX app_product_revaluation_identifier_id_f8f0aa97 ON public.app_product_revaluation USING btree (identifier_id);


--
-- Name: app_product_revaluation_shop_id_ac3908a2; Type: INDEX; Schema: public; Owner: postgres
--

CREATE INDEX app_product_revaluation_shop_id_ac3908a2 ON public.app_product_revaluation USING btree (shop_id);


--
-- Name: app_product_revaluation_user_id_e30a0929; Type: INDEX; Schema: public; Owner: postgres
--

CREATE INDEX app_product_revaluation_user_id_e30a0929 ON public.app_product_revaluation USING btree (user_id);


--
-- Name: app_reference_product_category_id_02e3f80b; Type: INDEX; Schema: public; Owner: postgres
--

CREATE INDEX app_reference_product_category_id_02e3f80b ON public.app_reference_product USING btree (category_id);


--
-- Name: app_reference_product_imei_757d9bed_like; Type: INDEX; Schema: public; Owner: postgres
--

CREATE INDEX app_reference_product_imei_757d9bed_like ON public.app_reference_product USING btree (imei varchar_pattern_ops);


--
-- Name: app_reports_dailysalerep_report_id_id_50dd0058; Type: INDEX; Schema: public; Owner: postgres
--

CREATE INDEX app_reports_dailysalerep_report_id_id_50dd0058 ON public.app_reports_dailysalerep USING btree (report_id_id);


--
-- Name: app_reports_paycardreport_report_id_id_ec77371e; Type: INDEX; Schema: public; Owner: postgres
--

CREATE INDEX app_reports_paycardreport_report_id_id_ec77371e ON public.app_reports_paycardreport USING btree (report_id_id);


--
-- Name: app_reports_producthistory_category_id_10ecf9c2; Type: INDEX; Schema: public; Owner: postgres
--

CREATE INDEX app_reports_producthistory_category_id_10ecf9c2 ON public.app_reports_producthistory USING btree (category_id);


--
-- Name: app_reports_producthistory_supplier_id_54ab65cf; Type: INDEX; Schema: public; Owner: postgres
--

CREATE INDEX app_reports_producthistory_supplier_id_54ab65cf ON public.app_reports_producthistory USING btree (supplier_id);


--
-- Name: app_reports_reporttemp_report_id_id_55a51070; Type: INDEX; Schema: public; Owner: postgres
--

CREATE INDEX app_reports_reporttemp_report_id_id_55a51070 ON public.app_reports_reporttemp USING btree (report_id_id);


--
-- Name: app_reports_salereport_report_id_id_2fdbf743; Type: INDEX; Schema: public; Owner: postgres
--

CREATE INDEX app_reports_salereport_report_id_id_2fdbf743 ON public.app_reports_salereport USING btree (report_id_id);


--
-- Name: auth_group_name_a6ea08ec_like; Type: INDEX; Schema: public; Owner: postgres
--

CREATE INDEX auth_group_name_a6ea08ec_like ON public.auth_group USING btree (name varchar_pattern_ops);


--
-- Name: auth_group_permissions_group_id_b120cbf9; Type: INDEX; Schema: public; Owner: postgres
--

CREATE INDEX auth_group_permissions_group_id_b120cbf9 ON public.auth_group_permissions USING btree (group_id);


--
-- Name: auth_group_permissions_permission_id_84c5c92e; Type: INDEX; Schema: public; Owner: postgres
--

CREATE INDEX auth_group_permissions_permission_id_84c5c92e ON public.auth_group_permissions USING btree (permission_id);


--
-- Name: auth_permission_content_type_id_2f476e4b; Type: INDEX; Schema: public; Owner: postgres
--

CREATE INDEX auth_permission_content_type_id_2f476e4b ON public.auth_permission USING btree (content_type_id);


--
-- Name: auth_user_groups_group_id_97559544; Type: INDEX; Schema: public; Owner: postgres
--

CREATE INDEX auth_user_groups_group_id_97559544 ON public.auth_user_groups USING btree (group_id);


--
-- Name: auth_user_groups_user_id_6a12ed8b; Type: INDEX; Schema: public; Owner: postgres
--

CREATE INDEX auth_user_groups_user_id_6a12ed8b ON public.auth_user_groups USING btree (user_id);


--
-- Name: auth_user_user_permissions_permission_id_1fbb5f2c; Type: INDEX; Schema: public; Owner: postgres
--

CREATE INDEX auth_user_user_permissions_permission_id_1fbb5f2c ON public.auth_user_user_permissions USING btree (permission_id);


--
-- Name: auth_user_user_permissions_user_id_a95ead1b; Type: INDEX; Schema: public; Owner: postgres
--

CREATE INDEX auth_user_user_permissions_user_id_a95ead1b ON public.auth_user_user_permissions USING btree (user_id);


--
-- Name: auth_user_username_6821ab7c_like; Type: INDEX; Schema: public; Owner: postgres
--

CREATE INDEX auth_user_username_6821ab7c_like ON public.auth_user USING btree (username varchar_pattern_ops);


--
-- Name: django_admin_log_content_type_id_c4bce8eb; Type: INDEX; Schema: public; Owner: postgres
--

CREATE INDEX django_admin_log_content_type_id_c4bce8eb ON public.django_admin_log USING btree (content_type_id);


--
-- Name: django_admin_log_user_id_c564eba6; Type: INDEX; Schema: public; Owner: postgres
--

CREATE INDEX django_admin_log_user_id_c564eba6 ON public.django_admin_log USING btree (user_id);


--
-- Name: django_session_expire_date_a5c62663; Type: INDEX; Schema: public; Owner: postgres
--

CREATE INDEX django_session_expire_date_a5c62663 ON public.django_session USING btree (expire_date);


--
-- Name: django_session_session_key_c0390e0f_like; Type: INDEX; Schema: public; Owner: postgres
--

CREATE INDEX django_session_session_key_c0390e0f_like ON public.django_session USING btree (session_key varchar_pattern_ops);


--
-- Name: app_cash_card app_cash_card_document_id_26815832_fk_app_product_document_id; Type: FK CONSTRAINT; Schema: public; Owner: postgres
--

ALTER TABLE ONLY public.app_cash_card
    ADD CONSTRAINT app_cash_card_document_id_26815832_fk_app_product_document_id FOREIGN KEY (document_id) REFERENCES public.app_product_document(id) DEFERRABLE INITIALLY DEFERRED;


--
-- Name: app_cash_card app_cash_card_shop_id_65776add_fk_app_reference_shop_id; Type: FK CONSTRAINT; Schema: public; Owner: postgres
--

ALTER TABLE ONLY public.app_cash_card
    ADD CONSTRAINT app_cash_card_shop_id_65776add_fk_app_reference_shop_id FOREIGN KEY (shop_id) REFERENCES public.app_reference_shop(id) DEFERRABLE INITIALLY DEFERRED;


--
-- Name: app_cash_card app_cash_card_user_id_4df3c645_fk_auth_user_id; Type: FK CONSTRAINT; Schema: public; Owner: postgres
--

ALTER TABLE ONLY public.app_cash_card
    ADD CONSTRAINT app_cash_card_user_id_4df3c645_fk_auth_user_id FOREIGN KEY (user_id) REFERENCES public.auth_user(id) DEFERRABLE INITIALLY DEFERRED;


--
-- Name: app_cash_cash app_cash_cash_cash_contributor_id_5b7630d4_fk_app_refer; Type: FK CONSTRAINT; Schema: public; Owner: postgres
--

ALTER TABLE ONLY public.app_cash_cash
    ADD CONSTRAINT app_cash_cash_cash_contributor_id_5b7630d4_fk_app_refer FOREIGN KEY (cash_contributor_id) REFERENCES public.app_reference_contributor(id) DEFERRABLE INITIALLY DEFERRED;


--
-- Name: app_cash_cash app_cash_cash_cash_in_reason_id_24e7adae_fk_app_refer; Type: FK CONSTRAINT; Schema: public; Owner: postgres
--

ALTER TABLE ONLY public.app_cash_cash
    ADD CONSTRAINT app_cash_cash_cash_in_reason_id_24e7adae_fk_app_refer FOREIGN KEY (cash_in_reason_id) REFERENCES public.app_reference_voucher(id) DEFERRABLE INITIALLY DEFERRED;


--
-- Name: app_cash_cash app_cash_cash_cash_off_reason_id_0a8342f9_fk_app_refer; Type: FK CONSTRAINT; Schema: public; Owner: postgres
--

ALTER TABLE ONLY public.app_cash_cash
    ADD CONSTRAINT app_cash_cash_cash_off_reason_id_0a8342f9_fk_app_refer FOREIGN KEY (cash_off_reason_id) REFERENCES public.app_reference_expense(id) DEFERRABLE INITIALLY DEFERRED;


--
-- Name: app_cash_cash app_cash_cash_cash_receiver_id_058ba652_fk_auth_user_id; Type: FK CONSTRAINT; Schema: public; Owner: postgres
--

ALTER TABLE ONLY public.app_cash_cash
    ADD CONSTRAINT app_cash_cash_cash_receiver_id_058ba652_fk_auth_user_id FOREIGN KEY (cash_receiver_id) REFERENCES public.auth_user(id) DEFERRABLE INITIALLY DEFERRED;


--
-- Name: app_cash_cash app_cash_cash_cho_type_id_66dfe2d9_fk_app_refer; Type: FK CONSTRAINT; Schema: public; Owner: postgres
--

ALTER TABLE ONLY public.app_cash_cash
    ADD CONSTRAINT app_cash_cash_cho_type_id_66dfe2d9_fk_app_refer FOREIGN KEY (cho_type_id) REFERENCES public.app_reference_documenttype(id) DEFERRABLE INITIALLY DEFERRED;


--
-- Name: app_cash_cash app_cash_cash_document_id_5d74010b_fk_app_product_document_id; Type: FK CONSTRAINT; Schema: public; Owner: postgres
--

ALTER TABLE ONLY public.app_cash_cash
    ADD CONSTRAINT app_cash_cash_document_id_5d74010b_fk_app_product_document_id FOREIGN KEY (document_id) REFERENCES public.app_product_document(id) DEFERRABLE INITIALLY DEFERRED;


--
-- Name: app_cash_cash app_cash_cash_shop_id_bbe67d9e_fk_app_reference_shop_id; Type: FK CONSTRAINT; Schema: public; Owner: postgres
--

ALTER TABLE ONLY public.app_cash_cash
    ADD CONSTRAINT app_cash_cash_shop_id_bbe67d9e_fk_app_reference_shop_id FOREIGN KEY (shop_id) REFERENCES public.app_reference_shop(id) DEFERRABLE INITIALLY DEFERRED;


--
-- Name: app_cash_cash app_cash_cash_user_id_d411b74e_fk_auth_user_id; Type: FK CONSTRAINT; Schema: public; Owner: postgres
--

ALTER TABLE ONLY public.app_cash_cash
    ADD CONSTRAINT app_cash_cash_user_id_d411b74e_fk_auth_user_id FOREIGN KEY (user_id) REFERENCES public.auth_user(id) DEFERRABLE INITIALLY DEFERRED;


--
-- Name: app_cash_credit app_cash_credit_document_id_115388f9_fk_app_product_document_id; Type: FK CONSTRAINT; Schema: public; Owner: postgres
--

ALTER TABLE ONLY public.app_cash_credit
    ADD CONSTRAINT app_cash_credit_document_id_115388f9_fk_app_product_document_id FOREIGN KEY (document_id) REFERENCES public.app_product_document(id) DEFERRABLE INITIALLY DEFERRED;


--
-- Name: app_cash_credit app_cash_credit_shop_id_8699d365_fk_app_reference_shop_id; Type: FK CONSTRAINT; Schema: public; Owner: postgres
--

ALTER TABLE ONLY public.app_cash_credit
    ADD CONSTRAINT app_cash_credit_shop_id_8699d365_fk_app_reference_shop_id FOREIGN KEY (shop_id) REFERENCES public.app_reference_shop(id) DEFERRABLE INITIALLY DEFERRED;


--
-- Name: app_cash_credit app_cash_credit_user_id_f64c9740_fk_auth_user_id; Type: FK CONSTRAINT; Schema: public; Owner: postgres
--

ALTER TABLE ONLY public.app_cash_credit
    ADD CONSTRAINT app_cash_credit_user_id_f64c9740_fk_auth_user_id FOREIGN KEY (user_id) REFERENCES public.auth_user(id) DEFERRABLE INITIALLY DEFERRED;


--
-- Name: app_cash_paymentregister app_cash_paymentregi_document_id_602122ad_fk_app_produ; Type: FK CONSTRAINT; Schema: public; Owner: postgres
--

ALTER TABLE ONLY public.app_cash_paymentregister
    ADD CONSTRAINT app_cash_paymentregi_document_id_602122ad_fk_app_produ FOREIGN KEY (document_id) REFERENCES public.app_product_document(id) DEFERRABLE INITIALLY DEFERRED;


--
-- Name: app_cashback_cashback app_cashback_cashbac_category_id_564e996e_fk_app_refer; Type: FK CONSTRAINT; Schema: public; Owner: postgres
--

ALTER TABLE ONLY public.app_cashback_cashback
    ADD CONSTRAINT app_cashback_cashbac_category_id_564e996e_fk_app_refer FOREIGN KEY (category_id) REFERENCES public.app_reference_productcategory(id) DEFERRABLE INITIALLY DEFERRED;


--
-- Name: app_clients_customer app_clients_client_user_id_6f1857b1_fk_auth_user_id; Type: FK CONSTRAINT; Schema: public; Owner: postgres
--

ALTER TABLE ONLY public.app_clients_customer
    ADD CONSTRAINT app_clients_client_user_id_6f1857b1_fk_auth_user_id FOREIGN KEY (user_id) REFERENCES public.auth_user(id) DEFERRABLE INITIALLY DEFERRED;


--
-- Name: app_error_errorlog app_error_errorlog_user_id_0fcd7d89_fk_auth_user_id; Type: FK CONSTRAINT; Schema: public; Owner: postgres
--

ALTER TABLE ONLY public.app_error_errorlog
    ADD CONSTRAINT app_error_errorlog_user_id_0fcd7d89_fk_auth_user_id FOREIGN KEY (user_id) REFERENCES public.auth_user(id) DEFERRABLE INITIALLY DEFERRED;


--
-- Name: app_personnel_bonusaccount app_personnel_bonusaccount_user_id_7c198960_fk_auth_user_id; Type: FK CONSTRAINT; Schema: public; Owner: postgres
--

ALTER TABLE ONLY public.app_personnel_bonusaccount
    ADD CONSTRAINT app_personnel_bonusaccount_user_id_7c198960_fk_auth_user_id FOREIGN KEY (user_id) REFERENCES public.auth_user(id) DEFERRABLE INITIALLY DEFERRED;


--
-- Name: app_personnel_salary app_personnel_salary_user_id_a9263b23_fk_auth_user_id; Type: FK CONSTRAINT; Schema: public; Owner: postgres
--

ALTER TABLE ONLY public.app_personnel_salary
    ADD CONSTRAINT app_personnel_salary_user_id_a9263b23_fk_auth_user_id FOREIGN KEY (user_id) REFERENCES public.auth_user(id) DEFERRABLE INITIALLY DEFERRED;


--
-- Name: app_product_cashoff app_product_cashoff_shop_id_6d07f5e0_fk_app_reference_shop_id; Type: FK CONSTRAINT; Schema: public; Owner: postgres
--

ALTER TABLE ONLY public.app_product_cashoff
    ADD CONSTRAINT app_product_cashoff_shop_id_6d07f5e0_fk_app_reference_shop_id FOREIGN KEY (shop_id) REFERENCES public.app_reference_shop(id) DEFERRABLE INITIALLY DEFERRED;


--
-- Name: app_product_cashoff app_product_cashoff_user_id_d8df4ff8_fk_auth_user_id; Type: FK CONSTRAINT; Schema: public; Owner: postgres
--

ALTER TABLE ONLY public.app_product_cashoff
    ADD CONSTRAINT app_product_cashoff_user_id_d8df4ff8_fk_auth_user_id FOREIGN KEY (user_id) REFERENCES public.auth_user(id) DEFERRABLE INITIALLY DEFERRED;


--
-- Name: app_product_document app_product_document_client_id_0584ef31_fk_app_clien; Type: FK CONSTRAINT; Schema: public; Owner: postgres
--

ALTER TABLE ONLY public.app_product_document
    ADD CONSTRAINT app_product_document_client_id_0584ef31_fk_app_clien FOREIGN KEY (client_id) REFERENCES public.app_clients_customer(id) DEFERRABLE INITIALLY DEFERRED;


--
-- Name: app_product_document app_product_document_identifier_id_6907beea_fk_app_produ; Type: FK CONSTRAINT; Schema: public; Owner: postgres
--

ALTER TABLE ONLY public.app_product_document
    ADD CONSTRAINT app_product_document_identifier_id_6907beea_fk_app_produ FOREIGN KEY (identifier_id) REFERENCES public.app_product_identifier(id) DEFERRABLE INITIALLY DEFERRED;


--
-- Name: app_product_document app_product_document_shop_receiver_id_ea07a6f2_fk_app_refer; Type: FK CONSTRAINT; Schema: public; Owner: postgres
--

ALTER TABLE ONLY public.app_product_document
    ADD CONSTRAINT app_product_document_shop_receiver_id_ea07a6f2_fk_app_refer FOREIGN KEY (shop_receiver_id) REFERENCES public.app_reference_shop(id) DEFERRABLE INITIALLY DEFERRED;


--
-- Name: app_product_document app_product_document_shop_sender_id_9321ce48_fk_app_refer; Type: FK CONSTRAINT; Schema: public; Owner: postgres
--

ALTER TABLE ONLY public.app_product_document
    ADD CONSTRAINT app_product_document_shop_sender_id_9321ce48_fk_app_refer FOREIGN KEY (shop_sender_id) REFERENCES public.app_reference_shop(id) DEFERRABLE INITIALLY DEFERRED;


--
-- Name: app_product_document app_product_document_supplier_id_99df0f8c_fk_app_refer; Type: FK CONSTRAINT; Schema: public; Owner: postgres
--

ALTER TABLE ONLY public.app_product_document
    ADD CONSTRAINT app_product_document_supplier_id_99df0f8c_fk_app_refer FOREIGN KEY (supplier_id) REFERENCES public.app_reference_supplier(id) DEFERRABLE INITIALLY DEFERRED;


--
-- Name: app_product_document app_product_document_title_id_355b51b0_fk_app_refer; Type: FK CONSTRAINT; Schema: public; Owner: postgres
--

ALTER TABLE ONLY public.app_product_document
    ADD CONSTRAINT app_product_document_title_id_355b51b0_fk_app_refer FOREIGN KEY (title_id) REFERENCES public.app_reference_documenttype(id) DEFERRABLE INITIALLY DEFERRED;


--
-- Name: app_product_document app_product_document_user_id_dbad98e4_fk_auth_user_id; Type: FK CONSTRAINT; Schema: public; Owner: postgres
--

ALTER TABLE ONLY public.app_product_document
    ADD CONSTRAINT app_product_document_user_id_dbad98e4_fk_auth_user_id FOREIGN KEY (user_id) REFERENCES public.auth_user(id) DEFERRABLE INITIALLY DEFERRED;


--
-- Name: app_product_register app_product_register_cash_receiver_id_026d1223_fk_auth_user_id; Type: FK CONSTRAINT; Schema: public; Owner: postgres
--

ALTER TABLE ONLY public.app_product_register
    ADD CONSTRAINT app_product_register_cash_receiver_id_026d1223_fk_auth_user_id FOREIGN KEY (cash_receiver_id) REFERENCES public.auth_user(id) DEFERRABLE INITIALLY DEFERRED;


--
-- Name: app_product_register app_product_register_contributor_id_30643726_fk_app_refer; Type: FK CONSTRAINT; Schema: public; Owner: postgres
--

ALTER TABLE ONLY public.app_product_register
    ADD CONSTRAINT app_product_register_contributor_id_30643726_fk_app_refer FOREIGN KEY (contributor_id) REFERENCES public.app_reference_contributor(id) DEFERRABLE INITIALLY DEFERRED;


--
-- Name: app_product_register app_product_register_doc_type_id_c3ca6839_fk_app_refer; Type: FK CONSTRAINT; Schema: public; Owner: postgres
--

ALTER TABLE ONLY public.app_product_register
    ADD CONSTRAINT app_product_register_doc_type_id_c3ca6839_fk_app_refer FOREIGN KEY (doc_type_id) REFERENCES public.app_reference_documenttype(id) DEFERRABLE INITIALLY DEFERRED;


--
-- Name: app_product_register app_product_register_document_id_3092bf14_fk_app_produ; Type: FK CONSTRAINT; Schema: public; Owner: postgres
--

ALTER TABLE ONLY public.app_product_register
    ADD CONSTRAINT app_product_register_document_id_3092bf14_fk_app_produ FOREIGN KEY (document_id) REFERENCES public.app_product_document(id) DEFERRABLE INITIALLY DEFERRED;


--
-- Name: app_product_register app_product_register_expense_id_5bad920d_fk_app_refer; Type: FK CONSTRAINT; Schema: public; Owner: postgres
--

ALTER TABLE ONLY public.app_product_register
    ADD CONSTRAINT app_product_register_expense_id_5bad920d_fk_app_refer FOREIGN KEY (expense_id) REFERENCES public.app_reference_expense(id) DEFERRABLE INITIALLY DEFERRED;


--
-- Name: app_product_register app_product_register_identifier_id_7d0b082b_fk_app_produ; Type: FK CONSTRAINT; Schema: public; Owner: postgres
--

ALTER TABLE ONLY public.app_product_register
    ADD CONSTRAINT app_product_register_identifier_id_7d0b082b_fk_app_produ FOREIGN KEY (identifier_id) REFERENCES public.app_product_identifier(id) DEFERRABLE INITIALLY DEFERRED;


--
-- Name: app_product_register app_product_register_product_id_d8113620_fk_app_refer; Type: FK CONSTRAINT; Schema: public; Owner: postgres
--

ALTER TABLE ONLY public.app_product_register
    ADD CONSTRAINT app_product_register_product_id_d8113620_fk_app_refer FOREIGN KEY (product_id) REFERENCES public.app_reference_product(id) DEFERRABLE INITIALLY DEFERRED;


--
-- Name: app_product_register app_product_register_shop_id_7faa4373_fk_app_reference_shop_id; Type: FK CONSTRAINT; Schema: public; Owner: postgres
--

ALTER TABLE ONLY public.app_product_register
    ADD CONSTRAINT app_product_register_shop_id_7faa4373_fk_app_reference_shop_id FOREIGN KEY (shop_id) REFERENCES public.app_reference_shop(id) DEFERRABLE INITIALLY DEFERRED;


--
-- Name: app_product_register app_product_register_supplier_id_9afc4901_fk_app_refer; Type: FK CONSTRAINT; Schema: public; Owner: postgres
--

ALTER TABLE ONLY public.app_product_register
    ADD CONSTRAINT app_product_register_supplier_id_9afc4901_fk_app_refer FOREIGN KEY (supplier_id) REFERENCES public.app_reference_supplier(id) DEFERRABLE INITIALLY DEFERRED;


--
-- Name: app_product_register app_product_register_voucher_id_0a3d92c1_fk_app_refer; Type: FK CONSTRAINT; Schema: public; Owner: postgres
--

ALTER TABLE ONLY public.app_product_register
    ADD CONSTRAINT app_product_register_voucher_id_0a3d92c1_fk_app_refer FOREIGN KEY (voucher_id) REFERENCES public.app_reference_voucher(id) DEFERRABLE INITIALLY DEFERRED;


--
-- Name: app_product_remaindercurrent app_product_remainde_category_id_332585c3_fk_app_refer; Type: FK CONSTRAINT; Schema: public; Owner: postgres
--

ALTER TABLE ONLY public.app_product_remaindercurrent
    ADD CONSTRAINT app_product_remainde_category_id_332585c3_fk_app_refer FOREIGN KEY (category_id) REFERENCES public.app_reference_productcategory(id) DEFERRABLE INITIALLY DEFERRED;


--
-- Name: app_product_remainderhistory app_product_remainde_category_id_87a4b8dc_fk_app_refer; Type: FK CONSTRAINT; Schema: public; Owner: postgres
--

ALTER TABLE ONLY public.app_product_remainderhistory
    ADD CONSTRAINT app_product_remainde_category_id_87a4b8dc_fk_app_refer FOREIGN KEY (category_id) REFERENCES public.app_reference_productcategory(id) DEFERRABLE INITIALLY DEFERRED;


--
-- Name: app_product_remainderhistory app_product_remainde_document_id_87799a7e_fk_app_produ; Type: FK CONSTRAINT; Schema: public; Owner: postgres
--

ALTER TABLE ONLY public.app_product_remainderhistory
    ADD CONSTRAINT app_product_remainde_document_id_87799a7e_fk_app_produ FOREIGN KEY (document_id) REFERENCES public.app_product_document(id) DEFERRABLE INITIALLY DEFERRED;


--
-- Name: app_product_remainderhistory app_product_remainde_inventory_doc_id_aa0412af_fk_app_produ; Type: FK CONSTRAINT; Schema: public; Owner: postgres
--

ALTER TABLE ONLY public.app_product_remainderhistory
    ADD CONSTRAINT app_product_remainde_inventory_doc_id_aa0412af_fk_app_produ FOREIGN KEY (inventory_doc_id) REFERENCES public.app_product_document(id) DEFERRABLE INITIALLY DEFERRED;


--
-- Name: app_product_remainderhistory app_product_remainde_product_id_id_44a6a728_fk_app_refer; Type: FK CONSTRAINT; Schema: public; Owner: postgres
--

ALTER TABLE ONLY public.app_product_remainderhistory
    ADD CONSTRAINT app_product_remainde_product_id_id_44a6a728_fk_app_refer FOREIGN KEY (product_id_id) REFERENCES public.app_reference_product(id) DEFERRABLE INITIALLY DEFERRED;


--
-- Name: app_product_remainderhistory app_product_remainde_rho_type_id_e6d9fc65_fk_app_refer; Type: FK CONSTRAINT; Schema: public; Owner: postgres
--

ALTER TABLE ONLY public.app_product_remainderhistory
    ADD CONSTRAINT app_product_remainde_rho_type_id_e6d9fc65_fk_app_refer FOREIGN KEY (rho_type_id) REFERENCES public.app_reference_documenttype(id) DEFERRABLE INITIALLY DEFERRED;


--
-- Name: app_product_remaindercurrent app_product_remainde_shop_id_d8f1a72a_fk_app_refer; Type: FK CONSTRAINT; Schema: public; Owner: postgres
--

ALTER TABLE ONLY public.app_product_remaindercurrent
    ADD CONSTRAINT app_product_remainde_shop_id_d8f1a72a_fk_app_refer FOREIGN KEY (shop_id) REFERENCES public.app_reference_shop(id) DEFERRABLE INITIALLY DEFERRED;


--
-- Name: app_product_remainderhistory app_product_remainde_supplier_id_caf4126b_fk_app_refer; Type: FK CONSTRAINT; Schema: public; Owner: postgres
--

ALTER TABLE ONLY public.app_product_remainderhistory
    ADD CONSTRAINT app_product_remainde_supplier_id_caf4126b_fk_app_refer FOREIGN KEY (supplier_id) REFERENCES public.app_reference_supplier(id) DEFERRABLE INITIALLY DEFERRED;


--
-- Name: app_product_remainderhistory app_product_remainder_shop_id_bbe42fdd_fk_app_reference_shop_id; Type: FK CONSTRAINT; Schema: public; Owner: postgres
--

ALTER TABLE ONLY public.app_product_remainderhistory
    ADD CONSTRAINT app_product_remainder_shop_id_bbe42fdd_fk_app_reference_shop_id FOREIGN KEY (shop_id) REFERENCES public.app_reference_shop(id) DEFERRABLE INITIALLY DEFERRED;


--
-- Name: app_product_remainderhistory app_product_remainderhistory_user_id_50e91f92_fk_auth_user_id; Type: FK CONSTRAINT; Schema: public; Owner: postgres
--

ALTER TABLE ONLY public.app_product_remainderhistory
    ADD CONSTRAINT app_product_remainderhistory_user_id_50e91f92_fk_auth_user_id FOREIGN KEY (user_id) REFERENCES public.auth_user(id) DEFERRABLE INITIALLY DEFERRED;


--
-- Name: app_product_revaluation app_product_revaluat_document_id_1218d388_fk_app_produ; Type: FK CONSTRAINT; Schema: public; Owner: postgres
--

ALTER TABLE ONLY public.app_product_revaluation
    ADD CONSTRAINT app_product_revaluat_document_id_1218d388_fk_app_produ FOREIGN KEY (document_id) REFERENCES public.app_product_document(id) DEFERRABLE INITIALLY DEFERRED;


--
-- Name: app_product_revaluation app_product_revaluat_identifier_id_f8f0aa97_fk_app_produ; Type: FK CONSTRAINT; Schema: public; Owner: postgres
--

ALTER TABLE ONLY public.app_product_revaluation
    ADD CONSTRAINT app_product_revaluat_identifier_id_f8f0aa97_fk_app_produ FOREIGN KEY (identifier_id) REFERENCES public.app_product_identifier(id) DEFERRABLE INITIALLY DEFERRED;


--
-- Name: app_product_revaluation app_product_revaluat_shop_id_ac3908a2_fk_app_refer; Type: FK CONSTRAINT; Schema: public; Owner: postgres
--

ALTER TABLE ONLY public.app_product_revaluation
    ADD CONSTRAINT app_product_revaluat_shop_id_ac3908a2_fk_app_refer FOREIGN KEY (shop_id) REFERENCES public.app_reference_shop(id) DEFERRABLE INITIALLY DEFERRED;


--
-- Name: app_product_revaluation app_product_revaluation_user_id_e30a0929_fk_auth_user_id; Type: FK CONSTRAINT; Schema: public; Owner: postgres
--

ALTER TABLE ONLY public.app_product_revaluation
    ADD CONSTRAINT app_product_revaluation_user_id_e30a0929_fk_auth_user_id FOREIGN KEY (user_id) REFERENCES public.auth_user(id) DEFERRABLE INITIALLY DEFERRED;


--
-- Name: app_reference_product app_reference_produc_category_id_02e3f80b_fk_app_refer; Type: FK CONSTRAINT; Schema: public; Owner: postgres
--

ALTER TABLE ONLY public.app_reference_product
    ADD CONSTRAINT app_reference_produc_category_id_02e3f80b_fk_app_refer FOREIGN KEY (category_id) REFERENCES public.app_reference_productcategory(id) DEFERRABLE INITIALLY DEFERRED;


--
-- Name: app_reports_dailysalerep app_reports_dailysal_report_id_id_50dd0058_fk_app_repor; Type: FK CONSTRAINT; Schema: public; Owner: postgres
--

ALTER TABLE ONLY public.app_reports_dailysalerep
    ADD CONSTRAINT app_reports_dailysal_report_id_id_50dd0058_fk_app_repor FOREIGN KEY (report_id_id) REFERENCES public.app_reports_reporttempid(id) DEFERRABLE INITIALLY DEFERRED;


--
-- Name: app_reports_paycardreport app_reports_paycardr_report_id_id_ec77371e_fk_app_repor; Type: FK CONSTRAINT; Schema: public; Owner: postgres
--

ALTER TABLE ONLY public.app_reports_paycardreport
    ADD CONSTRAINT app_reports_paycardr_report_id_id_ec77371e_fk_app_repor FOREIGN KEY (report_id_id) REFERENCES public.app_reports_reporttempid(id) DEFERRABLE INITIALLY DEFERRED;


--
-- Name: app_reports_producthistory app_reports_producth_category_id_10ecf9c2_fk_app_refer; Type: FK CONSTRAINT; Schema: public; Owner: postgres
--

ALTER TABLE ONLY public.app_reports_producthistory
    ADD CONSTRAINT app_reports_producth_category_id_10ecf9c2_fk_app_refer FOREIGN KEY (category_id) REFERENCES public.app_reference_productcategory(id) DEFERRABLE INITIALLY DEFERRED;


--
-- Name: app_reports_producthistory app_reports_producth_supplier_id_54ab65cf_fk_app_refer; Type: FK CONSTRAINT; Schema: public; Owner: postgres
--

ALTER TABLE ONLY public.app_reports_producthistory
    ADD CONSTRAINT app_reports_producth_supplier_id_54ab65cf_fk_app_refer FOREIGN KEY (supplier_id) REFERENCES public.app_reference_supplier(id) DEFERRABLE INITIALLY DEFERRED;


--
-- Name: app_reports_reporttemp app_reports_reportte_report_id_id_55a51070_fk_app_repor; Type: FK CONSTRAINT; Schema: public; Owner: postgres
--

ALTER TABLE ONLY public.app_reports_reporttemp
    ADD CONSTRAINT app_reports_reportte_report_id_id_55a51070_fk_app_repor FOREIGN KEY (report_id_id) REFERENCES public.app_reports_reporttempid(id) DEFERRABLE INITIALLY DEFERRED;


--
-- Name: app_reports_salereport app_reports_salerepo_report_id_id_2fdbf743_fk_app_repor; Type: FK CONSTRAINT; Schema: public; Owner: postgres
--

ALTER TABLE ONLY public.app_reports_salereport
    ADD CONSTRAINT app_reports_salerepo_report_id_id_2fdbf743_fk_app_repor FOREIGN KEY (report_id_id) REFERENCES public.app_reports_reporttempid(id) DEFERRABLE INITIALLY DEFERRED;


--
-- Name: auth_group_permissions auth_group_permissio_permission_id_84c5c92e_fk_auth_perm; Type: FK CONSTRAINT; Schema: public; Owner: postgres
--

ALTER TABLE ONLY public.auth_group_permissions
    ADD CONSTRAINT auth_group_permissio_permission_id_84c5c92e_fk_auth_perm FOREIGN KEY (permission_id) REFERENCES public.auth_permission(id) DEFERRABLE INITIALLY DEFERRED;


--
-- Name: auth_group_permissions auth_group_permissions_group_id_b120cbf9_fk_auth_group_id; Type: FK CONSTRAINT; Schema: public; Owner: postgres
--

ALTER TABLE ONLY public.auth_group_permissions
    ADD CONSTRAINT auth_group_permissions_group_id_b120cbf9_fk_auth_group_id FOREIGN KEY (group_id) REFERENCES public.auth_group(id) DEFERRABLE INITIALLY DEFERRED;


--
-- Name: auth_permission auth_permission_content_type_id_2f476e4b_fk_django_co; Type: FK CONSTRAINT; Schema: public; Owner: postgres
--

ALTER TABLE ONLY public.auth_permission
    ADD CONSTRAINT auth_permission_content_type_id_2f476e4b_fk_django_co FOREIGN KEY (content_type_id) REFERENCES public.django_content_type(id) DEFERRABLE INITIALLY DEFERRED;


--
-- Name: auth_user_groups auth_user_groups_group_id_97559544_fk_auth_group_id; Type: FK CONSTRAINT; Schema: public; Owner: postgres
--

ALTER TABLE ONLY public.auth_user_groups
    ADD CONSTRAINT auth_user_groups_group_id_97559544_fk_auth_group_id FOREIGN KEY (group_id) REFERENCES public.auth_group(id) DEFERRABLE INITIALLY DEFERRED;


--
-- Name: auth_user_groups auth_user_groups_user_id_6a12ed8b_fk_auth_user_id; Type: FK CONSTRAINT; Schema: public; Owner: postgres
--

ALTER TABLE ONLY public.auth_user_groups
    ADD CONSTRAINT auth_user_groups_user_id_6a12ed8b_fk_auth_user_id FOREIGN KEY (user_id) REFERENCES public.auth_user(id) DEFERRABLE INITIALLY DEFERRED;


--
-- Name: auth_user_user_permissions auth_user_user_permi_permission_id_1fbb5f2c_fk_auth_perm; Type: FK CONSTRAINT; Schema: public; Owner: postgres
--

ALTER TABLE ONLY public.auth_user_user_permissions
    ADD CONSTRAINT auth_user_user_permi_permission_id_1fbb5f2c_fk_auth_perm FOREIGN KEY (permission_id) REFERENCES public.auth_permission(id) DEFERRABLE INITIALLY DEFERRED;


--
-- Name: auth_user_user_permissions auth_user_user_permissions_user_id_a95ead1b_fk_auth_user_id; Type: FK CONSTRAINT; Schema: public; Owner: postgres
--

ALTER TABLE ONLY public.auth_user_user_permissions
    ADD CONSTRAINT auth_user_user_permissions_user_id_a95ead1b_fk_auth_user_id FOREIGN KEY (user_id) REFERENCES public.auth_user(id) DEFERRABLE INITIALLY DEFERRED;


--
-- Name: django_admin_log django_admin_log_content_type_id_c4bce8eb_fk_django_co; Type: FK CONSTRAINT; Schema: public; Owner: postgres
--

ALTER TABLE ONLY public.django_admin_log
    ADD CONSTRAINT django_admin_log_content_type_id_c4bce8eb_fk_django_co FOREIGN KEY (content_type_id) REFERENCES public.django_content_type(id) DEFERRABLE INITIALLY DEFERRED;


--
-- Name: django_admin_log django_admin_log_user_id_c564eba6_fk_auth_user_id; Type: FK CONSTRAINT; Schema: public; Owner: postgres
--

ALTER TABLE ONLY public.django_admin_log
    ADD CONSTRAINT django_admin_log_user_id_c564eba6_fk_auth_user_id FOREIGN KEY (user_id) REFERENCES public.auth_user(id) DEFERRABLE INITIALLY DEFERRED;


--
-- PostgreSQL database dump complete
--

